use document_management;

#
# TABLE DATA FOR: case_files_catalog
#

-- Отключаем проверку на внешние ключи
SET foreign_key_checks = 0;

truncate `case_files_catalog`;

INSERT INTO `case_files_catalog` (`id`, `name`, `year_of_case_files`, `index_of_case_files`, `company_id`, `retention_period`, `created_at`, `updated_at`) VALUES ('1', 'Facilis laborum et.', 2017, '89999-0869', '9', 98, '1988-04-05 23:31:07', '1975-02-25 12:30:30');
INSERT INTO `case_files_catalog` (`id`, `name`, `year_of_case_files`, `index_of_case_files`, `company_id`, `retention_period`, `created_at`, `updated_at`) VALUES ('2', 'Esse debitis aut.', 2022, '67868', '3', 89, '1970-01-21 08:26:43', '1982-04-09 16:40:14');
INSERT INTO `case_files_catalog` (`id`, `name`, `year_of_case_files`, `index_of_case_files`, `company_id`, `retention_period`, `created_at`, `updated_at`) VALUES ('3', 'Natus quaerat qui quibusdam.', 2019, '03728-8111', '6', 1, '2007-01-28 11:41:25', '2013-06-30 01:22:30');
INSERT INTO `case_files_catalog` (`id`, `name`, `year_of_case_files`, `index_of_case_files`, `company_id`, `retention_period`, `created_at`, `updated_at`) VALUES ('4', 'Incidunt laboriosam sit.', 2023, '20019-0289', '1', 73, '1976-10-11 10:25:42', '1994-06-15 20:31:23');
INSERT INTO `case_files_catalog` (`id`, `name`, `year_of_case_files`, `index_of_case_files`, `company_id`, `retention_period`, `created_at`, `updated_at`) VALUES ('5', 'Soluta inventore nemo nam alias.', 2006, '76835-3050', '6', 87, '1984-08-09 13:10:55', '1995-03-28 16:44:43');
INSERT INTO `case_files_catalog` (`id`, `name`, `year_of_case_files`, `index_of_case_files`, `company_id`, `retention_period`, `created_at`, `updated_at`) VALUES ('6', 'Et dolores.', 2016, '99181-2588', '3', 20, '1990-03-18 12:56:56', '1988-11-14 16:48:13');
INSERT INTO `case_files_catalog` (`id`, `name`, `year_of_case_files`, `index_of_case_files`, `company_id`, `retention_period`, `created_at`, `updated_at`) VALUES ('7', 'Eius ut corporis.', 2012, '78826-8053', '9', 44, '2008-11-08 15:44:04', '2019-12-01 15:35:16');
INSERT INTO `case_files_catalog` (`id`, `name`, `year_of_case_files`, `index_of_case_files`, `company_id`, `retention_period`, `created_at`, `updated_at`) VALUES ('8', 'Dolorem esse velit omnis corrupti.', 2023, '56899-0758', '6', 45, '2002-11-24 12:28:38', '1984-06-25 05:33:47');
INSERT INTO `case_files_catalog` (`id`, `name`, `year_of_case_files`, `index_of_case_files`, `company_id`, `retention_period`, `created_at`, `updated_at`) VALUES ('9', 'Exercitationem sit ut.', 2000, '58019', '1', 29, '1998-01-20 02:43:26', '1970-02-10 05:31:45');
INSERT INTO `case_files_catalog` (`id`, `name`, `year_of_case_files`, `index_of_case_files`, `company_id`, `retention_period`, `created_at`, `updated_at`) VALUES ('10', 'Atque nemo vero.', 2008, '84187', '10', 25, '1982-02-14 00:01:59', '2001-01-24 21:31:55');
INSERT INTO `case_files_catalog` (`id`, `name`, `year_of_case_files`, `index_of_case_files`, `company_id`, `retention_period`, `created_at`, `updated_at`) VALUES ('11', 'Hic sunt sit eum.', 2004, '43888', '4', 26, '1996-01-16 23:29:05', '2020-04-22 11:43:52');
INSERT INTO `case_files_catalog` (`id`, `name`, `year_of_case_files`, `index_of_case_files`, `company_id`, `retention_period`, `created_at`, `updated_at`) VALUES ('12', 'Aut ab dolores nam.', 2007, '11177', '1', 59, '2011-08-19 13:43:53', '1992-05-04 00:17:00');
INSERT INTO `case_files_catalog` (`id`, `name`, `year_of_case_files`, `index_of_case_files`, `company_id`, `retention_period`, `created_at`, `updated_at`) VALUES ('13', 'Sint laboriosam tempora.', 2012, '35298', '2', 78, '1983-09-04 09:59:04', '2013-12-14 03:24:13');
INSERT INTO `case_files_catalog` (`id`, `name`, `year_of_case_files`, `index_of_case_files`, `company_id`, `retention_period`, `created_at`, `updated_at`) VALUES ('14', 'Aut et accusantium repellendus.', 2001, '89398-5173', '4', 94, '2018-03-16 20:46:15', '1991-10-06 19:59:37');
INSERT INTO `case_files_catalog` (`id`, `name`, `year_of_case_files`, `index_of_case_files`, `company_id`, `retention_period`, `created_at`, `updated_at`) VALUES ('15', 'Et rem enim quia.', 2004, '98689', '5', 18, '1986-07-28 13:39:31', '1978-10-16 03:24:40');
INSERT INTO `case_files_catalog` (`id`, `name`, `year_of_case_files`, `index_of_case_files`, `company_id`, `retention_period`, `created_at`, `updated_at`) VALUES ('16', 'Quos suscipit optio consequatur.', 2025, '06147', '4', 3, '2018-09-15 21:52:12', '1987-11-17 15:35:49');
INSERT INTO `case_files_catalog` (`id`, `name`, `year_of_case_files`, `index_of_case_files`, `company_id`, `retention_period`, `created_at`, `updated_at`) VALUES ('17', 'Aut non delectus.', 2014, '48069', '3', 98, '2008-05-17 23:49:03', '1975-04-20 12:59:50');
INSERT INTO `case_files_catalog` (`id`, `name`, `year_of_case_files`, `index_of_case_files`, `company_id`, `retention_period`, `created_at`, `updated_at`) VALUES ('18', 'Eveniet harum laborum aut.', 2008, '44525', '5', 53, '1996-05-08 23:09:34', '1989-10-18 19:58:36');
INSERT INTO `case_files_catalog` (`id`, `name`, `year_of_case_files`, `index_of_case_files`, `company_id`, `retention_period`, `created_at`, `updated_at`) VALUES ('19', 'Eos aut odio rem.', 2025, '73469', '9', 37, '2007-02-16 11:19:07', '2013-12-24 19:06:50');
INSERT INTO `case_files_catalog` (`id`, `name`, `year_of_case_files`, `index_of_case_files`, `company_id`, `retention_period`, `created_at`, `updated_at`) VALUES ('20', 'Est consequatur odit qui.', 2017, '37490', '5', 3, '1973-05-23 21:26:17', '2010-06-09 09:47:16');
INSERT INTO `case_files_catalog` (`id`, `name`, `year_of_case_files`, `index_of_case_files`, `company_id`, `retention_period`, `created_at`, `updated_at`) VALUES ('21', 'Rerum consectetur sunt.', 2010, '93079', '1', 86, '1977-04-14 10:23:00', '2017-10-11 04:05:04');
INSERT INTO `case_files_catalog` (`id`, `name`, `year_of_case_files`, `index_of_case_files`, `company_id`, `retention_period`, `created_at`, `updated_at`) VALUES ('22', 'Velit tempora sapiente deserunt.', 2020, '30060', '1', 76, '2011-06-01 14:43:04', '1970-05-14 01:00:57');
INSERT INTO `case_files_catalog` (`id`, `name`, `year_of_case_files`, `index_of_case_files`, `company_id`, `retention_period`, `created_at`, `updated_at`) VALUES ('23', 'Nam sit vel.', 2018, '14061', '5', 30, '1984-07-26 11:40:48', '2017-12-01 05:01:46');
INSERT INTO `case_files_catalog` (`id`, `name`, `year_of_case_files`, `index_of_case_files`, `company_id`, `retention_period`, `created_at`, `updated_at`) VALUES ('24', 'Quidem laboriosam.', 2007, '77490', '5', 5, '1996-02-01 10:28:28', '1979-07-07 00:55:42');
INSERT INTO `case_files_catalog` (`id`, `name`, `year_of_case_files`, `index_of_case_files`, `company_id`, `retention_period`, `created_at`, `updated_at`) VALUES ('25', 'Ut voluptatibus beatae.', 2017, '68425-5709', '2', 15, '2002-05-04 02:31:26', '2013-02-20 09:44:44');
INSERT INTO `case_files_catalog` (`id`, `name`, `year_of_case_files`, `index_of_case_files`, `company_id`, `retention_period`, `created_at`, `updated_at`) VALUES ('26', 'Voluptatibus ea architecto perferendis.', 2014, '39011-3917', '7', 20, '1999-08-08 01:45:26', '2012-01-18 08:59:11');
INSERT INTO `case_files_catalog` (`id`, `name`, `year_of_case_files`, `index_of_case_files`, `company_id`, `retention_period`, `created_at`, `updated_at`) VALUES ('27', 'Minima recusandae non.', 2014, '86226', '10', 36, '1982-07-30 11:20:47', '1971-05-28 04:43:50');
INSERT INTO `case_files_catalog` (`id`, `name`, `year_of_case_files`, `index_of_case_files`, `company_id`, `retention_period`, `created_at`, `updated_at`) VALUES ('28', 'Sit reiciendis.', 2018, '35882-9633', '9', 65, '1985-02-10 20:56:12', '1998-05-30 05:19:00');
INSERT INTO `case_files_catalog` (`id`, `name`, `year_of_case_files`, `index_of_case_files`, `company_id`, `retention_period`, `created_at`, `updated_at`) VALUES ('29', 'Veritatis molestiae odit possimus.', 2021, '65436-4839', '5', 60, '2018-09-05 09:39:41', '1994-04-20 14:26:41');
INSERT INTO `case_files_catalog` (`id`, `name`, `year_of_case_files`, `index_of_case_files`, `company_id`, `retention_period`, `created_at`, `updated_at`) VALUES ('30', 'Non deserunt consectetur.', 2007, '05382-6865', '10', 32, '1985-02-09 19:58:55', '2005-03-29 17:12:00');
INSERT INTO `case_files_catalog` (`id`, `name`, `year_of_case_files`, `index_of_case_files`, `company_id`, `retention_period`, `created_at`, `updated_at`) VALUES ('31', 'Sunt et excepturi.', 2021, '40605-9505', '6', 12, '2018-11-17 08:18:19', '1987-01-30 06:38:34');
INSERT INTO `case_files_catalog` (`id`, `name`, `year_of_case_files`, `index_of_case_files`, `company_id`, `retention_period`, `created_at`, `updated_at`) VALUES ('32', 'Eum aut assumenda culpa eum.', 2018, '92977-6639', '4', 98, '2009-02-20 21:06:14', '1970-12-22 00:57:47');
INSERT INTO `case_files_catalog` (`id`, `name`, `year_of_case_files`, `index_of_case_files`, `company_id`, `retention_period`, `created_at`, `updated_at`) VALUES ('33', 'Aperiam voluptas atque.', 2017, '98591-3278', '3', 34, '1991-02-06 19:51:52', '2018-01-22 17:00:09');
INSERT INTO `case_files_catalog` (`id`, `name`, `year_of_case_files`, `index_of_case_files`, `company_id`, `retention_period`, `created_at`, `updated_at`) VALUES ('34', 'Iusto ipsa officia.', 2024, '61288', '2', 12, '2007-02-27 14:01:16', '2006-10-15 07:15:18');
INSERT INTO `case_files_catalog` (`id`, `name`, `year_of_case_files`, `index_of_case_files`, `company_id`, `retention_period`, `created_at`, `updated_at`) VALUES ('35', 'Dolores explicabo.', 2022, '05760', '4', 14, '2015-04-21 11:24:54', '1990-11-19 23:04:16');
INSERT INTO `case_files_catalog` (`id`, `name`, `year_of_case_files`, `index_of_case_files`, `company_id`, `retention_period`, `created_at`, `updated_at`) VALUES ('36', 'Dolor praesentium est.', 2023, '01752-7002', '9', 100, '2019-01-14 07:26:19', '1994-12-24 18:33:02');
INSERT INTO `case_files_catalog` (`id`, `name`, `year_of_case_files`, `index_of_case_files`, `company_id`, `retention_period`, `created_at`, `updated_at`) VALUES ('37', 'Maxime ab modi.', 2012, '92421', '4', 20, '2019-04-30 14:46:17', '2003-04-27 05:06:26');
INSERT INTO `case_files_catalog` (`id`, `name`, `year_of_case_files`, `index_of_case_files`, `company_id`, `retention_period`, `created_at`, `updated_at`) VALUES ('38', 'In sit vero dicta.', 2024, '49659-7831', '3', 61, '2008-01-06 08:38:06', '1995-06-29 02:05:51');
INSERT INTO `case_files_catalog` (`id`, `name`, `year_of_case_files`, `index_of_case_files`, `company_id`, `retention_period`, `created_at`, `updated_at`) VALUES ('39', 'Et quos aut.', 2002, '56842-3836', '5', 98, '2015-01-03 02:14:06', '1972-06-17 14:21:13');
INSERT INTO `case_files_catalog` (`id`, `name`, `year_of_case_files`, `index_of_case_files`, `company_id`, `retention_period`, `created_at`, `updated_at`) VALUES ('40', 'Rerum ipsa et commodi.', 2016, '37159-6004', '5', 94, '1983-05-21 12:04:32', '1999-04-30 06:35:20');
INSERT INTO `case_files_catalog` (`id`, `name`, `year_of_case_files`, `index_of_case_files`, `company_id`, `retention_period`, `created_at`, `updated_at`) VALUES ('41', 'Sed et quas perspiciatis.', 2007, '89308-3122', '2', 4, '1985-08-24 15:07:20', '1992-03-26 05:32:52');
INSERT INTO `case_files_catalog` (`id`, `name`, `year_of_case_files`, `index_of_case_files`, `company_id`, `retention_period`, `created_at`, `updated_at`) VALUES ('42', 'Non consequatur id.', 2025, '58662', '8', 13, '1981-01-22 22:57:24', '1991-11-29 10:29:47');
INSERT INTO `case_files_catalog` (`id`, `name`, `year_of_case_files`, `index_of_case_files`, `company_id`, `retention_period`, `created_at`, `updated_at`) VALUES ('43', 'Veniam odit delectus voluptas.', 2003, '98359-8931', '5', 15, '2016-08-27 07:32:45', '2000-10-24 03:58:14');
INSERT INTO `case_files_catalog` (`id`, `name`, `year_of_case_files`, `index_of_case_files`, `company_id`, `retention_period`, `created_at`, `updated_at`) VALUES ('44', 'Iure non fuga.', 2013, '51973-8338', '4', 83, '2011-09-24 08:13:31', '1979-08-25 03:06:49');
INSERT INTO `case_files_catalog` (`id`, `name`, `year_of_case_files`, `index_of_case_files`, `company_id`, `retention_period`, `created_at`, `updated_at`) VALUES ('45', 'Enim vel non.', 2016, '16719', '2', 24, '1985-07-22 20:37:06', '2003-01-15 13:24:55');
INSERT INTO `case_files_catalog` (`id`, `name`, `year_of_case_files`, `index_of_case_files`, `company_id`, `retention_period`, `created_at`, `updated_at`) VALUES ('46', 'Voluptas sed.', 2004, '77918', '10', 7, '1991-07-27 04:46:57', '1993-10-03 01:38:29');
INSERT INTO `case_files_catalog` (`id`, `name`, `year_of_case_files`, `index_of_case_files`, `company_id`, `retention_period`, `created_at`, `updated_at`) VALUES ('47', 'Facilis aliquam.', 2014, '17496-4225', '7', 1, '1991-11-12 12:33:41', '1995-06-28 06:43:15');
INSERT INTO `case_files_catalog` (`id`, `name`, `year_of_case_files`, `index_of_case_files`, `company_id`, `retention_period`, `created_at`, `updated_at`) VALUES ('48', 'Officia enim atque.', 2008, '01382', '4', 4, '2017-09-15 18:43:41', '1984-08-06 04:21:43');
INSERT INTO `case_files_catalog` (`id`, `name`, `year_of_case_files`, `index_of_case_files`, `company_id`, `retention_period`, `created_at`, `updated_at`) VALUES ('49', 'Recusandae eveniet cupiditate.', 2013, '11519', '5', 32, '1989-11-28 16:33:06', '2003-02-13 22:11:15');
INSERT INTO `case_files_catalog` (`id`, `name`, `year_of_case_files`, `index_of_case_files`, `company_id`, `retention_period`, `created_at`, `updated_at`) VALUES ('50', 'Et est et.', 2005, '44418-5936', '6', 54, '2003-12-26 12:42:41', '1993-09-21 04:12:33');
INSERT INTO `case_files_catalog` (`id`, `name`, `year_of_case_files`, `index_of_case_files`, `company_id`, `retention_period`, `created_at`, `updated_at`) VALUES ('51', 'Dolorem odio ea.', 2021, '01755', '9', 15, '1971-05-06 20:36:39', '2007-06-08 21:54:26');
INSERT INTO `case_files_catalog` (`id`, `name`, `year_of_case_files`, `index_of_case_files`, `company_id`, `retention_period`, `created_at`, `updated_at`) VALUES ('52', 'Ut dolore doloremque eos vel.', 2000, '59433-7183', '6', 37, '2018-02-22 09:30:52', '2012-06-07 16:49:46');
INSERT INTO `case_files_catalog` (`id`, `name`, `year_of_case_files`, `index_of_case_files`, `company_id`, `retention_period`, `created_at`, `updated_at`) VALUES ('53', 'Vero ut distinctio.', 2010, '26100', '6', 69, '2020-07-15 03:42:53', '1978-03-19 07:16:23');
INSERT INTO `case_files_catalog` (`id`, `name`, `year_of_case_files`, `index_of_case_files`, `company_id`, `retention_period`, `created_at`, `updated_at`) VALUES ('54', 'Aliquid repudiandae dolorem et.', 2016, '84143-0830', '4', 18, '1991-07-26 05:58:40', '1975-03-08 12:02:53');
INSERT INTO `case_files_catalog` (`id`, `name`, `year_of_case_files`, `index_of_case_files`, `company_id`, `retention_period`, `created_at`, `updated_at`) VALUES ('55', 'Rerum dolor sint aut.', 2024, '94747', '10', 77, '1983-08-17 17:17:48', '1993-09-08 02:08:28');
INSERT INTO `case_files_catalog` (`id`, `name`, `year_of_case_files`, `index_of_case_files`, `company_id`, `retention_period`, `created_at`, `updated_at`) VALUES ('56', 'Odit quia voluptatibus sed.', 2019, '45168-1663', '8', 38, '1997-07-14 09:00:30', '1992-06-15 00:55:02');
INSERT INTO `case_files_catalog` (`id`, `name`, `year_of_case_files`, `index_of_case_files`, `company_id`, `retention_period`, `created_at`, `updated_at`) VALUES ('57', 'Libero consequatur est.', 2020, '17837', '10', 54, '2007-09-05 07:21:19', '2016-09-15 23:42:46');
INSERT INTO `case_files_catalog` (`id`, `name`, `year_of_case_files`, `index_of_case_files`, `company_id`, `retention_period`, `created_at`, `updated_at`) VALUES ('58', 'Delectus nesciunt error.', 2000, '56219', '9', 6, '2016-05-18 00:05:53', '2007-07-18 15:49:51');
INSERT INTO `case_files_catalog` (`id`, `name`, `year_of_case_files`, `index_of_case_files`, `company_id`, `retention_period`, `created_at`, `updated_at`) VALUES ('59', 'Ullam nihil molestiae architecto.', 2012, '92988', '6', 96, '1995-06-04 10:59:33', '1981-05-11 02:06:54');
INSERT INTO `case_files_catalog` (`id`, `name`, `year_of_case_files`, `index_of_case_files`, `company_id`, `retention_period`, `created_at`, `updated_at`) VALUES ('60', 'Vitae quia temporibus mollitia.', 2012, '62065', '5', 56, '1978-07-08 21:02:42', '2020-07-02 03:28:47');
INSERT INTO `case_files_catalog` (`id`, `name`, `year_of_case_files`, `index_of_case_files`, `company_id`, `retention_period`, `created_at`, `updated_at`) VALUES ('61', 'Perspiciatis qui labore.', 2024, '53450', '9', 13, '1970-07-13 06:33:44', '1999-04-05 23:56:48');
INSERT INTO `case_files_catalog` (`id`, `name`, `year_of_case_files`, `index_of_case_files`, `company_id`, `retention_period`, `created_at`, `updated_at`) VALUES ('62', 'Blanditiis sequi maxime.', 2020, '31310', '2', 45, '1971-01-14 04:28:19', '1995-02-05 14:23:21');
INSERT INTO `case_files_catalog` (`id`, `name`, `year_of_case_files`, `index_of_case_files`, `company_id`, `retention_period`, `created_at`, `updated_at`) VALUES ('63', 'Inventore illum quia adipisci.', 2023, '29914-7426', '8', 56, '1979-12-10 05:37:50', '1977-01-17 20:33:59');
INSERT INTO `case_files_catalog` (`id`, `name`, `year_of_case_files`, `index_of_case_files`, `company_id`, `retention_period`, `created_at`, `updated_at`) VALUES ('64', 'Eos consequatur quis.', 2012, '26610', '2', 26, '1999-08-16 22:45:15', '1980-02-16 23:09:49');
INSERT INTO `case_files_catalog` (`id`, `name`, `year_of_case_files`, `index_of_case_files`, `company_id`, `retention_period`, `created_at`, `updated_at`) VALUES ('65', 'Voluptas quibusdam quibusdam.', 2012, '10106', '3', 30, '1985-07-04 17:09:07', '1990-06-01 16:10:16');
INSERT INTO `case_files_catalog` (`id`, `name`, `year_of_case_files`, `index_of_case_files`, `company_id`, `retention_period`, `created_at`, `updated_at`) VALUES ('66', 'Accusamus quaerat qui.', 2009, '27280-0478', '1', 65, '1976-12-09 14:28:32', '1983-10-10 15:16:09');
INSERT INTO `case_files_catalog` (`id`, `name`, `year_of_case_files`, `index_of_case_files`, `company_id`, `retention_period`, `created_at`, `updated_at`) VALUES ('67', 'Suscipit minima tempore omnis.', 2023, '88452-7901', '1', 23, '1970-08-12 23:55:20', '1990-04-03 10:38:11');
INSERT INTO `case_files_catalog` (`id`, `name`, `year_of_case_files`, `index_of_case_files`, `company_id`, `retention_period`, `created_at`, `updated_at`) VALUES ('68', 'Et consequuntur earum dolorem.', 2015, '92414', '7', 10, '1993-06-07 13:57:15', '1980-09-01 01:45:22');
INSERT INTO `case_files_catalog` (`id`, `name`, `year_of_case_files`, `index_of_case_files`, `company_id`, `retention_period`, `created_at`, `updated_at`) VALUES ('69', 'Et occaecati et.', 2016, '86003', '3', 33, '1986-09-15 17:14:33', '2003-06-17 09:43:25');
INSERT INTO `case_files_catalog` (`id`, `name`, `year_of_case_files`, `index_of_case_files`, `company_id`, `retention_period`, `created_at`, `updated_at`) VALUES ('70', 'Voluptatem et harum.', 2016, '09149', '5', 14, '2009-08-14 18:03:17', '1991-11-23 23:18:33');
INSERT INTO `case_files_catalog` (`id`, `name`, `year_of_case_files`, `index_of_case_files`, `company_id`, `retention_period`, `created_at`, `updated_at`) VALUES ('71', 'Aliquid dolore nulla non.', 2003, '49831', '2', 87, '2015-09-29 06:51:47', '1996-12-08 08:33:16');
INSERT INTO `case_files_catalog` (`id`, `name`, `year_of_case_files`, `index_of_case_files`, `company_id`, `retention_period`, `created_at`, `updated_at`) VALUES ('72', 'Blanditiis dolores eum.', 2016, '03475', '5', 11, '2011-01-28 06:10:20', '1981-07-02 10:34:50');
INSERT INTO `case_files_catalog` (`id`, `name`, `year_of_case_files`, `index_of_case_files`, `company_id`, `retention_period`, `created_at`, `updated_at`) VALUES ('73', 'Nisi itaque excepturi.', 2007, '56374-1008', '3', 65, '1971-02-27 19:13:12', '2003-01-11 09:33:19');
INSERT INTO `case_files_catalog` (`id`, `name`, `year_of_case_files`, `index_of_case_files`, `company_id`, `retention_period`, `created_at`, `updated_at`) VALUES ('74', 'Quae similique ipsum unde.', 2005, '68966-9582', '7', 59, '1972-04-28 13:23:34', '1977-10-28 13:21:28');
INSERT INTO `case_files_catalog` (`id`, `name`, `year_of_case_files`, `index_of_case_files`, `company_id`, `retention_period`, `created_at`, `updated_at`) VALUES ('75', 'Consequatur et.', 2019, '62330-5799', '9', 54, '2003-03-16 17:05:55', '1980-09-22 03:55:58');
INSERT INTO `case_files_catalog` (`id`, `name`, `year_of_case_files`, `index_of_case_files`, `company_id`, `retention_period`, `created_at`, `updated_at`) VALUES ('76', 'Maiores nesciunt non.', 2011, '37809-8589', '4', 61, '2000-03-26 21:20:45', '1997-05-03 11:32:54');
INSERT INTO `case_files_catalog` (`id`, `name`, `year_of_case_files`, `index_of_case_files`, `company_id`, `retention_period`, `created_at`, `updated_at`) VALUES ('77', 'Voluptatem consectetur sed vel.', 2003, '10429-7432', '7', 82, '1990-07-12 00:09:38', '1986-02-22 02:38:01');
INSERT INTO `case_files_catalog` (`id`, `name`, `year_of_case_files`, `index_of_case_files`, `company_id`, `retention_period`, `created_at`, `updated_at`) VALUES ('78', 'Qui sit ullam voluptatem.', 2023, '29088-8576', '6', 91, '2010-07-10 22:45:24', '1997-12-20 12:37:37');
INSERT INTO `case_files_catalog` (`id`, `name`, `year_of_case_files`, `index_of_case_files`, `company_id`, `retention_period`, `created_at`, `updated_at`) VALUES ('79', 'Voluptatem iste totam vitae atque.', 2015, '17226', '8', 35, '2004-08-13 12:30:23', '2017-01-10 08:45:57');
INSERT INTO `case_files_catalog` (`id`, `name`, `year_of_case_files`, `index_of_case_files`, `company_id`, `retention_period`, `created_at`, `updated_at`) VALUES ('80', 'Nam voluptatem quos ex.', 2003, '31749-1936', '1', 38, '1998-12-16 14:02:13', '1973-06-26 16:35:16');
INSERT INTO `case_files_catalog` (`id`, `name`, `year_of_case_files`, `index_of_case_files`, `company_id`, `retention_period`, `created_at`, `updated_at`) VALUES ('81', 'Magni ratione explicabo.', 2002, '57457-4890', '1', 5, '1994-03-09 13:14:59', '2018-11-24 13:57:00');
INSERT INTO `case_files_catalog` (`id`, `name`, `year_of_case_files`, `index_of_case_files`, `company_id`, `retention_period`, `created_at`, `updated_at`) VALUES ('82', 'Corrupti aut magni.', 2013, '23600-0285', '7', 89, '2013-03-15 08:11:34', '1998-02-14 03:13:28');
INSERT INTO `case_files_catalog` (`id`, `name`, `year_of_case_files`, `index_of_case_files`, `company_id`, `retention_period`, `created_at`, `updated_at`) VALUES ('83', 'Veritatis asperiores quos culpa.', 2013, '62043-6628', '7', 93, '1992-10-30 19:43:05', '1984-12-12 02:39:38');
INSERT INTO `case_files_catalog` (`id`, `name`, `year_of_case_files`, `index_of_case_files`, `company_id`, `retention_period`, `created_at`, `updated_at`) VALUES ('84', 'Hic est tenetur consequatur.', 2023, '68851-0798', '7', 99, '1986-03-23 00:21:10', '2011-05-13 04:45:37');
INSERT INTO `case_files_catalog` (`id`, `name`, `year_of_case_files`, `index_of_case_files`, `company_id`, `retention_period`, `created_at`, `updated_at`) VALUES ('85', 'Consequuntur voluptatem.', 2020, '97005-0587', '10', 63, '2009-06-10 20:50:00', '1974-02-19 13:03:21');
INSERT INTO `case_files_catalog` (`id`, `name`, `year_of_case_files`, `index_of_case_files`, `company_id`, `retention_period`, `created_at`, `updated_at`) VALUES ('86', 'Quo non omnis.', 2009, '62590', '6', 22, '1996-12-14 22:00:28', '1998-09-01 07:39:07');
INSERT INTO `case_files_catalog` (`id`, `name`, `year_of_case_files`, `index_of_case_files`, `company_id`, `retention_period`, `created_at`, `updated_at`) VALUES ('87', 'Autem fugiat rerum quia.', 2007, '33372', '4', 74, '2003-12-29 20:29:41', '2004-07-01 02:58:05');
INSERT INTO `case_files_catalog` (`id`, `name`, `year_of_case_files`, `index_of_case_files`, `company_id`, `retention_period`, `created_at`, `updated_at`) VALUES ('88', 'Nulla quos qui ducimus eos.', 2014, '52879-1697', '10', 73, '1991-02-12 18:57:35', '2003-04-13 04:46:29');
INSERT INTO `case_files_catalog` (`id`, `name`, `year_of_case_files`, `index_of_case_files`, `company_id`, `retention_period`, `created_at`, `updated_at`) VALUES ('89', 'Sapiente et architecto et.', 2009, '90980-7923', '5', 82, '1993-02-22 17:18:36', '2016-03-15 03:53:26');
INSERT INTO `case_files_catalog` (`id`, `name`, `year_of_case_files`, `index_of_case_files`, `company_id`, `retention_period`, `created_at`, `updated_at`) VALUES ('90', 'Quisquam nam beatae.', 2010, '14942-9002', '10', 65, '1994-12-27 10:42:26', '2005-04-24 08:49:53');
INSERT INTO `case_files_catalog` (`id`, `name`, `year_of_case_files`, `index_of_case_files`, `company_id`, `retention_period`, `created_at`, `updated_at`) VALUES ('91', 'Aspernatur omnis qui.', 2025, '04164-1410', '4', 97, '1975-04-21 14:49:05', '1978-02-11 22:47:56');
INSERT INTO `case_files_catalog` (`id`, `name`, `year_of_case_files`, `index_of_case_files`, `company_id`, `retention_period`, `created_at`, `updated_at`) VALUES ('92', 'Reiciendis sit ut tempore.', 2000, '09786', '4', 20, '2000-10-22 06:32:22', '1982-08-21 19:19:36');
INSERT INTO `case_files_catalog` (`id`, `name`, `year_of_case_files`, `index_of_case_files`, `company_id`, `retention_period`, `created_at`, `updated_at`) VALUES ('93', 'Officia quasi.', 2017, '72174', '1', 38, '2001-03-09 20:19:02', '1982-03-22 19:39:03');
INSERT INTO `case_files_catalog` (`id`, `name`, `year_of_case_files`, `index_of_case_files`, `company_id`, `retention_period`, `created_at`, `updated_at`) VALUES ('94', 'Blanditiis atque impedit voluptas.', 2024, '24765', '1', 47, '1972-05-15 20:42:04', '1989-06-27 02:10:01');
INSERT INTO `case_files_catalog` (`id`, `name`, `year_of_case_files`, `index_of_case_files`, `company_id`, `retention_period`, `created_at`, `updated_at`) VALUES ('95', 'Tempora nulla mollitia.', 2024, '87834', '5', 69, '1972-01-28 23:24:12', '1997-01-17 19:11:51');
INSERT INTO `case_files_catalog` (`id`, `name`, `year_of_case_files`, `index_of_case_files`, `company_id`, `retention_period`, `created_at`, `updated_at`) VALUES ('96', 'Cum est maxime corporis.', 2011, '78041', '4', 59, '1993-03-25 09:39:32', '1996-11-16 13:49:07');
INSERT INTO `case_files_catalog` (`id`, `name`, `year_of_case_files`, `index_of_case_files`, `company_id`, `retention_period`, `created_at`, `updated_at`) VALUES ('97', 'Id aperiam sint.', 2013, '79249', '2', 8, '2020-07-06 10:26:09', '1994-07-29 14:42:28');
INSERT INTO `case_files_catalog` (`id`, `name`, `year_of_case_files`, `index_of_case_files`, `company_id`, `retention_period`, `created_at`, `updated_at`) VALUES ('98', 'Aut eaque id.', 2014, '08937', '5', 13, '1977-10-19 05:39:42', '1970-04-25 10:30:02');
INSERT INTO `case_files_catalog` (`id`, `name`, `year_of_case_files`, `index_of_case_files`, `company_id`, `retention_period`, `created_at`, `updated_at`) VALUES ('99', 'In voluptatem.', 2020, '04422', '1', 30, '1996-06-16 11:59:16', '1995-01-25 20:56:32');
INSERT INTO `case_files_catalog` (`id`, `name`, `year_of_case_files`, `index_of_case_files`, `company_id`, `retention_period`, `created_at`, `updated_at`) VALUES ('100', 'Aut quibusdam et impedit.', 2010, '88837-0345', '5', 74, '2003-10-18 21:42:16', '2018-01-06 12:54:28');


#
# TABLE DATA FOR: companies
#

truncate `companies`;

INSERT INTO `companies` (`id`, `name`, `email`, `phone`, `tin`, `created_at`, `updated_at`) VALUES ('1', 'Quas adipisci dolorum.', 'mohammad.schowalter@example.org', '498522039', 39242, '1980-10-02 08:50:08', '1989-11-22 12:55:35');
INSERT INTO `companies` (`id`, `name`, `email`, `phone`, `tin`, `created_at`, `updated_at`) VALUES ('2', 'Tenetur dicta.', 'qpaucek@example.com', '1905043300', 41503, '1992-03-21 22:15:47', '2009-01-23 23:37:19');
INSERT INTO `companies` (`id`, `name`, `email`, `phone`, `tin`, `created_at`, `updated_at`) VALUES ('3', 'Ut voluptas reiciendis.', 'dprosacco@example.org', '3382036365', 30759, '2017-08-12 23:30:08', '1999-10-08 13:38:03');
INSERT INTO `companies` (`id`, `name`, `email`, `phone`, `tin`, `created_at`, `updated_at`) VALUES ('4', 'Corrupti sed numquam.', 'pauline.fisher@example.com', '2683173830', 33208, '1977-10-04 02:57:07', '1998-07-04 23:35:33');
INSERT INTO `companies` (`id`, `name`, `email`, `phone`, `tin`, `created_at`, `updated_at`) VALUES ('5', 'Soluta voluptas non.', 'mkoepp@example.net', '3485027931', 42343, '1995-08-31 06:45:20', '2002-06-10 14:52:26');
INSERT INTO `companies` (`id`, `name`, `email`, `phone`, `tin`, `created_at`, `updated_at`) VALUES ('6', 'Eos rerum placeat.', 'josue.gerlach@example.net', '151082663', 29451, '1995-09-17 20:19:03', '1974-10-02 00:29:29');
INSERT INTO `companies` (`id`, `name`, `email`, `phone`, `tin`, `created_at`, `updated_at`) VALUES ('7', 'Unde consequatur blanditiis.', 'victoria.howell@example.net', '783333802', 28527, '1978-08-10 08:05:40', '1972-10-06 14:58:43');
INSERT INTO `companies` (`id`, `name`, `email`, `phone`, `tin`, `created_at`, `updated_at`) VALUES ('8', 'Nihil animi.', 'lromaguera@example.com', '3464566088', 54511, '1973-10-22 21:08:50', '2015-07-17 07:31:03');
INSERT INTO `companies` (`id`, `name`, `email`, `phone`, `tin`, `created_at`, `updated_at`) VALUES ('9', 'Quisquam reiciendis unde.', 'ustark@example.com', '1416351812', 18895, '1987-01-30 21:00:03', '1984-05-21 21:55:23');
INSERT INTO `companies` (`id`, `name`, `email`, `phone`, `tin`, `created_at`, `updated_at`) VALUES ('10', 'Dolorum numquam beatae.', 'turner.bart@example.net', '2700621420', 24342, '2010-07-21 22:20:30', '1991-10-07 08:58:45');


#
# TABLE DATA FOR: counterparties
#

truncate `counterparties`;

INSERT INTO `counterparties` (`id`, `name`, `counterparty_type`, `tin`, `email`, `phone`, `created_at`, `updated_at`) VALUES ('1', 'Inventore et unde.', 'legal_entity', 13959, 'worn@example.org', '34669477179', '1978-07-13 21:33:27', '1970-05-10 20:32:00');
INSERT INTO `counterparties` (`id`, `name`, `counterparty_type`, `tin`, `email`, `phone`, `created_at`, `updated_at`) VALUES ('2', 'Doloremque adipisci.', 'individual', 17644, 'beryl61@example.com', '11875601495', '2008-07-08 13:40:30', '2010-11-25 00:53:38');
INSERT INTO `counterparties` (`id`, `name`, `counterparty_type`, `tin`, `email`, `phone`, `created_at`, `updated_at`) VALUES ('3', 'Omnis similique neque.', 'legal_entity', 28460, 'jaren.hudson@example.net', '8425853293', '1980-04-08 02:44:00', '2020-05-31 11:38:03');
INSERT INTO `counterparties` (`id`, `name`, `counterparty_type`, `tin`, `email`, `phone`, `created_at`, `updated_at`) VALUES ('4', 'Ea nemo delectus.', 'individual', 35450, 'omer.dickinson@example.com', '4436362629', '2019-03-30 16:42:40', '1975-01-05 15:52:06');
INSERT INTO `counterparties` (`id`, `name`, `counterparty_type`, `tin`, `email`, `phone`, `created_at`, `updated_at`) VALUES ('5', 'Minus a aspernatur.', 'legal_entity', 49734, 'maymie14@example.org', '26974902269', '1993-11-07 16:12:29', '2020-04-11 09:29:43');
INSERT INTO `counterparties` (`id`, `name`, `counterparty_type`, `tin`, `email`, `phone`, `created_at`, `updated_at`) VALUES ('6', 'Et nemo.', 'legal_entity', 43810, 'vincenzo.cummings@example.org', '20826877096', '2013-11-10 23:16:54', '2020-02-06 20:44:17');
INSERT INTO `counterparties` (`id`, `name`, `counterparty_type`, `tin`, `email`, `phone`, `created_at`, `updated_at`) VALUES ('7', 'Voluptatem fugit.', 'individual', 15496, 'cormier.zelma@example.org', '40163265250', '2020-02-26 16:41:20', '1974-02-07 06:52:51');
INSERT INTO `counterparties` (`id`, `name`, `counterparty_type`, `tin`, `email`, `phone`, `created_at`, `updated_at`) VALUES ('8', 'In vel.', 'legal_entity', 44939, 'onikolaus@example.net', '35285673643', '1989-12-28 20:37:30', '2017-10-29 11:41:48');
INSERT INTO `counterparties` (`id`, `name`, `counterparty_type`, `tin`, `email`, `phone`, `created_at`, `updated_at`) VALUES ('9', 'Molestiae dolor.', 'legal_entity', 35041, 'jenkins.orval@example.net', '35312356893', '1984-02-11 02:20:44', '2012-03-11 19:10:42');
INSERT INTO `counterparties` (`id`, `name`, `counterparty_type`, `tin`, `email`, `phone`, `created_at`, `updated_at`) VALUES ('10', 'Libero rerum.', 'individual', 30641, 'dickens.jonathon@example.com', '20541022464', '2010-05-11 06:16:30', '2001-09-15 15:02:33');
INSERT INTO `counterparties` (`id`, `name`, `counterparty_type`, `tin`, `email`, `phone`, `created_at`, `updated_at`) VALUES ('11', 'Dolor rerum nostrum.', 'legal_entity', 53078, 'lorenzo52@example.com', '4864215090', '1975-05-26 16:29:54', '1980-05-05 21:06:45');
INSERT INTO `counterparties` (`id`, `name`, `counterparty_type`, `tin`, `email`, `phone`, `created_at`, `updated_at`) VALUES ('12', 'Nam ipsa.', 'individual', 50267, 'hamill.isaiah@example.org', '42696497479', '1999-07-06 05:25:52', '1973-11-20 02:26:31');
INSERT INTO `counterparties` (`id`, `name`, `counterparty_type`, `tin`, `email`, `phone`, `created_at`, `updated_at`) VALUES ('13', 'Minima reprehenderit.', 'legal_entity', 44251, 'carol45@example.net', '18336174903', '2003-09-23 12:42:37', '2017-12-07 07:15:16');
INSERT INTO `counterparties` (`id`, `name`, `counterparty_type`, `tin`, `email`, `phone`, `created_at`, `updated_at`) VALUES ('14', 'Quo nam minima.', 'legal_entity', 20717, 'zschmidt@example.org', '28665793361', '1988-03-11 06:19:46', '1984-01-25 01:40:24');
INSERT INTO `counterparties` (`id`, `name`, `counterparty_type`, `tin`, `email`, `phone`, `created_at`, `updated_at`) VALUES ('15', 'Totam voluptas.', 'legal_entity', 34746, 'znader@example.net', '26070023959', '1978-02-02 13:26:21', '1991-10-27 05:05:13');
INSERT INTO `counterparties` (`id`, `name`, `counterparty_type`, `tin`, `email`, `phone`, `created_at`, `updated_at`) VALUES ('16', 'Illo quia distinctio.', 'individual', 13036, 'kaltenwerth@example.org', '43511617990', '1994-10-03 07:11:54', '2009-10-10 04:02:30');
INSERT INTO `counterparties` (`id`, `name`, `counterparty_type`, `tin`, `email`, `phone`, `created_at`, `updated_at`) VALUES ('17', 'Fugit consectetur consectetur.', 'individual', 42534, 'ltillman@example.net', '41209481551', '1976-11-10 04:57:17', '1998-11-11 16:50:52');
INSERT INTO `counterparties` (`id`, `name`, `counterparty_type`, `tin`, `email`, `phone`, `created_at`, `updated_at`) VALUES ('18', 'Sit voluptas.', 'legal_entity', 12848, 'hgulgowski@example.org', '18602239296', '1992-07-26 03:03:04', '1974-11-26 22:16:41');
INSERT INTO `counterparties` (`id`, `name`, `counterparty_type`, `tin`, `email`, `phone`, `created_at`, `updated_at`) VALUES ('19', 'Fugiat quam.', 'individual', 13315, 'name.kovacek@example.org', '15008630317', '2009-09-02 19:27:32', '2004-09-17 02:52:31');
INSERT INTO `counterparties` (`id`, `name`, `counterparty_type`, `tin`, `email`, `phone`, `created_at`, `updated_at`) VALUES ('20', 'Veniam corrupti velit.', 'individual', 44327, 'hreinger@example.org', '6480545543', '2011-02-12 19:59:36', '1993-08-12 01:22:31');
INSERT INTO `counterparties` (`id`, `name`, `counterparty_type`, `tin`, `email`, `phone`, `created_at`, `updated_at`) VALUES ('21', 'Et ad perspiciatis.', 'individual', 21427, 'erik67@example.com', '15668922679', '1976-11-24 02:52:44', '2002-05-13 04:41:04');
INSERT INTO `counterparties` (`id`, `name`, `counterparty_type`, `tin`, `email`, `phone`, `created_at`, `updated_at`) VALUES ('22', 'Ea provident.', 'individual', 49363, 'schowalter.donna@example.com', '16939705795', '2008-09-09 11:47:11', '1985-10-25 03:59:59');
INSERT INTO `counterparties` (`id`, `name`, `counterparty_type`, `tin`, `email`, `phone`, `created_at`, `updated_at`) VALUES ('23', 'Modi consequatur.', 'legal_entity', 44868, 'abe37@example.net', '483584003', '1973-09-25 23:06:01', '1987-03-18 16:46:40');
INSERT INTO `counterparties` (`id`, `name`, `counterparty_type`, `tin`, `email`, `phone`, `created_at`, `updated_at`) VALUES ('24', 'Qui esse.', 'individual', 13184, 'bayer.deanna@example.net', '5277115655', '1970-09-07 06:03:47', '1993-11-24 16:30:43');
INSERT INTO `counterparties` (`id`, `name`, `counterparty_type`, `tin`, `email`, `phone`, `created_at`, `updated_at`) VALUES ('25', 'Non dignissimos.', 'legal_entity', 25671, 'kenton.weber@example.com', '18629857361', '2002-09-03 21:23:41', '1974-07-01 02:06:12');
INSERT INTO `counterparties` (`id`, `name`, `counterparty_type`, `tin`, `email`, `phone`, `created_at`, `updated_at`) VALUES ('26', 'Non aut.', 'legal_entity', 36845, 'berge.adelia@example.net', '2936289814', '1997-03-16 05:38:14', '1975-12-24 01:25:16');
INSERT INTO `counterparties` (`id`, `name`, `counterparty_type`, `tin`, `email`, `phone`, `created_at`, `updated_at`) VALUES ('27', 'Non recusandae.', 'legal_entity', 43967, 'jluettgen@example.com', '8808650725', '2019-12-11 12:42:57', '1989-10-16 15:05:58');
INSERT INTO `counterparties` (`id`, `name`, `counterparty_type`, `tin`, `email`, `phone`, `created_at`, `updated_at`) VALUES ('28', 'Sit autem.', 'legal_entity', 23856, 'lucio75@example.org', '2287834015', '2006-07-11 15:16:34', '2014-06-14 06:19:31');
INSERT INTO `counterparties` (`id`, `name`, `counterparty_type`, `tin`, `email`, `phone`, `created_at`, `updated_at`) VALUES ('29', 'Voluptatibus ex.', 'individual', 26646, 'gcorkery@example.net', '24667856003', '1988-03-15 00:14:38', '1976-02-28 14:56:33');
INSERT INTO `counterparties` (`id`, `name`, `counterparty_type`, `tin`, `email`, `phone`, `created_at`, `updated_at`) VALUES ('30', 'Et doloribus aperiam.', 'legal_entity', 41442, 'tianna65@example.com', '36910839121', '2009-04-18 21:23:32', '2008-02-03 21:42:32');
INSERT INTO `counterparties` (`id`, `name`, `counterparty_type`, `tin`, `email`, `phone`, `created_at`, `updated_at`) VALUES ('31', 'Veritatis laudantium quia.', 'legal_entity', 14341, 'willow.jacobi@example.org', '36923202466', '2012-10-13 12:40:51', '1977-07-28 19:51:44');
INSERT INTO `counterparties` (`id`, `name`, `counterparty_type`, `tin`, `email`, `phone`, `created_at`, `updated_at`) VALUES ('32', 'Voluptatibus aut.', 'legal_entity', 34059, 'jadyn.bins@example.com', '31243533373', '2004-05-12 05:13:34', '2009-08-16 01:25:05');
INSERT INTO `counterparties` (`id`, `name`, `counterparty_type`, `tin`, `email`, `phone`, `created_at`, `updated_at`) VALUES ('33', 'Vel perferendis quia.', 'individual', 19152, 'diana45@example.net', '26272971371', '2009-10-15 02:02:24', '2001-01-15 13:45:37');
INSERT INTO `counterparties` (`id`, `name`, `counterparty_type`, `tin`, `email`, `phone`, `created_at`, `updated_at`) VALUES ('34', 'Aut eligendi.', 'legal_entity', 20952, 'keeling.addison@example.org', '1080344711', '2000-04-12 18:43:52', '2008-05-09 15:29:44');
INSERT INTO `counterparties` (`id`, `name`, `counterparty_type`, `tin`, `email`, `phone`, `created_at`, `updated_at`) VALUES ('35', 'Et alias.', 'legal_entity', 21621, 'pacocha.wendell@example.org', '1934803166', '1984-02-08 20:12:09', '2008-12-17 18:14:03');
INSERT INTO `counterparties` (`id`, `name`, `counterparty_type`, `tin`, `email`, `phone`, `created_at`, `updated_at`) VALUES ('36', 'Fugit natus.', 'individual', 24023, 'tillman.mitchel@example.com', '4197682292', '1976-03-13 11:28:05', '1999-01-12 04:30:58');
INSERT INTO `counterparties` (`id`, `name`, `counterparty_type`, `tin`, `email`, `phone`, `created_at`, `updated_at`) VALUES ('37', 'Adipisci amet.', 'legal_entity', 20603, 'arianna.mueller@example.net', '37215037564', '1994-05-05 17:39:04', '2007-04-14 08:16:14');
INSERT INTO `counterparties` (`id`, `name`, `counterparty_type`, `tin`, `email`, `phone`, `created_at`, `updated_at`) VALUES ('38', 'Blanditiis tenetur.', 'legal_entity', 44182, 'goyette.kirk@example.org', '9802539323', '1976-11-03 10:37:24', '1981-11-29 23:45:33');
INSERT INTO `counterparties` (`id`, `name`, `counterparty_type`, `tin`, `email`, `phone`, `created_at`, `updated_at`) VALUES ('39', 'Ut iusto rerum.', 'individual', 46382, 'raven.bruen@example.net', '37530101804', '2019-02-02 23:54:21', '1999-06-23 22:26:36');
INSERT INTO `counterparties` (`id`, `name`, `counterparty_type`, `tin`, `email`, `phone`, `created_at`, `updated_at`) VALUES ('40', 'Sit placeat numquam.', 'legal_entity', 44674, 'marilyne28@example.com', '18005773226', '1993-04-14 05:30:19', '1994-01-22 03:09:45');
INSERT INTO `counterparties` (`id`, `name`, `counterparty_type`, `tin`, `email`, `phone`, `created_at`, `updated_at`) VALUES ('41', 'Nobis labore minima.', 'legal_entity', 26143, 'padberg.carson@example.org', '19624301050', '1998-04-19 05:25:52', '1985-08-08 11:47:05');
INSERT INTO `counterparties` (`id`, `name`, `counterparty_type`, `tin`, `email`, `phone`, `created_at`, `updated_at`) VALUES ('42', 'Ut ducimus.', 'legal_entity', 26735, 'tberge@example.org', '34922427044', '1981-01-03 10:52:39', '2016-07-04 20:00:04');
INSERT INTO `counterparties` (`id`, `name`, `counterparty_type`, `tin`, `email`, `phone`, `created_at`, `updated_at`) VALUES ('43', 'Vel autem molestias.', 'individual', 48044, 'zflatley@example.org', '11312411330', '1970-12-10 06:17:39', '1979-03-24 22:57:52');
INSERT INTO `counterparties` (`id`, `name`, `counterparty_type`, `tin`, `email`, `phone`, `created_at`, `updated_at`) VALUES ('44', 'Nulla veniam.', 'individual', 12470, 'callie.emmerich@example.net', '24818509076', '1986-09-21 06:36:17', '2002-08-11 22:22:56');
INSERT INTO `counterparties` (`id`, `name`, `counterparty_type`, `tin`, `email`, `phone`, `created_at`, `updated_at`) VALUES ('45', 'Odio veniam.', 'individual', 43496, 'rhills@example.com', '14474172331', '1991-07-28 04:40:21', '1989-09-16 07:35:09');
INSERT INTO `counterparties` (`id`, `name`, `counterparty_type`, `tin`, `email`, `phone`, `created_at`, `updated_at`) VALUES ('46', 'Quibusdam rerum.', 'legal_entity', 34775, 'abbott.monroe@example.org', '11348524540', '1974-02-08 19:02:56', '1992-12-22 14:06:57');
INSERT INTO `counterparties` (`id`, `name`, `counterparty_type`, `tin`, `email`, `phone`, `created_at`, `updated_at`) VALUES ('47', 'Nisi fuga.', 'individual', 38626, 'mzulauf@example.net', '9403423234', '1987-03-30 22:42:12', '1987-02-21 16:03:45');
INSERT INTO `counterparties` (`id`, `name`, `counterparty_type`, `tin`, `email`, `phone`, `created_at`, `updated_at`) VALUES ('48', 'Deserunt aut.', 'individual', 47191, 'micaela.crooks@example.org', '9491089292', '1985-12-27 03:02:58', '1976-01-22 16:27:52');
INSERT INTO `counterparties` (`id`, `name`, `counterparty_type`, `tin`, `email`, `phone`, `created_at`, `updated_at`) VALUES ('49', 'Repudiandae cumque.', 'individual', 33558, 'domingo51@example.org', '17205374393', '2004-02-04 14:52:06', '1989-10-15 09:24:50');
INSERT INTO `counterparties` (`id`, `name`, `counterparty_type`, `tin`, `email`, `phone`, `created_at`, `updated_at`) VALUES ('50', 'Aut itaque qui.', 'legal_entity', 44028, 'frederick81@example.com', '25618904779', '2001-03-11 16:28:58', '1970-01-27 06:03:07');
INSERT INTO `counterparties` (`id`, `name`, `counterparty_type`, `tin`, `email`, `phone`, `created_at`, `updated_at`) VALUES ('51', 'Ut mollitia quod.', 'legal_entity', 47919, 'mschroeder@example.com', '14934616483', '1992-08-25 11:51:36', '1977-10-31 10:20:00');
INSERT INTO `counterparties` (`id`, `name`, `counterparty_type`, `tin`, `email`, `phone`, `created_at`, `updated_at`) VALUES ('52', 'Minus ut et.', 'individual', 18094, 'hettinger.daphne@example.com', '14062377533', '2004-02-29 21:26:52', '1982-10-17 14:12:34');
INSERT INTO `counterparties` (`id`, `name`, `counterparty_type`, `tin`, `email`, `phone`, `created_at`, `updated_at`) VALUES ('53', 'Ratione enim.', 'individual', 14648, 'ggoyette@example.net', '21385467340', '1998-04-03 10:06:59', '1984-06-30 14:34:29');
INSERT INTO `counterparties` (`id`, `name`, `counterparty_type`, `tin`, `email`, `phone`, `created_at`, `updated_at`) VALUES ('54', 'Cum expedita sed.', 'legal_entity', 14093, 'judah96@example.com', '28027591913', '1994-03-16 23:31:05', '2020-04-22 05:12:37');
INSERT INTO `counterparties` (`id`, `name`, `counterparty_type`, `tin`, `email`, `phone`, `created_at`, `updated_at`) VALUES ('55', 'Et nisi ducimus.', 'legal_entity', 23550, 'owunsch@example.net', '37214804437', '2002-08-01 22:46:00', '1984-12-02 19:01:32');
INSERT INTO `counterparties` (`id`, `name`, `counterparty_type`, `tin`, `email`, `phone`, `created_at`, `updated_at`) VALUES ('56', 'Dolor maxime error.', 'legal_entity', 39386, 'alessandro.schaefer@example.net', '26496414181', '1976-01-08 03:30:08', '2006-04-07 21:38:13');
INSERT INTO `counterparties` (`id`, `name`, `counterparty_type`, `tin`, `email`, `phone`, `created_at`, `updated_at`) VALUES ('57', 'Nihil optio.', 'legal_entity', 50466, 'felton.crooks@example.net', '41863851769', '2009-12-14 19:38:18', '1990-03-23 00:07:53');
INSERT INTO `counterparties` (`id`, `name`, `counterparty_type`, `tin`, `email`, `phone`, `created_at`, `updated_at`) VALUES ('58', 'Qui voluptatem.', 'individual', 42929, 'iberge@example.net', '30900844046', '1994-04-10 08:07:51', '1970-05-20 22:48:33');
INSERT INTO `counterparties` (`id`, `name`, `counterparty_type`, `tin`, `email`, `phone`, `created_at`, `updated_at`) VALUES ('59', 'A quo.', 'individual', 35462, 'lolita22@example.org', '19442058069', '1983-02-28 11:03:00', '1973-08-23 16:06:51');
INSERT INTO `counterparties` (`id`, `name`, `counterparty_type`, `tin`, `email`, `phone`, `created_at`, `updated_at`) VALUES ('60', 'Nihil pariatur.', 'legal_entity', 15296, 'jacobson.joy@example.com', '43242902813', '2001-02-28 18:13:12', '2009-05-29 16:41:38');
INSERT INTO `counterparties` (`id`, `name`, `counterparty_type`, `tin`, `email`, `phone`, `created_at`, `updated_at`) VALUES ('61', 'Et id.', 'individual', 29214, 'audie.koss@example.com', '42507269039', '2000-11-03 17:34:11', '1996-04-06 01:41:28');
INSERT INTO `counterparties` (`id`, `name`, `counterparty_type`, `tin`, `email`, `phone`, `created_at`, `updated_at`) VALUES ('62', 'Voluptatum voluptas officiis.', 'legal_entity', 23456, 'fthiel@example.net', '17480385017', '1983-06-09 04:06:53', '1975-11-29 11:31:45');
INSERT INTO `counterparties` (`id`, `name`, `counterparty_type`, `tin`, `email`, `phone`, `created_at`, `updated_at`) VALUES ('63', 'Eum similique vitae.', 'individual', 30757, 'brennan89@example.org', '14237410134', '1996-03-31 17:54:40', '2018-06-21 11:40:12');
INSERT INTO `counterparties` (`id`, `name`, `counterparty_type`, `tin`, `email`, `phone`, `created_at`, `updated_at`) VALUES ('64', 'Nobis labore.', 'individual', 46881, 'orland81@example.com', '5307337698', '2004-10-25 04:08:23', '2007-12-25 20:53:40');
INSERT INTO `counterparties` (`id`, `name`, `counterparty_type`, `tin`, `email`, `phone`, `created_at`, `updated_at`) VALUES ('65', 'Corrupti sequi.', 'legal_entity', 14925, 'itorp@example.org', '30828983325', '2010-01-23 19:33:13', '2020-05-13 13:38:47');
INSERT INTO `counterparties` (`id`, `name`, `counterparty_type`, `tin`, `email`, `phone`, `created_at`, `updated_at`) VALUES ('66', 'Ducimus eum et.', 'individual', 18612, 'wuckert.al@example.com', '10871159795', '1978-12-19 01:51:33', '2020-05-20 06:58:50');
INSERT INTO `counterparties` (`id`, `name`, `counterparty_type`, `tin`, `email`, `phone`, `created_at`, `updated_at`) VALUES ('67', 'Sit facilis officiis.', 'individual', 19833, 'herman.carissa@example.net', '39070162971', '1996-06-03 18:14:27', '1992-03-28 08:13:25');
INSERT INTO `counterparties` (`id`, `name`, `counterparty_type`, `tin`, `email`, `phone`, `created_at`, `updated_at`) VALUES ('68', 'Libero quam atque.', 'legal_entity', 25658, 'zulauf.irving@example.net', '37853922564', '1992-11-13 08:36:02', '1983-08-08 20:31:49');
INSERT INTO `counterparties` (`id`, `name`, `counterparty_type`, `tin`, `email`, `phone`, `created_at`, `updated_at`) VALUES ('69', 'Corporis voluptate est.', 'legal_entity', 31598, 'elijah.koss@example.com', '22494431571', '1985-10-24 06:27:22', '1992-03-24 10:01:14');
INSERT INTO `counterparties` (`id`, `name`, `counterparty_type`, `tin`, `email`, `phone`, `created_at`, `updated_at`) VALUES ('70', 'Nemo et iusto.', 'individual', 48029, 'kaylie78@example.net', '42967156014', '1973-09-08 14:56:38', '1973-08-25 10:09:48');
INSERT INTO `counterparties` (`id`, `name`, `counterparty_type`, `tin`, `email`, `phone`, `created_at`, `updated_at`) VALUES ('71', 'Quos veritatis sint.', 'individual', 43807, 'ewalsh@example.org', '3078623750', '1987-12-30 13:37:38', '2006-11-02 07:04:47');
INSERT INTO `counterparties` (`id`, `name`, `counterparty_type`, `tin`, `email`, `phone`, `created_at`, `updated_at`) VALUES ('72', 'Ducimus cupiditate iste.', 'individual', 39103, 'elvera.erdman@example.org', '36799924361', '1998-02-10 11:57:31', '2014-09-04 13:03:21');
INSERT INTO `counterparties` (`id`, `name`, `counterparty_type`, `tin`, `email`, `phone`, `created_at`, `updated_at`) VALUES ('73', 'Ducimus ut aut.', 'legal_entity', 51478, 'hagenes.leonie@example.org', '41844560865', '2007-08-06 17:52:21', '2001-07-18 12:39:15');
INSERT INTO `counterparties` (`id`, `name`, `counterparty_type`, `tin`, `email`, `phone`, `created_at`, `updated_at`) VALUES ('74', 'Est occaecati nisi.', 'individual', 49470, 'qoconnell@example.org', '23474593273', '1991-04-29 03:47:12', '1990-03-16 21:28:32');
INSERT INTO `counterparties` (`id`, `name`, `counterparty_type`, `tin`, `email`, `phone`, `created_at`, `updated_at`) VALUES ('75', 'Dolores dolorem.', 'legal_entity', 34728, 'roy88@example.org', '2030976928', '1995-10-07 02:05:09', '2006-11-08 23:33:08');
INSERT INTO `counterparties` (`id`, `name`, `counterparty_type`, `tin`, `email`, `phone`, `created_at`, `updated_at`) VALUES ('76', 'Recusandae et quos.', 'individual', 52543, 'deja96@example.com', '28485700263', '1977-04-13 20:57:05', '2004-10-03 04:32:22');
INSERT INTO `counterparties` (`id`, `name`, `counterparty_type`, `tin`, `email`, `phone`, `created_at`, `updated_at`) VALUES ('77', 'Temporibus sit voluptas.', 'legal_entity', 20222, 'yhegmann@example.org', '7831605058', '1991-06-21 01:04:56', '1999-04-20 21:58:39');
INSERT INTO `counterparties` (`id`, `name`, `counterparty_type`, `tin`, `email`, `phone`, `created_at`, `updated_at`) VALUES ('78', 'Quia et.', 'legal_entity', 34591, 'travis.turner@example.org', '28632100236', '1984-02-08 04:44:23', '2016-10-23 15:02:05');
INSERT INTO `counterparties` (`id`, `name`, `counterparty_type`, `tin`, `email`, `phone`, `created_at`, `updated_at`) VALUES ('79', 'Et sequi.', 'individual', 12597, 'nia55@example.org', '34715444552', '1994-01-28 06:12:18', '1973-04-22 13:09:26');
INSERT INTO `counterparties` (`id`, `name`, `counterparty_type`, `tin`, `email`, `phone`, `created_at`, `updated_at`) VALUES ('80', 'Ut dolorum.', 'legal_entity', 29792, 'heaven.rolfson@example.org', '30165535144', '1984-01-18 08:11:58', '2011-02-21 14:33:08');
INSERT INTO `counterparties` (`id`, `name`, `counterparty_type`, `tin`, `email`, `phone`, `created_at`, `updated_at`) VALUES ('81', 'Aut sunt fuga.', 'individual', 42414, 'lfunk@example.net', '9759813336', '1977-08-09 03:54:01', '2018-03-13 13:35:58');
INSERT INTO `counterparties` (`id`, `name`, `counterparty_type`, `tin`, `email`, `phone`, `created_at`, `updated_at`) VALUES ('82', 'Qui porro.', 'legal_entity', 22070, 'myrtle.roob@example.org', '26180492428', '1988-12-31 10:04:01', '1971-05-18 10:54:48');
INSERT INTO `counterparties` (`id`, `name`, `counterparty_type`, `tin`, `email`, `phone`, `created_at`, `updated_at`) VALUES ('83', 'Officia est.', 'legal_entity', 37255, 'mossie.hauck@example.net', '29770709732', '1970-10-10 01:59:48', '1996-08-30 02:29:36');
INSERT INTO `counterparties` (`id`, `name`, `counterparty_type`, `tin`, `email`, `phone`, `created_at`, `updated_at`) VALUES ('84', 'Corrupti molestiae voluptatibus.', 'legal_entity', 50560, 'koepp.wilfrid@example.com', '10484149227', '2010-12-09 08:36:15', '2005-09-04 23:39:28');
INSERT INTO `counterparties` (`id`, `name`, `counterparty_type`, `tin`, `email`, `phone`, `created_at`, `updated_at`) VALUES ('85', 'Quidem sequi.', 'individual', 13247, 'claude19@example.net', '969794266', '2018-01-13 16:16:00', '2015-11-15 15:07:25');
INSERT INTO `counterparties` (`id`, `name`, `counterparty_type`, `tin`, `email`, `phone`, `created_at`, `updated_at`) VALUES ('86', 'Quis sunt qui.', 'individual', 38798, 'yroob@example.com', '32887973203', '1976-07-07 20:48:38', '2016-09-06 10:58:22');
INSERT INTO `counterparties` (`id`, `name`, `counterparty_type`, `tin`, `email`, `phone`, `created_at`, `updated_at`) VALUES ('87', 'Dolore ad rem.', 'individual', 37527, 'howell.wilhelmine@example.org', '42187864869', '1998-09-23 17:23:45', '2008-02-12 10:14:01');
INSERT INTO `counterparties` (`id`, `name`, `counterparty_type`, `tin`, `email`, `phone`, `created_at`, `updated_at`) VALUES ('88', 'Enim est.', 'individual', 52704, 'urosenbaum@example.net', '33914263059', '2017-05-22 07:07:44', '2017-05-12 21:55:00');
INSERT INTO `counterparties` (`id`, `name`, `counterparty_type`, `tin`, `email`, `phone`, `created_at`, `updated_at`) VALUES ('89', 'Illo provident qui.', 'individual', 31424, 'rsimonis@example.org', '33289006208', '2002-10-05 22:28:01', '1974-05-28 22:08:56');
INSERT INTO `counterparties` (`id`, `name`, `counterparty_type`, `tin`, `email`, `phone`, `created_at`, `updated_at`) VALUES ('90', 'Facere impedit.', 'individual', 31280, 'jenifer.stamm@example.org', '12213303653', '2010-08-29 20:44:26', '1994-05-22 01:24:56');
INSERT INTO `counterparties` (`id`, `name`, `counterparty_type`, `tin`, `email`, `phone`, `created_at`, `updated_at`) VALUES ('91', 'Aperiam aspernatur.', 'individual', 25537, 'mylene.mitchell@example.com', '28076314776', '1980-04-04 10:21:46', '1999-02-07 16:27:26');
INSERT INTO `counterparties` (`id`, `name`, `counterparty_type`, `tin`, `email`, `phone`, `created_at`, `updated_at`) VALUES ('92', 'Vel qui.', 'individual', 13480, 'isaias.stoltenberg@example.com', '2065616705', '2017-09-26 13:14:37', '1978-02-23 05:32:57');
INSERT INTO `counterparties` (`id`, `name`, `counterparty_type`, `tin`, `email`, `phone`, `created_at`, `updated_at`) VALUES ('93', 'Totam tenetur voluptatibus.', 'legal_entity', 20111, 'gina.feil@example.org', '32254456159', '2005-06-26 00:17:57', '2014-08-12 15:09:25');
INSERT INTO `counterparties` (`id`, `name`, `counterparty_type`, `tin`, `email`, `phone`, `created_at`, `updated_at`) VALUES ('94', 'Et minus dicta.', 'legal_entity', 27645, 'lkuvalis@example.net', '17024407269', '2006-12-24 08:47:47', '2000-02-27 21:06:38');
INSERT INTO `counterparties` (`id`, `name`, `counterparty_type`, `tin`, `email`, `phone`, `created_at`, `updated_at`) VALUES ('95', 'Reiciendis excepturi ut.', 'individual', 20730, 'myrl.rowe@example.com', '2657221820', '2019-12-03 21:49:22', '1995-01-23 11:25:23');
INSERT INTO `counterparties` (`id`, `name`, `counterparty_type`, `tin`, `email`, `phone`, `created_at`, `updated_at`) VALUES ('96', 'Sed impedit sint.', 'legal_entity', 25197, 'deangelo.satterfield@example.net', '23237091029', '1970-06-16 19:34:07', '2000-12-30 12:38:00');
INSERT INTO `counterparties` (`id`, `name`, `counterparty_type`, `tin`, `email`, `phone`, `created_at`, `updated_at`) VALUES ('97', 'Tempora maxime ad.', 'legal_entity', 17012, 'schuster.newton@example.com', '9227664610', '2012-08-25 05:46:05', '2008-06-14 12:50:28');
INSERT INTO `counterparties` (`id`, `name`, `counterparty_type`, `tin`, `email`, `phone`, `created_at`, `updated_at`) VALUES ('98', 'Quasi et inventore.', 'legal_entity', 26638, 'bhaley@example.com', '22150498426', '2018-11-21 02:39:18', '2019-12-18 23:17:04');
INSERT INTO `counterparties` (`id`, `name`, `counterparty_type`, `tin`, `email`, `phone`, `created_at`, `updated_at`) VALUES ('99', 'Officiis repellat ut.', 'legal_entity', 40120, 'rfarrell@example.org', '495866737', '1997-05-13 12:26:13', '1989-06-17 15:20:25');
INSERT INTO `counterparties` (`id`, `name`, `counterparty_type`, `tin`, `email`, `phone`, `created_at`, `updated_at`) VALUES ('100', 'Tenetur voluptates molestias.', 'individual', 47654, 'darrick69@example.org', '28353226227', '1974-10-15 14:12:01', '1976-12-13 15:09:44');


#
# TABLE DATA FOR: departments
#

truncate `departments`;

INSERT INTO `departments` (`id`, `name`, `superior_department_id`, `department_head_id`, `created_at`, `updated_at`) VALUES ('1', 'Occaecati autem sed.', '7', '73', '2007-02-26 23:25:53', '1979-12-29 00:33:08');
INSERT INTO `departments` (`id`, `name`, `superior_department_id`, `department_head_id`, `created_at`, `updated_at`) VALUES ('2', 'Ab vitae quis omnis.', '3', '31', '1998-05-21 19:49:01', '1988-03-23 19:04:53');
INSERT INTO `departments` (`id`, `name`, `superior_department_id`, `department_head_id`, `created_at`, `updated_at`) VALUES ('3', 'Architecto dicta ullam qui.', '5', '55', '2017-03-20 07:17:34', '2015-05-19 16:58:26');
INSERT INTO `departments` (`id`, `name`, `superior_department_id`, `department_head_id`, `created_at`, `updated_at`) VALUES ('4', 'Debitis dolores.', '7', '42', '2018-05-13 11:05:26', '1999-05-22 08:02:09');
INSERT INTO `departments` (`id`, `name`, `superior_department_id`, `department_head_id`, `created_at`, `updated_at`) VALUES ('5', 'Saepe et aut facilis.', '0', '9', '1988-10-05 16:10:16', '2017-08-27 07:13:16');
INSERT INTO `departments` (`id`, `name`, `superior_department_id`, `department_head_id`, `created_at`, `updated_at`) VALUES ('6', 'Vel eius qui.', '0', '36', '2001-06-09 09:01:44', '1988-03-29 02:18:24');
INSERT INTO `departments` (`id`, `name`, `superior_department_id`, `department_head_id`, `created_at`, `updated_at`) VALUES ('7', 'Et distinctio voluptatum qui aspernatur.', '0', '56', '1995-12-05 18:55:05', '1991-06-12 08:40:44');
INSERT INTO `departments` (`id`, `name`, `superior_department_id`, `department_head_id`, `created_at`, `updated_at`) VALUES ('8', 'Eaque dignissimos ab.', '2', '29', '1994-10-15 08:17:16', '1974-03-27 20:45:48');
INSERT INTO `departments` (`id`, `name`, `superior_department_id`, `department_head_id`, `created_at`, `updated_at`) VALUES ('9', 'Sapiente provident esse.', '0', '73', '1986-03-17 02:19:28', '1984-06-17 06:39:33');
INSERT INTO `departments` (`id`, `name`, `superior_department_id`, `department_head_id`, `created_at`, `updated_at`) VALUES ('10', 'Quo incidunt non sint qui.', '2', '80', '2009-08-20 03:16:21', '1978-04-19 22:58:57');
INSERT INTO `departments` (`id`, `name`, `superior_department_id`, `department_head_id`, `created_at`, `updated_at`) VALUES ('11', 'Aut quidem nostrum.', '0', '24', '2014-07-31 15:42:24', '1990-11-09 14:52:43');
INSERT INTO `departments` (`id`, `name`, `superior_department_id`, `department_head_id`, `created_at`, `updated_at`) VALUES ('12', 'Deserunt non natus.', '0', '84', '1972-10-24 20:00:18', '1981-05-12 17:48:59');
INSERT INTO `departments` (`id`, `name`, `superior_department_id`, `department_head_id`, `created_at`, `updated_at`) VALUES ('13', 'Recusandae quos reiciendis voluptas.', '0', '19', '1978-05-15 05:46:00', '1980-10-27 04:47:39');
INSERT INTO `departments` (`id`, `name`, `superior_department_id`, `department_head_id`, `created_at`, `updated_at`) VALUES ('14', 'Omnis vel optio eum.', '0', '75', '2017-09-24 23:10:15', '1993-04-08 06:22:34');
INSERT INTO `departments` (`id`, `name`, `superior_department_id`, `department_head_id`, `created_at`, `updated_at`) VALUES ('15', 'Voluptatem voluptatem sit veniam.', '8', '81', '2002-06-26 15:09:06', '2011-01-21 00:33:56');


#
# TABLE DATA FOR: document_types
#

truncate `document_types`;

INSERT INTO `document_types` (`id`, `name`, `account_for_counterparties`, `account_for_companies`, `account_for_case_files`, `created_at`, `updated_at`) VALUES ('1', 'Facere quam.', 1, 1, 1, '2003-11-11 05:48:22', '1989-11-20 05:07:46');
INSERT INTO `document_types` (`id`, `name`, `account_for_counterparties`, `account_for_companies`, `account_for_case_files`, `created_at`, `updated_at`) VALUES ('2', 'Mollitia eos praesentium.', 1, 1, 1, '2002-03-27 18:28:04', '1978-05-11 05:29:39');
INSERT INTO `document_types` (`id`, `name`, `account_for_counterparties`, `account_for_companies`, `account_for_case_files`, `created_at`, `updated_at`) VALUES ('3', 'Nulla quibusdam sapiente.', 1, 0, 0, '2005-10-13 12:14:33', '1971-10-30 21:43:59');
INSERT INTO `document_types` (`id`, `name`, `account_for_counterparties`, `account_for_companies`, `account_for_case_files`, `created_at`, `updated_at`) VALUES ('4', 'Non nemo placeat.', 1, 0, 1, '1979-11-21 18:59:49', '1971-04-21 20:41:22');
INSERT INTO `document_types` (`id`, `name`, `account_for_counterparties`, `account_for_companies`, `account_for_case_files`, `created_at`, `updated_at`) VALUES ('5', 'Quas at vel.', 1, 1, 0, '1987-08-21 21:11:21', '2003-08-21 08:36:08');
INSERT INTO `document_types` (`id`, `name`, `account_for_counterparties`, `account_for_companies`, `account_for_case_files`, `created_at`, `updated_at`) VALUES ('6', 'In qui.', 0, 1, 1, '1987-11-03 01:31:29', '2006-03-14 03:03:33');
INSERT INTO `document_types` (`id`, `name`, `account_for_counterparties`, `account_for_companies`, `account_for_case_files`, `created_at`, `updated_at`) VALUES ('7', 'Unde eius.', 0, 1, 1, '1988-01-17 22:09:49', '1981-05-23 15:25:55');
INSERT INTO `document_types` (`id`, `name`, `account_for_counterparties`, `account_for_companies`, `account_for_case_files`, `created_at`, `updated_at`) VALUES ('8', 'Doloribus quas.', 0, 0, 1, '2002-05-26 14:57:48', '2012-01-26 18:49:11');
INSERT INTO `document_types` (`id`, `name`, `account_for_counterparties`, `account_for_companies`, `account_for_case_files`, `created_at`, `updated_at`) VALUES ('9', 'Est tempora.', 0, 1, 1, '2004-03-02 04:59:36', '1974-09-07 03:58:19');
INSERT INTO `document_types` (`id`, `name`, `account_for_counterparties`, `account_for_companies`, `account_for_case_files`, `created_at`, `updated_at`) VALUES ('10', 'Excepturi eum error.', 1, 0, 1, '2018-05-16 02:35:35', '2012-01-13 02:41:44');
INSERT INTO `document_types` (`id`, `name`, `account_for_counterparties`, `account_for_companies`, `account_for_case_files`, `created_at`, `updated_at`) VALUES ('11', 'Velit impedit.', 0, 1, 1, '1976-01-07 21:24:39', '1980-05-03 07:04:10');
INSERT INTO `document_types` (`id`, `name`, `account_for_counterparties`, `account_for_companies`, `account_for_case_files`, `created_at`, `updated_at`) VALUES ('12', 'Facere rerum.', 1, 1, 1, '1992-09-25 00:11:17', '2014-11-20 14:12:59');
INSERT INTO `document_types` (`id`, `name`, `account_for_counterparties`, `account_for_companies`, `account_for_case_files`, `created_at`, `updated_at`) VALUES ('13', 'Nobis recusandae est.', 0, 0, 1, '1993-06-01 02:14:13', '1990-06-10 18:29:19');
INSERT INTO `document_types` (`id`, `name`, `account_for_counterparties`, `account_for_companies`, `account_for_case_files`, `created_at`, `updated_at`) VALUES ('14', 'In eaque.', 1, 1, 1, '1987-09-03 10:53:45', '2017-12-20 20:39:45');
INSERT INTO `document_types` (`id`, `name`, `account_for_counterparties`, `account_for_companies`, `account_for_case_files`, `created_at`, `updated_at`) VALUES ('15', 'Totam nobis et.', 0, 1, 1, '2018-01-02 08:30:46', '1990-10-03 15:59:55');
INSERT INTO `document_types` (`id`, `name`, `account_for_counterparties`, `account_for_companies`, `account_for_case_files`, `created_at`, `updated_at`) VALUES ('16', 'Temporibus et ut.', 1, 1, 1, '1983-03-04 14:22:18', '2011-05-09 17:15:11');
INSERT INTO `document_types` (`id`, `name`, `account_for_counterparties`, `account_for_companies`, `account_for_case_files`, `created_at`, `updated_at`) VALUES ('17', 'A nostrum omnis.', 0, 0, 1, '1992-05-03 16:20:27', '2004-12-16 14:38:05');
INSERT INTO `document_types` (`id`, `name`, `account_for_counterparties`, `account_for_companies`, `account_for_case_files`, `created_at`, `updated_at`) VALUES ('18', 'Fuga aut ipsum.', 1, 0, 1, '1975-07-29 00:35:48', '1999-02-02 22:55:03');
INSERT INTO `document_types` (`id`, `name`, `account_for_counterparties`, `account_for_companies`, `account_for_case_files`, `created_at`, `updated_at`) VALUES ('19', 'Quo ut nulla.', 1, 1, 1, '1995-01-28 19:16:51', '1989-06-04 17:30:51');
INSERT INTO `document_types` (`id`, `name`, `account_for_counterparties`, `account_for_companies`, `account_for_case_files`, `created_at`, `updated_at`) VALUES ('20', 'Et molestias est.', 1, 0, 1, '1991-10-27 00:36:46', '1983-10-29 20:02:09');
INSERT INTO `document_types` (`id`, `name`, `account_for_counterparties`, `account_for_companies`, `account_for_case_files`, `created_at`, `updated_at`) VALUES ('21', 'Et omnis voluptatem.', 0, 1, 0, '2010-01-18 04:43:11', '1979-10-13 16:10:35');
INSERT INTO `document_types` (`id`, `name`, `account_for_counterparties`, `account_for_companies`, `account_for_case_files`, `created_at`, `updated_at`) VALUES ('22', 'Aut occaecati.', 1, 1, 1, '2004-12-02 10:51:19', '1972-09-18 03:08:00');
INSERT INTO `document_types` (`id`, `name`, `account_for_counterparties`, `account_for_companies`, `account_for_case_files`, `created_at`, `updated_at`) VALUES ('23', 'Voluptatem delectus tenetur.', 0, 1, 1, '1981-01-08 02:38:02', '1983-11-15 04:51:09');
INSERT INTO `document_types` (`id`, `name`, `account_for_counterparties`, `account_for_companies`, `account_for_case_files`, `created_at`, `updated_at`) VALUES ('24', 'Porro modi incidunt.', 0, 0, 1, '1985-07-19 04:05:09', '2007-09-07 04:33:28');
INSERT INTO `document_types` (`id`, `name`, `account_for_counterparties`, `account_for_companies`, `account_for_case_files`, `created_at`, `updated_at`) VALUES ('25', 'Sit adipisci molestiae.', 1, 0, 1, '1983-07-25 10:11:41', '2006-02-16 02:17:21');
INSERT INTO `document_types` (`id`, `name`, `account_for_counterparties`, `account_for_companies`, `account_for_case_files`, `created_at`, `updated_at`) VALUES ('26', 'Et tenetur eligendi.', 1, 0, 1, '2003-09-02 19:55:35', '1981-08-05 07:08:37');
INSERT INTO `document_types` (`id`, `name`, `account_for_counterparties`, `account_for_companies`, `account_for_case_files`, `created_at`, `updated_at`) VALUES ('27', 'Repellendus culpa.', 0, 1, 0, '1981-10-26 02:14:23', '1973-01-14 03:39:35');
INSERT INTO `document_types` (`id`, `name`, `account_for_counterparties`, `account_for_companies`, `account_for_case_files`, `created_at`, `updated_at`) VALUES ('28', 'Et velit.', 1, 1, 1, '2006-02-28 19:47:04', '2010-06-14 16:14:05');
INSERT INTO `document_types` (`id`, `name`, `account_for_counterparties`, `account_for_companies`, `account_for_case_files`, `created_at`, `updated_at`) VALUES ('29', 'Rerum aliquid.', 1, 1, 1, '2014-05-20 23:42:21', '1988-11-02 12:27:43');
INSERT INTO `document_types` (`id`, `name`, `account_for_counterparties`, `account_for_companies`, `account_for_case_files`, `created_at`, `updated_at`) VALUES ('30', 'Cumque sit officia.', 0, 1, 0, '1979-10-30 13:26:05', '1970-02-14 20:34:20');
INSERT INTO `document_types` (`id`, `name`, `account_for_counterparties`, `account_for_companies`, `account_for_case_files`, `created_at`, `updated_at`) VALUES ('31', 'Excepturi nihil non.', 0, 1, 0, '1993-12-17 10:03:44', '1984-09-09 21:22:44');
INSERT INTO `document_types` (`id`, `name`, `account_for_counterparties`, `account_for_companies`, `account_for_case_files`, `created_at`, `updated_at`) VALUES ('32', 'Recusandae accusamus.', 0, 1, 0, '2008-03-14 10:35:59', '1993-01-25 11:20:41');
INSERT INTO `document_types` (`id`, `name`, `account_for_counterparties`, `account_for_companies`, `account_for_case_files`, `created_at`, `updated_at`) VALUES ('33', 'Expedita et incidunt.', 1, 0, 0, '2012-08-13 17:51:46', '2003-07-12 20:38:14');
INSERT INTO `document_types` (`id`, `name`, `account_for_counterparties`, `account_for_companies`, `account_for_case_files`, `created_at`, `updated_at`) VALUES ('34', 'Et pariatur.', 1, 0, 0, '2012-10-04 23:20:59', '2009-04-28 03:11:39');
INSERT INTO `document_types` (`id`, `name`, `account_for_counterparties`, `account_for_companies`, `account_for_case_files`, `created_at`, `updated_at`) VALUES ('35', 'Ut inventore.', 1, 1, 1, '1998-07-10 22:54:37', '2003-03-09 17:42:34');
INSERT INTO `document_types` (`id`, `name`, `account_for_counterparties`, `account_for_companies`, `account_for_case_files`, `created_at`, `updated_at`) VALUES ('36', 'Voluptas aperiam sunt.', 1, 0, 0, '1976-04-17 17:36:23', '2011-12-31 10:11:36');
INSERT INTO `document_types` (`id`, `name`, `account_for_counterparties`, `account_for_companies`, `account_for_case_files`, `created_at`, `updated_at`) VALUES ('37', 'Doloribus impedit.', 1, 0, 1, '1989-08-16 15:39:08', '2013-11-01 14:14:16');
INSERT INTO `document_types` (`id`, `name`, `account_for_counterparties`, `account_for_companies`, `account_for_case_files`, `created_at`, `updated_at`) VALUES ('38', 'Voluptatem reiciendis esse.', 0, 1, 1, '1989-03-23 14:11:50', '1970-07-06 07:30:37');
INSERT INTO `document_types` (`id`, `name`, `account_for_counterparties`, `account_for_companies`, `account_for_case_files`, `created_at`, `updated_at`) VALUES ('39', 'Facilis est.', 1, 1, 0, '2000-09-30 06:39:04', '1981-04-03 22:13:06');
INSERT INTO `document_types` (`id`, `name`, `account_for_counterparties`, `account_for_companies`, `account_for_case_files`, `created_at`, `updated_at`) VALUES ('40', 'Quia eos.', 1, 0, 0, '1983-07-02 22:18:36', '2012-07-30 22:34:08');
INSERT INTO `document_types` (`id`, `name`, `account_for_counterparties`, `account_for_companies`, `account_for_case_files`, `created_at`, `updated_at`) VALUES ('41', 'Doloremque nesciunt.', 0, 0, 1, '2019-12-25 02:44:09', '1991-02-28 20:08:04');
INSERT INTO `document_types` (`id`, `name`, `account_for_counterparties`, `account_for_companies`, `account_for_case_files`, `created_at`, `updated_at`) VALUES ('42', 'Voluptatum autem nihil.', 0, 0, 0, '2017-07-29 23:32:25', '2015-09-14 18:58:29');
INSERT INTO `document_types` (`id`, `name`, `account_for_counterparties`, `account_for_companies`, `account_for_case_files`, `created_at`, `updated_at`) VALUES ('43', 'Nemo eum neque.', 1, 0, 0, '2018-01-03 14:02:54', '2011-03-11 08:15:08');
INSERT INTO `document_types` (`id`, `name`, `account_for_counterparties`, `account_for_companies`, `account_for_case_files`, `created_at`, `updated_at`) VALUES ('44', 'Est dolores minima.', 0, 0, 1, '2009-11-25 15:59:19', '2014-04-12 00:13:20');
INSERT INTO `document_types` (`id`, `name`, `account_for_counterparties`, `account_for_companies`, `account_for_case_files`, `created_at`, `updated_at`) VALUES ('45', 'Illo illum.', 1, 1, 1, '1978-02-21 14:54:45', '2010-03-27 00:02:13');
INSERT INTO `document_types` (`id`, `name`, `account_for_counterparties`, `account_for_companies`, `account_for_case_files`, `created_at`, `updated_at`) VALUES ('46', 'Eos tempore harum.', 0, 0, 0, '1973-10-24 08:48:45', '1977-04-22 18:56:34');
INSERT INTO `document_types` (`id`, `name`, `account_for_counterparties`, `account_for_companies`, `account_for_case_files`, `created_at`, `updated_at`) VALUES ('47', 'Id qui architecto.', 0, 1, 0, '1986-05-10 16:42:34', '2010-03-07 17:57:50');
INSERT INTO `document_types` (`id`, `name`, `account_for_counterparties`, `account_for_companies`, `account_for_case_files`, `created_at`, `updated_at`) VALUES ('48', 'Beatae in in.', 1, 1, 0, '1990-11-11 15:24:19', '1985-09-14 05:12:50');
INSERT INTO `document_types` (`id`, `name`, `account_for_counterparties`, `account_for_companies`, `account_for_case_files`, `created_at`, `updated_at`) VALUES ('49', 'Non enim.', 0, 1, 1, '1985-06-25 21:42:14', '1987-04-10 23:08:12');
INSERT INTO `document_types` (`id`, `name`, `account_for_counterparties`, `account_for_companies`, `account_for_case_files`, `created_at`, `updated_at`) VALUES ('50', 'Voluptas repellendus.', 1, 1, 0, '1992-12-31 15:10:58', '2016-03-22 01:26:29');
INSERT INTO `document_types` (`id`, `name`, `account_for_counterparties`, `account_for_companies`, `account_for_case_files`, `created_at`, `updated_at`) VALUES ('51', 'Sapiente nihil et.', 0, 1, 0, '2007-06-02 06:31:25', '1992-11-23 04:59:01');
INSERT INTO `document_types` (`id`, `name`, `account_for_counterparties`, `account_for_companies`, `account_for_case_files`, `created_at`, `updated_at`) VALUES ('52', 'Et delectus voluptatem.', 1, 1, 1, '1979-05-25 00:59:56', '2018-03-30 13:08:52');
INSERT INTO `document_types` (`id`, `name`, `account_for_counterparties`, `account_for_companies`, `account_for_case_files`, `created_at`, `updated_at`) VALUES ('53', 'Qui doloremque.', 1, 0, 0, '1997-02-05 20:24:06', '2020-03-28 17:29:13');
INSERT INTO `document_types` (`id`, `name`, `account_for_counterparties`, `account_for_companies`, `account_for_case_files`, `created_at`, `updated_at`) VALUES ('54', 'Expedita voluptatem.', 1, 0, 1, '2008-08-17 02:23:10', '1977-02-19 12:23:47');
INSERT INTO `document_types` (`id`, `name`, `account_for_counterparties`, `account_for_companies`, `account_for_case_files`, `created_at`, `updated_at`) VALUES ('55', 'Qui in.', 1, 1, 1, '2016-11-01 15:47:31', '1975-04-02 19:11:20');
INSERT INTO `document_types` (`id`, `name`, `account_for_counterparties`, `account_for_companies`, `account_for_case_files`, `created_at`, `updated_at`) VALUES ('56', 'Aut sunt natus.', 0, 1, 1, '1993-12-09 22:48:10', '1971-08-03 04:22:52');
INSERT INTO `document_types` (`id`, `name`, `account_for_counterparties`, `account_for_companies`, `account_for_case_files`, `created_at`, `updated_at`) VALUES ('57', 'Consectetur rerum reiciendis.', 1, 1, 0, '1993-08-18 20:35:09', '1997-04-03 23:01:17');
INSERT INTO `document_types` (`id`, `name`, `account_for_counterparties`, `account_for_companies`, `account_for_case_files`, `created_at`, `updated_at`) VALUES ('58', 'Esse aperiam dolores.', 1, 0, 1, '1996-05-18 03:53:01', '1994-05-17 16:01:05');
INSERT INTO `document_types` (`id`, `name`, `account_for_counterparties`, `account_for_companies`, `account_for_case_files`, `created_at`, `updated_at`) VALUES ('59', 'Ut et.', 1, 1, 1, '1984-05-30 13:44:07', '1977-09-09 13:52:47');
INSERT INTO `document_types` (`id`, `name`, `account_for_counterparties`, `account_for_companies`, `account_for_case_files`, `created_at`, `updated_at`) VALUES ('60', 'Eum maxime.', 1, 1, 0, '1971-08-24 14:42:15', '2004-05-20 06:28:11');
INSERT INTO `document_types` (`id`, `name`, `account_for_counterparties`, `account_for_companies`, `account_for_case_files`, `created_at`, `updated_at`) VALUES ('61', 'Nobis sit.', 1, 1, 0, '1978-01-01 21:35:35', '1995-05-10 17:17:06');
INSERT INTO `document_types` (`id`, `name`, `account_for_counterparties`, `account_for_companies`, `account_for_case_files`, `created_at`, `updated_at`) VALUES ('62', 'Nihil minima nesciunt.', 0, 1, 1, '1984-03-29 11:11:26', '2018-11-09 06:10:16');
INSERT INTO `document_types` (`id`, `name`, `account_for_counterparties`, `account_for_companies`, `account_for_case_files`, `created_at`, `updated_at`) VALUES ('63', 'Laborum enim.', 0, 0, 1, '1987-06-27 00:36:48', '1977-04-11 12:50:45');
INSERT INTO `document_types` (`id`, `name`, `account_for_counterparties`, `account_for_companies`, `account_for_case_files`, `created_at`, `updated_at`) VALUES ('64', 'Aliquid recusandae.', 1, 1, 1, '1990-09-25 21:14:04', '1996-01-01 16:17:02');
INSERT INTO `document_types` (`id`, `name`, `account_for_counterparties`, `account_for_companies`, `account_for_case_files`, `created_at`, `updated_at`) VALUES ('65', 'Nesciunt facere porro.', 0, 1, 1, '2020-06-23 01:33:19', '1979-03-31 04:43:41');
INSERT INTO `document_types` (`id`, `name`, `account_for_counterparties`, `account_for_companies`, `account_for_case_files`, `created_at`, `updated_at`) VALUES ('66', 'Ratione nemo voluptatem.', 0, 0, 0, '1979-02-22 01:53:49', '2004-01-17 21:26:11');
INSERT INTO `document_types` (`id`, `name`, `account_for_counterparties`, `account_for_companies`, `account_for_case_files`, `created_at`, `updated_at`) VALUES ('67', 'Reprehenderit aliquid.', 1, 0, 1, '2007-12-24 09:52:36', '2002-08-07 12:05:18');
INSERT INTO `document_types` (`id`, `name`, `account_for_counterparties`, `account_for_companies`, `account_for_case_files`, `created_at`, `updated_at`) VALUES ('68', 'Similique ullam nam.', 1, 1, 1, '1981-01-18 12:49:58', '1986-10-25 07:54:21');
INSERT INTO `document_types` (`id`, `name`, `account_for_counterparties`, `account_for_companies`, `account_for_case_files`, `created_at`, `updated_at`) VALUES ('69', 'Ut dolor ea.', 1, 1, 0, '1986-08-03 15:05:43', '2020-01-19 21:55:12');
INSERT INTO `document_types` (`id`, `name`, `account_for_counterparties`, `account_for_companies`, `account_for_case_files`, `created_at`, `updated_at`) VALUES ('70', 'Quam eum ipsum.', 1, 0, 1, '1991-11-04 10:40:53', '1976-11-21 12:49:35');
INSERT INTO `document_types` (`id`, `name`, `account_for_counterparties`, `account_for_companies`, `account_for_case_files`, `created_at`, `updated_at`) VALUES ('71', 'Quam odit.', 1, 0, 1, '1998-01-08 21:36:00', '2004-12-17 15:04:03');
INSERT INTO `document_types` (`id`, `name`, `account_for_counterparties`, `account_for_companies`, `account_for_case_files`, `created_at`, `updated_at`) VALUES ('72', 'Exercitationem illum minus.', 0, 0, 1, '1972-04-28 05:33:01', '1970-07-07 20:03:15');
INSERT INTO `document_types` (`id`, `name`, `account_for_counterparties`, `account_for_companies`, `account_for_case_files`, `created_at`, `updated_at`) VALUES ('73', 'Voluptatibus error qui.', 1, 0, 0, '2009-12-07 13:09:46', '2018-10-25 11:25:22');
INSERT INTO `document_types` (`id`, `name`, `account_for_counterparties`, `account_for_companies`, `account_for_case_files`, `created_at`, `updated_at`) VALUES ('74', 'Iure ut.', 0, 1, 0, '1986-12-21 22:13:14', '1982-10-07 20:10:40');
INSERT INTO `document_types` (`id`, `name`, `account_for_counterparties`, `account_for_companies`, `account_for_case_files`, `created_at`, `updated_at`) VALUES ('75', 'Repellendus in.', 0, 0, 0, '2013-11-08 07:52:07', '1976-10-17 04:16:57');
INSERT INTO `document_types` (`id`, `name`, `account_for_counterparties`, `account_for_companies`, `account_for_case_files`, `created_at`, `updated_at`) VALUES ('76', 'Qui dolor.', 0, 1, 1, '2009-12-02 16:07:55', '2017-07-04 20:42:02');
INSERT INTO `document_types` (`id`, `name`, `account_for_counterparties`, `account_for_companies`, `account_for_case_files`, `created_at`, `updated_at`) VALUES ('77', 'Ab quidem.', 0, 0, 0, '1984-11-30 17:23:14', '1985-11-13 07:41:26');
INSERT INTO `document_types` (`id`, `name`, `account_for_counterparties`, `account_for_companies`, `account_for_case_files`, `created_at`, `updated_at`) VALUES ('78', 'Et possimus.', 1, 0, 1, '1996-05-01 11:45:31', '2005-06-17 11:00:50');
INSERT INTO `document_types` (`id`, `name`, `account_for_counterparties`, `account_for_companies`, `account_for_case_files`, `created_at`, `updated_at`) VALUES ('79', 'Blanditiis sint ex.', 1, 0, 1, '2000-11-20 00:38:54', '2001-12-23 14:11:10');
INSERT INTO `document_types` (`id`, `name`, `account_for_counterparties`, `account_for_companies`, `account_for_case_files`, `created_at`, `updated_at`) VALUES ('80', 'Aut sequi.', 1, 0, 0, '1988-05-06 16:45:19', '1981-04-06 04:46:36');
INSERT INTO `document_types` (`id`, `name`, `account_for_counterparties`, `account_for_companies`, `account_for_case_files`, `created_at`, `updated_at`) VALUES ('81', 'Odio velit.', 1, 1, 0, '1996-04-26 18:02:49', '1996-01-27 05:17:30');
INSERT INTO `document_types` (`id`, `name`, `account_for_counterparties`, `account_for_companies`, `account_for_case_files`, `created_at`, `updated_at`) VALUES ('82', 'Eaque ut numquam.', 1, 0, 0, '1999-10-05 18:07:39', '1988-06-17 10:23:05');
INSERT INTO `document_types` (`id`, `name`, `account_for_counterparties`, `account_for_companies`, `account_for_case_files`, `created_at`, `updated_at`) VALUES ('83', 'Nesciunt qui consequuntur.', 0, 0, 0, '1970-09-08 00:42:25', '2002-09-16 18:51:19');
INSERT INTO `document_types` (`id`, `name`, `account_for_counterparties`, `account_for_companies`, `account_for_case_files`, `created_at`, `updated_at`) VALUES ('84', 'Itaque modi quaerat.', 1, 1, 0, '1974-04-23 00:43:20', '2004-05-07 02:32:32');
INSERT INTO `document_types` (`id`, `name`, `account_for_counterparties`, `account_for_companies`, `account_for_case_files`, `created_at`, `updated_at`) VALUES ('85', 'Tempore id veritatis.', 1, 0, 1, '2008-04-03 05:07:04', '1984-03-23 21:48:32');
INSERT INTO `document_types` (`id`, `name`, `account_for_counterparties`, `account_for_companies`, `account_for_case_files`, `created_at`, `updated_at`) VALUES ('86', 'Aliquid laudantium.', 0, 1, 0, '1982-10-25 14:37:03', '2004-05-20 06:44:59');
INSERT INTO `document_types` (`id`, `name`, `account_for_counterparties`, `account_for_companies`, `account_for_case_files`, `created_at`, `updated_at`) VALUES ('87', 'Voluptas laboriosam quam.', 1, 1, 1, '2002-01-10 19:41:16', '2010-03-26 22:40:40');
INSERT INTO `document_types` (`id`, `name`, `account_for_counterparties`, `account_for_companies`, `account_for_case_files`, `created_at`, `updated_at`) VALUES ('88', 'Sunt quasi et.', 1, 0, 1, '2013-04-19 22:41:36', '2012-09-20 12:35:43');
INSERT INTO `document_types` (`id`, `name`, `account_for_counterparties`, `account_for_companies`, `account_for_case_files`, `created_at`, `updated_at`) VALUES ('89', 'Dolor quae consequatur.', 0, 1, 0, '1976-06-27 15:03:24', '2014-04-05 03:14:26');
INSERT INTO `document_types` (`id`, `name`, `account_for_counterparties`, `account_for_companies`, `account_for_case_files`, `created_at`, `updated_at`) VALUES ('90', 'Voluptatem laborum.', 0, 1, 1, '1977-01-29 08:06:24', '2005-06-10 15:36:38');
INSERT INTO `document_types` (`id`, `name`, `account_for_counterparties`, `account_for_companies`, `account_for_case_files`, `created_at`, `updated_at`) VALUES ('91', 'Soluta consectetur vitae.', 0, 1, 0, '1975-11-16 13:48:00', '1983-11-03 12:45:09');
INSERT INTO `document_types` (`id`, `name`, `account_for_counterparties`, `account_for_companies`, `account_for_case_files`, `created_at`, `updated_at`) VALUES ('92', 'Et sit.', 0, 0, 0, '1993-11-23 10:34:21', '1974-05-31 15:03:12');
INSERT INTO `document_types` (`id`, `name`, `account_for_counterparties`, `account_for_companies`, `account_for_case_files`, `created_at`, `updated_at`) VALUES ('93', 'Quia ad.', 1, 0, 1, '1995-06-14 18:24:21', '1973-03-09 00:17:43');
INSERT INTO `document_types` (`id`, `name`, `account_for_counterparties`, `account_for_companies`, `account_for_case_files`, `created_at`, `updated_at`) VALUES ('94', 'Consectetur consectetur recusandae.', 1, 0, 1, '2004-05-31 18:01:58', '1993-06-11 03:37:45');
INSERT INTO `document_types` (`id`, `name`, `account_for_counterparties`, `account_for_companies`, `account_for_case_files`, `created_at`, `updated_at`) VALUES ('95', 'Cumque neque sed.', 1, 1, 1, '1997-02-18 04:52:52', '2004-04-27 05:04:01');
INSERT INTO `document_types` (`id`, `name`, `account_for_counterparties`, `account_for_companies`, `account_for_case_files`, `created_at`, `updated_at`) VALUES ('96', 'Qui et velit.', 0, 0, 0, '1972-06-18 17:21:10', '1986-10-21 01:37:47');
INSERT INTO `document_types` (`id`, `name`, `account_for_counterparties`, `account_for_companies`, `account_for_case_files`, `created_at`, `updated_at`) VALUES ('97', 'Quia est.', 1, 0, 0, '1972-07-18 18:18:10', '2009-08-28 04:06:39');
INSERT INTO `document_types` (`id`, `name`, `account_for_counterparties`, `account_for_companies`, `account_for_case_files`, `created_at`, `updated_at`) VALUES ('98', 'Et nihil.', 0, 1, 0, '1990-01-30 21:31:27', '1995-06-01 15:19:47');
INSERT INTO `document_types` (`id`, `name`, `account_for_counterparties`, `account_for_companies`, `account_for_case_files`, `created_at`, `updated_at`) VALUES ('99', 'Sapiente temporibus harum.', 1, 1, 1, '1982-06-09 11:07:40', '1995-08-21 04:49:29');
INSERT INTO `document_types` (`id`, `name`, `account_for_counterparties`, `account_for_companies`, `account_for_case_files`, `created_at`, `updated_at`) VALUES ('100', 'At dolorem dolorem.', 0, 1, 0, '1995-03-19 03:22:43', '2019-04-19 21:23:00');


#
# TABLE DATA FOR: documents
#

truncate `documents`;

INSERT INTO `documents` (`id`, `document_type_id`, `title`, `author_id`, `department_id`, `registration_date`, `registration_number`, `company_id`, `counterparty_id`, `number_sheets`, `content`, `responsible_id`, `case_files_catalog_id`, `dossier_number`, `created_at`, `updated_at`) VALUES ('1', '52', 'Excepturi et ipsam iure.', '9', '11', '2006-06-18 00:42:55', '632', '8', '89', 291, 'Fuga qui et non fugiat. Alias maxime ut qui. Consequatur natus deleniti dolorem quam voluptatem ut.', '84', '97', 71, '1995-04-11 09:04:40', '1975-03-14 14:29:05');
INSERT INTO `documents` (`id`, `document_type_id`, `title`, `author_id`, `department_id`, `registration_date`, `registration_number`, `company_id`, `counterparty_id`, `number_sheets`, `content`, `responsible_id`, `case_files_catalog_id`, `dossier_number`, `created_at`, `updated_at`) VALUES ('2', '76', 'Optio qui eveniet inventore tenetur.', '14', '8', '2011-12-09 12:01:59', '666', '9', '19', 287, 'Et similique provident odit sit consequuntur. Quisquam et autem voluptatem tempore. Eos error aut vitae. Quia labore aut in aut suscipit.', '20', '16', 10, '2014-08-02 01:21:44', '2018-05-09 07:39:05');
INSERT INTO `documents` (`id`, `document_type_id`, `title`, `author_id`, `department_id`, `registration_date`, `registration_number`, `company_id`, `counterparty_id`, `number_sheets`, `content`, `responsible_id`, `case_files_catalog_id`, `dossier_number`, `created_at`, `updated_at`) VALUES ('3', '95', 'Deserunt quia est maiores.', '66', '4', '1990-06-22 13:35:48', '564', '9', '36', 178, 'Libero debitis et eligendi impedit voluptas enim. Et eaque aspernatur eveniet et aut dolorem doloribus. Consequatur nemo odit repellat quod in dolores sunt.', '7', '60', 68, '1978-02-23 09:10:24', '2012-12-13 11:57:28');
INSERT INTO `documents` (`id`, `document_type_id`, `title`, `author_id`, `department_id`, `registration_date`, `registration_number`, `company_id`, `counterparty_id`, `number_sheets`, `content`, `responsible_id`, `case_files_catalog_id`, `dossier_number`, `created_at`, `updated_at`) VALUES ('4', '80', 'Qui sit blanditiis quam repudiandae deserunt consequatur.', '95', '12', '2016-04-01 15:42:47', '739', '8', '58', 221, 'Optio sint quia consequatur non. Occaecati enim enim eos quis molestiae tempora. Ipsum sit facilis reiciendis ut ab et. Eaque eveniet et ratione unde error.', '32', '99', 97, '1985-01-22 22:50:28', '1989-04-24 03:27:08');
INSERT INTO `documents` (`id`, `document_type_id`, `title`, `author_id`, `department_id`, `registration_date`, `registration_number`, `company_id`, `counterparty_id`, `number_sheets`, `content`, `responsible_id`, `case_files_catalog_id`, `dossier_number`, `created_at`, `updated_at`) VALUES ('5', '4', 'Quasi repellat velit exercitationem nihil.', '9', '2', '1986-12-10 12:03:32', '1465', '6', '18', 127, 'Quis qui labore enim sit rerum reprehenderit quasi. Impedit impedit labore officiis quas dolorem. Reiciendis ad quae eaque voluptas.', '84', '28', 52, '2012-12-12 14:14:24', '1983-05-14 03:12:31');
INSERT INTO `documents` (`id`, `document_type_id`, `title`, `author_id`, `department_id`, `registration_date`, `registration_number`, `company_id`, `counterparty_id`, `number_sheets`, `content`, `responsible_id`, `case_files_catalog_id`, `dossier_number`, `created_at`, `updated_at`) VALUES ('6', '6', 'Id fuga est alias.', '67', '4', '2007-09-24 02:03:05', '771', '9', '81', 239, 'Dolorem itaque in nisi quasi id. Voluptas et deserunt dicta ut. Repudiandae adipisci asperiores architecto.', '75', '66', 75, '1979-08-30 05:47:32', '1977-04-27 15:07:33');
INSERT INTO `documents` (`id`, `document_type_id`, `title`, `author_id`, `department_id`, `registration_date`, `registration_number`, `company_id`, `counterparty_id`, `number_sheets`, `content`, `responsible_id`, `case_files_catalog_id`, `dossier_number`, `created_at`, `updated_at`) VALUES ('7', '99', 'Natus officiis voluptatum perspiciatis aliquam nobis doloremque.', '95', '13', '1993-04-15 18:37:19', '875', '10', '60', 267, 'Ea mollitia fugit nostrum qui voluptatibus dolores. Laboriosam nesciunt explicabo modi vero.', '6', '76', 27, '1974-07-29 03:37:39', '1973-08-18 12:50:31');
INSERT INTO `documents` (`id`, `document_type_id`, `title`, `author_id`, `department_id`, `registration_date`, `registration_number`, `company_id`, `counterparty_id`, `number_sheets`, `content`, `responsible_id`, `case_files_catalog_id`, `dossier_number`, `created_at`, `updated_at`) VALUES ('8', '96', 'Eius rerum at sunt exercitationem atque.', '12', '6', '2012-03-29 23:39:24', '927', '8', '7', 313, 'Optio non neque ut sed quos in nemo perspiciatis. Distinctio veniam tenetur labore iusto nostrum aut aperiam. Iure est eos id soluta sunt.', '14', '55', 75, '1988-01-28 15:03:51', '1977-04-24 19:17:47');
INSERT INTO `documents` (`id`, `document_type_id`, `title`, `author_id`, `department_id`, `registration_date`, `registration_number`, `company_id`, `counterparty_id`, `number_sheets`, `content`, `responsible_id`, `case_files_catalog_id`, `dossier_number`, `created_at`, `updated_at`) VALUES ('9', '64', 'Tempore est aliquam voluptates.', '45', '8', '1974-04-18 12:48:19', '1127', '7', '54', 177, 'Nobis error veritatis quisquam non et. Neque excepturi id ducimus aperiam. Quisquam pariatur aut ratione eligendi provident.', '64', '23', 45, '1989-09-23 03:32:04', '1994-08-30 01:11:25');
INSERT INTO `documents` (`id`, `document_type_id`, `title`, `author_id`, `department_id`, `registration_date`, `registration_number`, `company_id`, `counterparty_id`, `number_sheets`, `content`, `responsible_id`, `case_files_catalog_id`, `dossier_number`, `created_at`, `updated_at`) VALUES ('10', '71', 'Molestiae et natus maiores voluptatem sunt.', '47', '8', '1982-10-06 06:19:18', '882', '8', '14', 265, 'Voluptatibus quia modi suscipit optio. Labore est occaecati distinctio minus labore dignissimos. Ipsam neque sunt praesentium sed minus est. Rerum eveniet animi repellat omnis et odit.', '75', '58', 52, '2000-07-28 00:15:51', '1973-08-29 05:32:15');
INSERT INTO `documents` (`id`, `document_type_id`, `title`, `author_id`, `department_id`, `registration_date`, `registration_number`, `company_id`, `counterparty_id`, `number_sheets`, `content`, `responsible_id`, `case_files_catalog_id`, `dossier_number`, `created_at`, `updated_at`) VALUES ('11', '95', 'Veniam culpa architecto incidunt qui.', '49', '4', '2003-01-24 08:45:31', '1517', '10', '44', 147, 'Autem minus dignissimos distinctio tempore sit. Molestias delectus maiores et rem eos voluptates et at. Porro illum quasi dolore magnam. Sunt eos molestiae iusto at quia.', '5', '87', 44, '2012-09-26 16:11:02', '1993-10-27 09:52:30');
INSERT INTO `documents` (`id`, `document_type_id`, `title`, `author_id`, `department_id`, `registration_date`, `registration_number`, `company_id`, `counterparty_id`, `number_sheets`, `content`, `responsible_id`, `case_files_catalog_id`, `dossier_number`, `created_at`, `updated_at`) VALUES ('12', '3', 'Iste expedita quam et rerum in a.', '10', '10', '1974-05-07 16:46:28', '1375', '10', '22', 240, 'Dolorem nisi magni non nam. Est placeat optio mollitia mollitia rerum magni. Quia facilis voluptatem sit earum. Ipsam ut qui quis nisi repellat.', '98', '73', 49, '2017-07-06 15:22:35', '1971-12-24 08:48:35');
INSERT INTO `documents` (`id`, `document_type_id`, `title`, `author_id`, `department_id`, `registration_date`, `registration_number`, `company_id`, `counterparty_id`, `number_sheets`, `content`, `responsible_id`, `case_files_catalog_id`, `dossier_number`, `created_at`, `updated_at`) VALUES ('13', '29', 'Nesciunt sit suscipit possimus modi.', '12', '5', '2004-02-10 13:33:22', '1414', '10', '56', 160, 'Quas sed impedit cupiditate facilis dolorem. Est dolorem porro quis. Ex aspernatur ipsam eveniet voluptas vel.', '82', '60', 59, '1999-12-23 10:52:36', '1987-12-12 07:00:31');
INSERT INTO `documents` (`id`, `document_type_id`, `title`, `author_id`, `department_id`, `registration_date`, `registration_number`, `company_id`, `counterparty_id`, `number_sheets`, `content`, `responsible_id`, `case_files_catalog_id`, `dossier_number`, `created_at`, `updated_at`) VALUES ('14', '9', 'Animi quo facere amet esse totam eveniet.', '45', '13', '1991-07-30 15:25:47', '1369', '8', '92', 157, 'Laudantium vel dolorem accusamus et quis totam qui. Iusto vel quas illum illo ut nihil. Dolor totam dolorem exercitationem aut.', '33', '56', 44, '1978-09-25 00:06:43', '2010-04-14 08:40:14');
INSERT INTO `documents` (`id`, `document_type_id`, `title`, `author_id`, `department_id`, `registration_date`, `registration_number`, `company_id`, `counterparty_id`, `number_sheets`, `content`, `responsible_id`, `case_files_catalog_id`, `dossier_number`, `created_at`, `updated_at`) VALUES ('15', '6', 'Illo debitis eos voluptas dolorum.', '7', '3', '2009-03-18 12:29:53', '1330', '10', '56', 306, 'Voluptatem eos quisquam nostrum sit. Iusto quidem autem illo maiores omnis temporibus quae. Omnis perspiciatis nemo voluptatum ipsam aperiam sunt magnam.', '37', '93', 67, '1976-03-04 01:48:55', '2006-04-06 17:32:19');
INSERT INTO `documents` (`id`, `document_type_id`, `title`, `author_id`, `department_id`, `registration_date`, `registration_number`, `company_id`, `counterparty_id`, `number_sheets`, `content`, `responsible_id`, `case_files_catalog_id`, `dossier_number`, `created_at`, `updated_at`) VALUES ('16', '100', 'Ab enim quis et.', '42', '12', '1971-07-04 16:23:58', '67', '1', '52', 134, 'Maiores molestiae enim illum est neque est. Voluptatem quia eveniet veniam rerum dolorem. Expedita autem quia architecto quasi.', '42', '100', 93, '1975-02-21 10:39:01', '1982-09-10 11:22:30');
INSERT INTO `documents` (`id`, `document_type_id`, `title`, `author_id`, `department_id`, `registration_date`, `registration_number`, `company_id`, `counterparty_id`, `number_sheets`, `content`, `responsible_id`, `case_files_catalog_id`, `dossier_number`, `created_at`, `updated_at`) VALUES ('17', '73', 'Rerum natus quia laudantium minus.', '40', '11', '2008-05-25 01:35:03', '17', '1', '51', 310, 'Officia cum quisquam velit libero ut tenetur voluptatem. Esse omnis exercitationem doloribus. Aperiam odio aut architecto iusto suscipit debitis.', '1', '94', 50, '2019-11-14 19:45:54', '1989-06-01 12:00:16');
INSERT INTO `documents` (`id`, `document_type_id`, `title`, `author_id`, `department_id`, `registration_date`, `registration_number`, `company_id`, `counterparty_id`, `number_sheets`, `content`, `responsible_id`, `case_files_catalog_id`, `dossier_number`, `created_at`, `updated_at`) VALUES ('18', '6', 'Eos occaecati eveniet laudantium mollitia quas.', '82', '8', '1998-11-15 02:56:05', '812', '2', '27', 304, 'Pariatur corporis eum rerum est. Nihil eos at repudiandae esse voluptate voluptatibus dolore. Corporis est aut ea quod iste dicta. Sed aut excepturi suscipit voluptatem mollitia magnam.', '35', '95', 73, '1974-02-04 01:05:00', '2018-07-22 00:38:35');
INSERT INTO `documents` (`id`, `document_type_id`, `title`, `author_id`, `department_id`, `registration_date`, `registration_number`, `company_id`, `counterparty_id`, `number_sheets`, `content`, `responsible_id`, `case_files_catalog_id`, `dossier_number`, `created_at`, `updated_at`) VALUES ('19', '18', 'Aut sint deleniti animi qui praesentium et doloremque.', '67', '8', '1972-01-03 08:22:05', '1497', '3', '74', 202, 'In placeat dolorem aut ullam velit animi. Esse non praesentium corrupti aut dolorem. Esse aspernatur ipsa non nam consequatur.', '64', '23', 16, '1998-04-19 20:16:12', '2005-07-06 14:26:35');
INSERT INTO `documents` (`id`, `document_type_id`, `title`, `author_id`, `department_id`, `registration_date`, `registration_number`, `company_id`, `counterparty_id`, `number_sheets`, `content`, `responsible_id`, `case_files_catalog_id`, `dossier_number`, `created_at`, `updated_at`) VALUES ('20', '30', 'Expedita architecto in dolore sed corporis velit.', '1', '3', '1985-02-16 10:41:27', '366', '3', '42', 174, 'Architecto alias quae ipsa dolorum suscipit. Eligendi nesciunt dolor ut in minus. Eos ab dolorem veritatis est autem sequi et. Et et autem reiciendis non.', '95', '30', 74, '1997-11-17 12:46:35', '1998-04-26 16:11:57');
INSERT INTO `documents` (`id`, `document_type_id`, `title`, `author_id`, `department_id`, `registration_date`, `registration_number`, `company_id`, `counterparty_id`, `number_sheets`, `content`, `responsible_id`, `case_files_catalog_id`, `dossier_number`, `created_at`, `updated_at`) VALUES ('21', '93', 'Veritatis repudiandae qui odio.', '36', '5', '1973-12-10 14:59:59', '742', '7', '75', 163, 'Qui dignissimos in nisi. Cum velit quam vel sed iure aut. Quos autem dolore necessitatibus error rem minus velit ad. Esse minus voluptatem quia voluptatem consectetur.', '3', '68', 70, '1974-05-16 18:04:34', '1978-10-02 04:07:49');
INSERT INTO `documents` (`id`, `document_type_id`, `title`, `author_id`, `department_id`, `registration_date`, `registration_number`, `company_id`, `counterparty_id`, `number_sheets`, `content`, `responsible_id`, `case_files_catalog_id`, `dossier_number`, `created_at`, `updated_at`) VALUES ('22', '25', 'Voluptatibus debitis ut est aut.', '4', '10', '1979-11-21 04:11:17', '476', '4', '85', 254, 'Quaerat vel vel non eveniet ut enim delectus alias. Dolorum neque doloribus et velit minus ut cum. Voluptatem inventore autem laboriosam nihil itaque porro. Aperiam ea perspiciatis est.', '13', '46', 37, '1976-05-25 18:32:03', '2018-07-14 04:26:25');
INSERT INTO `documents` (`id`, `document_type_id`, `title`, `author_id`, `department_id`, `registration_date`, `registration_number`, `company_id`, `counterparty_id`, `number_sheets`, `content`, `responsible_id`, `case_files_catalog_id`, `dossier_number`, `created_at`, `updated_at`) VALUES ('23', '12', 'Qui eveniet ut consectetur ratione et accusamus.', '47', '6', '1989-05-02 15:19:49', '344', '3', '14', 193, 'Expedita sint enim aliquid. Eligendi et velit repellat quaerat eaque et distinctio hic. Possimus vel accusamus itaque animi qui corporis iure.', '90', '53', 79, '1989-11-25 17:34:28', '2009-09-27 02:17:42');
INSERT INTO `documents` (`id`, `document_type_id`, `title`, `author_id`, `department_id`, `registration_date`, `registration_number`, `company_id`, `counterparty_id`, `number_sheets`, `content`, `responsible_id`, `case_files_catalog_id`, `dossier_number`, `created_at`, `updated_at`) VALUES ('24', '87', 'Ut fugit est aut.', '54', '12', '1979-10-22 23:23:23', '157', '2', '54', 229, 'Numquam et error et tenetur deserunt eos. Error doloribus in voluptatibus animi et sit veritatis id. Odit ut voluptate sed inventore. Eveniet voluptatem velit quis maiores dolorum.', '91', '44', 47, '2004-08-27 10:01:56', '1977-04-09 15:06:38');
INSERT INTO `documents` (`id`, `document_type_id`, `title`, `author_id`, `department_id`, `registration_date`, `registration_number`, `company_id`, `counterparty_id`, `number_sheets`, `content`, `responsible_id`, `case_files_catalog_id`, `dossier_number`, `created_at`, `updated_at`) VALUES ('25', '96', 'Consequatur dolores maiores consequatur et dicta.', '86', '12', '1980-11-07 13:29:18', '22', '9', '21', 216, 'Excepturi impedit delectus dignissimos veritatis sit. Molestiae qui et earum alias et alias. Ducimus quis officiis voluptatem et.', '4', '54', 64, '2013-09-03 02:16:06', '1986-04-25 17:50:48');
INSERT INTO `documents` (`id`, `document_type_id`, `title`, `author_id`, `department_id`, `registration_date`, `registration_number`, `company_id`, `counterparty_id`, `number_sheets`, `content`, `responsible_id`, `case_files_catalog_id`, `dossier_number`, `created_at`, `updated_at`) VALUES ('26', '96', 'Qui ullam iusto eum mollitia.', '7', '4', '1976-11-14 00:46:30', '747', '3', '10', 289, 'Consequuntur quae atque cupiditate consequatur. Amet aut accusamus eum vel. Ea ut ad praesentium blanditiis ea. Provident quidem doloribus accusantium ut et et.', '82', '51', 40, '1979-06-08 14:25:24', '1983-05-24 08:12:53');
INSERT INTO `documents` (`id`, `document_type_id`, `title`, `author_id`, `department_id`, `registration_date`, `registration_number`, `company_id`, `counterparty_id`, `number_sheets`, `content`, `responsible_id`, `case_files_catalog_id`, `dossier_number`, `created_at`, `updated_at`) VALUES ('27', '95', 'Hic inventore aut ratione.', '94', '15', '1995-10-11 09:16:14', '307', '1', '41', 195, 'Consectetur voluptatem in ut quod. Necessitatibus aperiam consectetur possimus voluptatem assumenda.', '36', '35', 92, '1974-05-23 07:38:04', '2005-07-18 18:13:00');
INSERT INTO `documents` (`id`, `document_type_id`, `title`, `author_id`, `department_id`, `registration_date`, `registration_number`, `company_id`, `counterparty_id`, `number_sheets`, `content`, `responsible_id`, `case_files_catalog_id`, `dossier_number`, `created_at`, `updated_at`) VALUES ('28', '54', 'Quis dolores itaque qui in.', '25', '13', '1995-11-16 13:46:00', '91', '5', '78', 124, 'Itaque debitis voluptatem placeat. Minus ad vitae nihil et cum dolores voluptate. Suscipit officiis possimus sunt rerum. Tempore laborum dolore deleniti aspernatur.', '62', '56', 31, '1973-01-05 16:48:46', '2008-08-19 09:23:28');
INSERT INTO `documents` (`id`, `document_type_id`, `title`, `author_id`, `department_id`, `registration_date`, `registration_number`, `company_id`, `counterparty_id`, `number_sheets`, `content`, `responsible_id`, `case_files_catalog_id`, `dossier_number`, `created_at`, `updated_at`) VALUES ('29', '32', 'Quia at et impedit.', '52', '15', '1975-12-21 01:12:25', '552', '3', '37', 205, 'Quod rerum ea quasi quo ut consequuntur repellat praesentium. Rem officia nostrum animi rerum qui. Et consequuntur eum laborum ut numquam corporis odit omnis.', '74', '15', 25, '1978-01-10 13:22:57', '2004-01-20 17:19:55');
INSERT INTO `documents` (`id`, `document_type_id`, `title`, `author_id`, `department_id`, `registration_date`, `registration_number`, `company_id`, `counterparty_id`, `number_sheets`, `content`, `responsible_id`, `case_files_catalog_id`, `dossier_number`, `created_at`, `updated_at`) VALUES ('30', '58', 'Et placeat quo ut natus.', '77', '11', '1978-06-04 10:02:32', '519', '6', '84', 295, 'Omnis nesciunt exercitationem placeat consectetur. Quibusdam non cumque quis hic et aperiam et. Excepturi nihil eos in rem labore. Suscipit dicta nostrum blanditiis.', '90', '74', 88, '2007-03-08 17:04:27', '2016-07-10 08:41:40');
INSERT INTO `documents` (`id`, `document_type_id`, `title`, `author_id`, `department_id`, `registration_date`, `registration_number`, `company_id`, `counterparty_id`, `number_sheets`, `content`, `responsible_id`, `case_files_catalog_id`, `dossier_number`, `created_at`, `updated_at`) VALUES ('31', '93', 'Ut dolore qui in tenetur non.', '71', '4', '2001-08-27 02:24:51', '142', '9', '64', 222, 'Numquam corrupti autem ducimus iusto. Facilis voluptas ea asperiores aspernatur ea perferendis. Sequi aut ut voluptate. Est sunt excepturi sed sint amet quia aut deserunt.', '20', '92', 15, '2014-09-21 02:43:19', '1986-02-25 07:56:52');
INSERT INTO `documents` (`id`, `document_type_id`, `title`, `author_id`, `department_id`, `registration_date`, `registration_number`, `company_id`, `counterparty_id`, `number_sheets`, `content`, `responsible_id`, `case_files_catalog_id`, `dossier_number`, `created_at`, `updated_at`) VALUES ('32', '5', 'A cupiditate sit quaerat quia necessitatibus omnis.', '56', '4', '1998-12-30 14:05:50', '342', '6', '81', 133, 'At deserunt ad adipisci quo. Reiciendis sed quis est enim id sit. Deserunt nulla ipsam unde laborum.', '12', '99', 34, '2002-02-01 08:26:14', '2016-03-21 01:25:23');
INSERT INTO `documents` (`id`, `document_type_id`, `title`, `author_id`, `department_id`, `registration_date`, `registration_number`, `company_id`, `counterparty_id`, `number_sheets`, `content`, `responsible_id`, `case_files_catalog_id`, `dossier_number`, `created_at`, `updated_at`) VALUES ('33', '59', 'Est molestias voluptatem nisi.', '73', '9', '1988-04-18 22:37:19', '42', '9', '25', 309, 'Earum corporis soluta ut quia. Aut corporis sed facilis sit et. Ad culpa ipsum quia incidunt dolores enim. Possimus et similique sit provident magnam suscipit veniam.', '55', '17', 53, '1990-05-04 22:35:26', '1989-01-30 06:08:45');
INSERT INTO `documents` (`id`, `document_type_id`, `title`, `author_id`, `department_id`, `registration_date`, `registration_number`, `company_id`, `counterparty_id`, `number_sheets`, `content`, `responsible_id`, `case_files_catalog_id`, `dossier_number`, `created_at`, `updated_at`) VALUES ('34', '62', 'Aliquid magnam veniam eius.', '28', '5', '1992-06-16 12:54:45', '604', '2', '5', 180, 'Eum laboriosam fugit velit nulla aut non. Deleniti cum vitae error. Animi sit optio repellendus assumenda consequatur et. Quia est dolorem quidem est vel. Qui eligendi earum vitae sint.', '99', '72', 53, '1993-04-01 05:03:10', '1999-03-06 09:05:49');
INSERT INTO `documents` (`id`, `document_type_id`, `title`, `author_id`, `department_id`, `registration_date`, `registration_number`, `company_id`, `counterparty_id`, `number_sheets`, `content`, `responsible_id`, `case_files_catalog_id`, `dossier_number`, `created_at`, `updated_at`) VALUES ('35', '88', 'Natus quaerat illo dolor possimus.', '89', '7', '2018-03-21 07:43:23', '231', '8', '59', 194, 'Nihil quo quis tempora omnis eum mollitia minus. Rerum blanditiis mollitia voluptatum. Voluptatem id aut voluptate aliquam et impedit tenetur.', '69', '67', 28, '2015-10-18 22:18:22', '2002-03-18 12:33:34');
INSERT INTO `documents` (`id`, `document_type_id`, `title`, `author_id`, `department_id`, `registration_date`, `registration_number`, `company_id`, `counterparty_id`, `number_sheets`, `content`, `responsible_id`, `case_files_catalog_id`, `dossier_number`, `created_at`, `updated_at`) VALUES ('36', '23', 'Ad et non similique id ut voluptates.', '89', '9', '2000-11-06 05:28:22', '495', '3', '44', 140, 'Consequuntur nisi dolorem sapiente placeat alias minus dolores et. Sed eum qui atque labore voluptates. In itaque voluptas velit aut sit est. Est corrupti necessitatibus aspernatur commodi non.', '84', '85', 75, '1990-08-05 15:31:47', '1975-03-19 20:18:51');
INSERT INTO `documents` (`id`, `document_type_id`, `title`, `author_id`, `department_id`, `registration_date`, `registration_number`, `company_id`, `counterparty_id`, `number_sheets`, `content`, `responsible_id`, `case_files_catalog_id`, `dossier_number`, `created_at`, `updated_at`) VALUES ('37', '25', 'Et maiores illo id et fugiat.', '96', '13', '1997-07-14 20:48:37', '108', '9', '69', 285, 'Sed aut impedit sed perspiciatis minus. Vel et totam consequatur quo labore eaque harum. Iste et nihil excepturi temporibus explicabo. Quaerat eum et ut nesciunt soluta ullam.', '39', '73', 7, '1976-08-12 17:42:31', '1992-01-07 18:14:00');
INSERT INTO `documents` (`id`, `document_type_id`, `title`, `author_id`, `department_id`, `registration_date`, `registration_number`, `company_id`, `counterparty_id`, `number_sheets`, `content`, `responsible_id`, `case_files_catalog_id`, `dossier_number`, `created_at`, `updated_at`) VALUES ('38', '93', 'Nihil officia autem aut sapiente.', '93', '14', '2005-06-06 11:07:50', '1469', '6', '20', 301, 'Et veniam nulla cumque tempore. Sed consequatur rerum deserunt. Facere modi numquam corrupti magni. Voluptatem magnam odit possimus nam.', '20', '73', 90, '1994-02-14 04:15:19', '2018-06-04 07:23:15');
INSERT INTO `documents` (`id`, `document_type_id`, `title`, `author_id`, `department_id`, `registration_date`, `registration_number`, `company_id`, `counterparty_id`, `number_sheets`, `content`, `responsible_id`, `case_files_catalog_id`, `dossier_number`, `created_at`, `updated_at`) VALUES ('39', '25', 'Et ut dolor in.', '19', '7', '1977-07-21 06:36:15', '1537', '2', '7', 183, 'Ipsam fuga veritatis et non quos non. Modi repellendus est repellendus libero et repellendus corporis et.', '89', '92', 91, '1982-07-06 09:04:45', '2008-07-14 22:32:02');
INSERT INTO `documents` (`id`, `document_type_id`, `title`, `author_id`, `department_id`, `registration_date`, `registration_number`, `company_id`, `counterparty_id`, `number_sheets`, `content`, `responsible_id`, `case_files_catalog_id`, `dossier_number`, `created_at`, `updated_at`) VALUES ('40', '65', 'Similique occaecati nostrum voluptatem.', '57', '9', '2010-11-19 03:42:06', '808', '9', '46', 297, 'Recusandae et aliquam aperiam ut quia aut omnis illo. Aliquid dolor quos rem. Placeat accusantium iusto assumenda. Quia voluptatum numquam placeat et aut rerum quam.', '16', '13', 92, '1978-01-01 08:53:23', '2014-08-07 19:08:53');
INSERT INTO `documents` (`id`, `document_type_id`, `title`, `author_id`, `department_id`, `registration_date`, `registration_number`, `company_id`, `counterparty_id`, `number_sheets`, `content`, `responsible_id`, `case_files_catalog_id`, `dossier_number`, `created_at`, `updated_at`) VALUES ('41', '89', 'Illo in fugiat occaecati rerum officia rerum.', '100', '15', '1990-10-20 23:33:23', '282', '2', '95', 141, 'Sit est pariatur quia earum. Qui qui qui suscipit saepe saepe. Nemo ex veniam eos expedita eveniet quos explicabo.', '82', '96', 52, '2002-09-21 06:51:57', '1970-02-05 10:36:11');
INSERT INTO `documents` (`id`, `document_type_id`, `title`, `author_id`, `department_id`, `registration_date`, `registration_number`, `company_id`, `counterparty_id`, `number_sheets`, `content`, `responsible_id`, `case_files_catalog_id`, `dossier_number`, `created_at`, `updated_at`) VALUES ('42', '64', 'Quo nulla occaecati saepe.', '20', '11', '1977-10-03 22:04:27', '959', '6', '12', 213, 'Quasi ab sint blanditiis delectus voluptas voluptatem. Illo molestias debitis ipsum impedit nam. Et ducimus dolore odio ut culpa. Quod quod dicta modi porro aut consequatur.', '56', '10', 4, '1974-12-10 19:25:18', '1978-06-03 11:08:33');
INSERT INTO `documents` (`id`, `document_type_id`, `title`, `author_id`, `department_id`, `registration_date`, `registration_number`, `company_id`, `counterparty_id`, `number_sheets`, `content`, `responsible_id`, `case_files_catalog_id`, `dossier_number`, `created_at`, `updated_at`) VALUES ('43', '32', 'Quos cupiditate veritatis nulla ad aspernatur.', '76', '13', '1971-10-27 00:40:58', '491', '6', '94', 199, 'Repellat assumenda ipsum aspernatur voluptatum. Consequuntur voluptatem vel aut sequi. Autem eius voluptas quo atque beatae voluptas.', '27', '68', 83, '2000-10-14 15:46:11', '2016-05-07 16:58:06');
INSERT INTO `documents` (`id`, `document_type_id`, `title`, `author_id`, `department_id`, `registration_date`, `registration_number`, `company_id`, `counterparty_id`, `number_sheets`, `content`, `responsible_id`, `case_files_catalog_id`, `dossier_number`, `created_at`, `updated_at`) VALUES ('44', '100', 'Voluptates illo vitae omnis dolore.', '15', '9', '1979-03-27 02:18:12', '1466', '7', '72', 166, 'Impedit ut odio voluptas sint. Ut nisi dolor omnis quibusdam. Rerum reiciendis dolores rerum rerum. Sunt rem consequatur quae eaque blanditiis.', '18', '50', 72, '2015-05-23 11:51:52', '2000-06-07 03:27:41');
INSERT INTO `documents` (`id`, `document_type_id`, `title`, `author_id`, `department_id`, `registration_date`, `registration_number`, `company_id`, `counterparty_id`, `number_sheets`, `content`, `responsible_id`, `case_files_catalog_id`, `dossier_number`, `created_at`, `updated_at`) VALUES ('45', '17', 'Esse quae sed corrupti non quam quis voluptatibus.', '34', '10', '1972-09-25 01:01:32', '409', '1', '33', 138, 'Adipisci sint sint repudiandae sit. Facere doloremque inventore alias magnam atque et. Ut ea accusantium aut. Quam necessitatibus perferendis tenetur qui eos tempore.', '61', '18', 51, '2016-08-17 03:36:29', '1986-02-06 13:44:40');
INSERT INTO `documents` (`id`, `document_type_id`, `title`, `author_id`, `department_id`, `registration_date`, `registration_number`, `company_id`, `counterparty_id`, `number_sheets`, `content`, `responsible_id`, `case_files_catalog_id`, `dossier_number`, `created_at`, `updated_at`) VALUES ('46', '28', 'Atque ut corporis sint perspiciatis.', '42', '2', '2018-04-12 23:13:36', '1444', '10', '61', 156, 'Porro illo corrupti ut sint id accusantium quos ex. Aut ea non ea non. Sit dolores rerum nobis enim aperiam natus. Aperiam voluptas quod cupiditate veniam voluptatem.', '81', '47', 81, '2015-10-11 07:57:21', '1978-12-05 19:37:14');
INSERT INTO `documents` (`id`, `document_type_id`, `title`, `author_id`, `department_id`, `registration_date`, `registration_number`, `company_id`, `counterparty_id`, `number_sheets`, `content`, `responsible_id`, `case_files_catalog_id`, `dossier_number`, `created_at`, `updated_at`) VALUES ('47', '73', 'Corrupti expedita deserunt iste esse.', '37', '9', '1987-11-20 00:38:22', '357', '1', '12', 192, 'Provident quas facilis omnis. Maiores velit tenetur suscipit deleniti dolores. Facere iusto ea est deleniti excepturi.', '39', '60', 100, '1987-01-10 02:53:13', '2008-12-16 09:42:26');
INSERT INTO `documents` (`id`, `document_type_id`, `title`, `author_id`, `department_id`, `registration_date`, `registration_number`, `company_id`, `counterparty_id`, `number_sheets`, `content`, `responsible_id`, `case_files_catalog_id`, `dossier_number`, `created_at`, `updated_at`) VALUES ('48', '5', 'Voluptas in ea voluptatem soluta qui ut.', '66', '5', '1973-07-22 22:21:32', '1080', '1', '80', 276, 'Rerum et mollitia recusandae facilis aliquam. Aut sequi neque voluptatem voluptatem nam qui fugiat. Ea cum dicta voluptatem consectetur amet eum magnam eius.', '88', '68', 40, '2002-08-21 11:20:34', '1979-02-25 14:39:26');
INSERT INTO `documents` (`id`, `document_type_id`, `title`, `author_id`, `department_id`, `registration_date`, `registration_number`, `company_id`, `counterparty_id`, `number_sheets`, `content`, `responsible_id`, `case_files_catalog_id`, `dossier_number`, `created_at`, `updated_at`) VALUES ('49', '51', 'Id perferendis et inventore.', '5', '3', '1990-09-29 15:06:30', '438', '7', '39', 311, 'Fugiat ducimus blanditiis et magni ratione quia. Dicta omnis dignissimos voluptatem officiis beatae est quia laborum. Optio itaque in inventore doloribus.', '81', '72', 10, '1985-03-21 15:52:37', '1991-09-29 18:15:20');
INSERT INTO `documents` (`id`, `document_type_id`, `title`, `author_id`, `department_id`, `registration_date`, `registration_number`, `company_id`, `counterparty_id`, `number_sheets`, `content`, `responsible_id`, `case_files_catalog_id`, `dossier_number`, `created_at`, `updated_at`) VALUES ('50', '72', 'Qui et eos eos ratione tenetur pariatur.', '41', '14', '2009-05-04 03:42:41', '203', '10', '83', 283, 'Incidunt distinctio exercitationem officia velit ab commodi. Distinctio voluptatem quo autem vero quos quibusdam nostrum. Excepturi et accusamus voluptates.', '3', '90', 10, '1971-04-16 05:57:31', '2019-12-11 21:58:23');
INSERT INTO `documents` (`id`, `document_type_id`, `title`, `author_id`, `department_id`, `registration_date`, `registration_number`, `company_id`, `counterparty_id`, `number_sheets`, `content`, `responsible_id`, `case_files_catalog_id`, `dossier_number`, `created_at`, `updated_at`) VALUES ('51', '43', 'Ut est maxime et.', '83', '6', '1996-10-28 18:26:05', '1092', '2', '20', 320, 'Sint voluptatem explicabo consequatur ea incidunt deserunt quis. Recusandae magni voluptates sapiente eos quia tempora. Et cum consequuntur id culpa esse officiis.', '94', '19', 74, '2002-10-26 22:56:11', '2015-06-22 01:03:49');
INSERT INTO `documents` (`id`, `document_type_id`, `title`, `author_id`, `department_id`, `registration_date`, `registration_number`, `company_id`, `counterparty_id`, `number_sheets`, `content`, `responsible_id`, `case_files_catalog_id`, `dossier_number`, `created_at`, `updated_at`) VALUES ('52', '32', 'Rem occaecati dolorem eaque qui ab.', '32', '12', '1982-04-07 15:24:58', '295', '4', '98', 200, 'Voluptates porro aut sed aut autem molestiae quidem. Ut atque ducimus id pariatur voluptatibus ullam. Minus doloremque aut aut hic. Expedita et tenetur suscipit officiis magni optio sint.', '6', '41', 100, '1970-06-01 11:17:32', '2010-12-29 03:59:01');
INSERT INTO `documents` (`id`, `document_type_id`, `title`, `author_id`, `department_id`, `registration_date`, `registration_number`, `company_id`, `counterparty_id`, `number_sheets`, `content`, `responsible_id`, `case_files_catalog_id`, `dossier_number`, `created_at`, `updated_at`) VALUES ('53', '77', 'Corrupti temporibus soluta quia.', '93', '2', '1992-10-29 04:52:25', '994', '3', '98', 237, 'Accusantium animi molestiae cumque corrupti dolor mollitia. Sunt perferendis quidem iure reiciendis tempora et. Incidunt in quos qui qui officia recusandae error. Enim natus omnis nesciunt sed.', '27', '94', 49, '1981-11-13 20:03:31', '1999-01-30 14:16:50');
INSERT INTO `documents` (`id`, `document_type_id`, `title`, `author_id`, `department_id`, `registration_date`, `registration_number`, `company_id`, `counterparty_id`, `number_sheets`, `content`, `responsible_id`, `case_files_catalog_id`, `dossier_number`, `created_at`, `updated_at`) VALUES ('54', '36', 'Tempora impedit repellat fugiat natus.', '7', '10', '2016-06-16 11:42:50', '199', '1', '48', 215, 'Numquam dolor quia placeat. Quod dolorum pariatur facere fugit odit rerum necessitatibus. Sit et possimus aspernatur aut cum velit eligendi voluptate.', '55', '6', 37, '1990-08-13 03:51:51', '1974-10-25 19:14:18');
INSERT INTO `documents` (`id`, `document_type_id`, `title`, `author_id`, `department_id`, `registration_date`, `registration_number`, `company_id`, `counterparty_id`, `number_sheets`, `content`, `responsible_id`, `case_files_catalog_id`, `dossier_number`, `created_at`, `updated_at`) VALUES ('55', '31', 'Voluptatibus nulla aut dolor sed.', '57', '15', '1976-08-16 09:58:45', '249', '8', '40', 269, 'Dolor ipsum eos eum quidem dicta officiis. Et explicabo soluta ut qui ut. In accusamus non officia sed.', '32', '88', 50, '1990-12-29 03:26:56', '1976-11-23 20:54:13');
INSERT INTO `documents` (`id`, `document_type_id`, `title`, `author_id`, `department_id`, `registration_date`, `registration_number`, `company_id`, `counterparty_id`, `number_sheets`, `content`, `responsible_id`, `case_files_catalog_id`, `dossier_number`, `created_at`, `updated_at`) VALUES ('56', '59', 'Ut dolorem dolore est quam voluptatem et.', '25', '1', '2018-08-03 03:51:48', '967', '10', '57', 218, 'Molestiae dolores quisquam quia consequuntur molestiae ut. Quis commodi qui provident. Beatae velit quis rerum id nulla praesentium totam.', '85', '27', 2, '1997-04-30 07:52:36', '2007-02-10 00:42:30');
INSERT INTO `documents` (`id`, `document_type_id`, `title`, `author_id`, `department_id`, `registration_date`, `registration_number`, `company_id`, `counterparty_id`, `number_sheets`, `content`, `responsible_id`, `case_files_catalog_id`, `dossier_number`, `created_at`, `updated_at`) VALUES ('57', '54', 'Perferendis quia quia reiciendis eum.', '91', '11', '1994-12-12 00:10:18', '1423', '4', '83', 259, 'Quaerat ad laborum debitis modi. Recusandae beatae laborum laudantium. Ut animi in veniam et ut suscipit labore consectetur. Est tenetur quia sequi aut quibusdam.', '76', '58', 71, '2010-02-08 08:13:28', '2004-12-28 02:40:58');
INSERT INTO `documents` (`id`, `document_type_id`, `title`, `author_id`, `department_id`, `registration_date`, `registration_number`, `company_id`, `counterparty_id`, `number_sheets`, `content`, `responsible_id`, `case_files_catalog_id`, `dossier_number`, `created_at`, `updated_at`) VALUES ('58', '81', 'A facilis et veritatis ipsum.', '2', '8', '1978-04-26 08:22:54', '977', '2', '8', 293, 'Voluptatem reprehenderit asperiores et et asperiores. Soluta est sunt praesentium doloribus est in corrupti. Dolorem ut est ipsum.', '17', '23', 14, '1997-10-30 16:14:47', '2010-04-17 17:05:20');
INSERT INTO `documents` (`id`, `document_type_id`, `title`, `author_id`, `department_id`, `registration_date`, `registration_number`, `company_id`, `counterparty_id`, `number_sheets`, `content`, `responsible_id`, `case_files_catalog_id`, `dossier_number`, `created_at`, `updated_at`) VALUES ('59', '56', 'Consequatur sit facilis numquam laboriosam.', '71', '5', '1978-11-11 08:59:21', '1155', '9', '27', 280, 'Laudantium voluptatum ad quam inventore rem est qui. Voluptatum vel facilis aut ea. Quis nam eum debitis qui minus maiores eos.', '24', '59', 7, '2013-02-19 09:37:30', '1978-03-22 15:18:04');
INSERT INTO `documents` (`id`, `document_type_id`, `title`, `author_id`, `department_id`, `registration_date`, `registration_number`, `company_id`, `counterparty_id`, `number_sheets`, `content`, `responsible_id`, `case_files_catalog_id`, `dossier_number`, `created_at`, `updated_at`) VALUES ('60', '66', 'Numquam veritatis qui culpa hic.', '55', '7', '2012-10-31 09:32:27', '1438', '3', '80', 243, 'Enim dolores hic consequatur et. Sunt sint illo vero cupiditate repellat itaque commodi. Sit ullam fugiat ut quo vel ut. Rerum a ipsum quia fugit.', '53', '16', 55, '2013-05-24 08:55:22', '2013-07-02 13:59:05');
INSERT INTO `documents` (`id`, `document_type_id`, `title`, `author_id`, `department_id`, `registration_date`, `registration_number`, `company_id`, `counterparty_id`, `number_sheets`, `content`, `responsible_id`, `case_files_catalog_id`, `dossier_number`, `created_at`, `updated_at`) VALUES ('61', '37', 'Unde voluptas aut eaque reiciendis.', '38', '7', '1987-01-08 12:34:14', '401', '10', '28', 126, 'Dolorem saepe nemo quidem dolore ut rerum labore. Illo molestias exercitationem quis accusamus. Et et voluptatem suscipit nam. Quis dolorum nostrum nemo sunt eos.', '9', '21', 8, '2014-04-17 22:17:03', '2008-06-22 04:43:35');
INSERT INTO `documents` (`id`, `document_type_id`, `title`, `author_id`, `department_id`, `registration_date`, `registration_number`, `company_id`, `counterparty_id`, `number_sheets`, `content`, `responsible_id`, `case_files_catalog_id`, `dossier_number`, `created_at`, `updated_at`) VALUES ('62', '11', 'Ab ut commodi ut necessitatibus qui.', '84', '12', '2008-08-11 18:55:39', '601', '10', '85', 190, 'Rerum maiores explicabo et minus. Qui harum adipisci rerum excepturi recusandae temporibus id fugiat. Quas qui adipisci iste nisi eaque sit.', '30', '7', 31, '2003-08-19 06:37:57', '2018-10-20 01:33:00');
INSERT INTO `documents` (`id`, `document_type_id`, `title`, `author_id`, `department_id`, `registration_date`, `registration_number`, `company_id`, `counterparty_id`, `number_sheets`, `content`, `responsible_id`, `case_files_catalog_id`, `dossier_number`, `created_at`, `updated_at`) VALUES ('63', '93', 'Qui eos debitis non.', '46', '5', '2014-11-04 20:22:20', '1246', '5', '16', 290, 'Ut et quia expedita et. Dolore sint voluptatem iusto error ratione facere enim. Magni placeat quibusdam amet autem ab.', '57', '34', 61, '2014-05-22 04:00:43', '2008-11-29 02:44:34');
INSERT INTO `documents` (`id`, `document_type_id`, `title`, `author_id`, `department_id`, `registration_date`, `registration_number`, `company_id`, `counterparty_id`, `number_sheets`, `content`, `responsible_id`, `case_files_catalog_id`, `dossier_number`, `created_at`, `updated_at`) VALUES ('64', '42', 'Quaerat inventore sed in est.', '80', '14', '1996-11-16 21:46:54', '686', '1', '35', 305, 'Voluptas ut excepturi ullam consequatur quo assumenda rerum. Quo voluptas delectus qui optio fugiat vel omnis sapiente. Neque est deserunt natus animi laborum. Aut a laudantium qui facere.', '39', '33', 69, '2017-07-05 01:18:56', '1971-11-03 09:24:18');
INSERT INTO `documents` (`id`, `document_type_id`, `title`, `author_id`, `department_id`, `registration_date`, `registration_number`, `company_id`, `counterparty_id`, `number_sheets`, `content`, `responsible_id`, `case_files_catalog_id`, `dossier_number`, `created_at`, `updated_at`) VALUES ('65', '15', 'Perspiciatis labore voluptate provident cum facilis odio.', '92', '8', '1973-12-01 23:28:29', '1542', '6', '30', 275, 'Ut voluptatibus natus earum saepe. Fuga nulla ullam dolore et voluptates possimus repudiandae. Tenetur voluptatem qui molestias ducimus repudiandae corporis. Ipsa amet labore dignissimos.', '89', '41', 27, '1984-09-24 23:39:49', '1980-02-08 17:28:20');
INSERT INTO `documents` (`id`, `document_type_id`, `title`, `author_id`, `department_id`, `registration_date`, `registration_number`, `company_id`, `counterparty_id`, `number_sheets`, `content`, `responsible_id`, `case_files_catalog_id`, `dossier_number`, `created_at`, `updated_at`) VALUES ('66', '57', 'Accusamus occaecati et enim animi.', '98', '10', '2006-06-14 01:46:01', '1080', '7', '81', 189, 'Quos ut enim consectetur dolores. Reprehenderit qui consequatur quia quo. Alias pariatur tempora quia labore. Quos modi aut quis corporis quia vero nemo.', '39', '59', 10, '1972-03-19 22:37:11', '1999-01-07 06:23:51');
INSERT INTO `documents` (`id`, `document_type_id`, `title`, `author_id`, `department_id`, `registration_date`, `registration_number`, `company_id`, `counterparty_id`, `number_sheets`, `content`, `responsible_id`, `case_files_catalog_id`, `dossier_number`, `created_at`, `updated_at`) VALUES ('67', '66', 'Suscipit laborum voluptatibus sed sint.', '68', '10', '2012-06-24 12:41:03', '883', '6', '13', 184, 'Adipisci voluptates et qui enim. Aut suscipit dicta perspiciatis ut et. Iusto nostrum officiis quis. Non voluptatem aliquid veniam quis id.', '94', '6', 13, '1972-12-15 22:16:46', '1982-02-13 00:45:19');
INSERT INTO `documents` (`id`, `document_type_id`, `title`, `author_id`, `department_id`, `registration_date`, `registration_number`, `company_id`, `counterparty_id`, `number_sheets`, `content`, `responsible_id`, `case_files_catalog_id`, `dossier_number`, `created_at`, `updated_at`) VALUES ('68', '29', 'Esse sapiente explicabo blanditiis ipsa odio.', '51', '6', '2001-04-08 11:27:44', '699', '7', '30', 288, 'Suscipit neque facere quo quam cum laborum. Sint doloribus qui reiciendis repudiandae dolorum error rerum. Et velit dolorem et quia. Odit qui asperiores blanditiis.', '32', '78', 77, '1989-05-31 05:06:07', '2009-02-19 15:12:07');
INSERT INTO `documents` (`id`, `document_type_id`, `title`, `author_id`, `department_id`, `registration_date`, `registration_number`, `company_id`, `counterparty_id`, `number_sheets`, `content`, `responsible_id`, `case_files_catalog_id`, `dossier_number`, `created_at`, `updated_at`) VALUES ('69', '65', 'Accusamus libero voluptatem ullam consequatur vel vel.', '71', '2', '1993-10-05 22:36:32', '512', '8', '62', 258, 'Sit molestias qui quod. Natus nihil vero reiciendis veniam architecto. Nihil suscipit iusto rem iure doloremque pariatur.', '58', '30', 26, '1999-07-05 02:59:51', '2007-03-10 03:15:33');
INSERT INTO `documents` (`id`, `document_type_id`, `title`, `author_id`, `department_id`, `registration_date`, `registration_number`, `company_id`, `counterparty_id`, `number_sheets`, `content`, `responsible_id`, `case_files_catalog_id`, `dossier_number`, `created_at`, `updated_at`) VALUES ('70', '91', 'Maiores quo quo officiis sit.', '47', '11', '2009-05-31 17:04:08', '1200', '5', '44', 214, 'Alias nihil ut voluptatem et unde nihil. Inventore omnis aut beatae nemo eius. Et ullam facere non quod eum at. Impedit rerum voluptatem aut numquam.', '31', '15', 76, '2010-04-14 16:36:23', '2014-02-09 01:17:14');
INSERT INTO `documents` (`id`, `document_type_id`, `title`, `author_id`, `department_id`, `registration_date`, `registration_number`, `company_id`, `counterparty_id`, `number_sheets`, `content`, `responsible_id`, `case_files_catalog_id`, `dossier_number`, `created_at`, `updated_at`) VALUES ('71', '25', 'Eaque pariatur reiciendis facilis dignissimos inventore quisquam.', '70', '11', '1989-08-19 18:17:49', '462', '9', '37', 220, 'Vel libero consequatur dolorem error consectetur nihil quam voluptas. Odio libero tenetur quisquam ipsa.', '38', '47', 84, '1993-10-22 04:09:47', '2010-02-23 21:50:53');
INSERT INTO `documents` (`id`, `document_type_id`, `title`, `author_id`, `department_id`, `registration_date`, `registration_number`, `company_id`, `counterparty_id`, `number_sheets`, `content`, `responsible_id`, `case_files_catalog_id`, `dossier_number`, `created_at`, `updated_at`) VALUES ('72', '50', 'Dolor ut est voluptas.', '31', '8', '1973-10-27 04:26:31', '114', '8', '82', 238, 'Officia ratione laudantium voluptatum magnam maiores sed et. Vitae commodi est aspernatur fugit. Delectus sint eaque iste eveniet. Voluptatem sequi aliquam tempora veniam aut.', '92', '48', 4, '2005-02-28 03:56:50', '1985-04-24 22:08:32');
INSERT INTO `documents` (`id`, `document_type_id`, `title`, `author_id`, `department_id`, `registration_date`, `registration_number`, `company_id`, `counterparty_id`, `number_sheets`, `content`, `responsible_id`, `case_files_catalog_id`, `dossier_number`, `created_at`, `updated_at`) VALUES ('73', '11', 'Hic molestiae reprehenderit rem eveniet.', '24', '4', '2003-09-04 21:37:08', '977', '8', '94', 146, 'Ut maxime sapiente accusantium veritatis. Ab et quia dolorum blanditiis ullam perferendis. Modi quas hic error suscipit libero est consequatur minus.', '36', '55', 41, '2010-01-01 23:00:06', '1983-12-23 12:43:49');
INSERT INTO `documents` (`id`, `document_type_id`, `title`, `author_id`, `department_id`, `registration_date`, `registration_number`, `company_id`, `counterparty_id`, `number_sheets`, `content`, `responsible_id`, `case_files_catalog_id`, `dossier_number`, `created_at`, `updated_at`) VALUES ('74', '56', 'Omnis sint commodi labore fuga maiores.', '93', '13', '2001-07-11 07:17:07', '1319', '5', '39', 135, 'Quaerat voluptatem velit consequuntur. Sint quis ipsam nemo. Sequi nam inventore laudantium dolore temporibus rem. Odit et possimus et illo non earum.', '53', '94', 10, '1991-05-24 12:13:50', '1999-05-23 01:58:05');
INSERT INTO `documents` (`id`, `document_type_id`, `title`, `author_id`, `department_id`, `registration_date`, `registration_number`, `company_id`, `counterparty_id`, `number_sheets`, `content`, `responsible_id`, `case_files_catalog_id`, `dossier_number`, `created_at`, `updated_at`) VALUES ('75', '83', 'Iure commodi sint aut.', '83', '2', '1976-08-08 07:44:39', '374', '1', '53', 224, 'Accusantium est sit vel quia sequi et aut recusandae. Odit aperiam in dolores dicta laudantium accusamus ducimus. Exercitationem quod tempora voluptates.', '82', '96', 19, '1993-02-01 08:16:45', '2000-11-06 02:31:43');
INSERT INTO `documents` (`id`, `document_type_id`, `title`, `author_id`, `department_id`, `registration_date`, `registration_number`, `company_id`, `counterparty_id`, `number_sheets`, `content`, `responsible_id`, `case_files_catalog_id`, `dossier_number`, `created_at`, `updated_at`) VALUES ('76', '89', 'Veritatis deserunt ipsam nihil nemo.', '19', '7', '1993-03-03 11:49:49', '1368', '4', '50', 250, 'Ut ad voluptas ullam odio rerum. Nesciunt veniam ut dolores. Quibusdam aliquam qui nihil tempore sunt cum. Modi soluta nihil eum pariatur iusto aspernatur non.', '96', '17', 67, '1984-11-03 05:02:29', '1975-02-13 06:25:33');
INSERT INTO `documents` (`id`, `document_type_id`, `title`, `author_id`, `department_id`, `registration_date`, `registration_number`, `company_id`, `counterparty_id`, `number_sheets`, `content`, `responsible_id`, `case_files_catalog_id`, `dossier_number`, `created_at`, `updated_at`) VALUES ('77', '31', 'Vel est quis sit non.', '88', '10', '2015-08-14 16:42:15', '253', '5', '11', 182, 'Repellendus nostrum explicabo ut inventore. Distinctio placeat et sunt dolorem voluptate sequi magni. Fuga rerum minima culpa est quia eveniet voluptas. Aliquid fuga minima sint ad eius ipsa ut.', '90', '18', 98, '1976-04-10 20:15:11', '1991-10-06 22:59:20');
INSERT INTO `documents` (`id`, `document_type_id`, `title`, `author_id`, `department_id`, `registration_date`, `registration_number`, `company_id`, `counterparty_id`, `number_sheets`, `content`, `responsible_id`, `case_files_catalog_id`, `dossier_number`, `created_at`, `updated_at`) VALUES ('78', '5', 'Quas voluptas exercitationem libero eveniet.', '25', '11', '2017-03-22 03:18:13', '1532', '6', '18', 132, 'Est deleniti dolorum ipsam tempore magnam provident. Ut dolores culpa aut voluptas consectetur quisquam voluptatum. Fugiat aut quidem voluptatem earum.', '55', '6', 44, '1999-01-19 03:35:35', '2010-04-11 07:39:41');
INSERT INTO `documents` (`id`, `document_type_id`, `title`, `author_id`, `department_id`, `registration_date`, `registration_number`, `company_id`, `counterparty_id`, `number_sheets`, `content`, `responsible_id`, `case_files_catalog_id`, `dossier_number`, `created_at`, `updated_at`) VALUES ('79', '56', 'Ullam aut esse nobis voluptatem.', '7', '15', '2011-06-19 12:22:26', '465', '4', '90', 203, 'Dicta officia rerum nulla qui. Saepe nemo et sit rerum alias voluptate. Sunt velit voluptatibus eius quibusdam. Vel autem temporibus officiis ut non possimus quaerat fugiat.', '8', '45', 17, '1976-06-17 06:34:38', '1993-12-25 04:56:05');
INSERT INTO `documents` (`id`, `document_type_id`, `title`, `author_id`, `department_id`, `registration_date`, `registration_number`, `company_id`, `counterparty_id`, `number_sheets`, `content`, `responsible_id`, `case_files_catalog_id`, `dossier_number`, `created_at`, `updated_at`) VALUES ('80', '42', 'Mollitia laudantium reiciendis nihil sunt et ipsa.', '89', '7', '1981-03-10 22:27:52', '1051', '4', '8', 219, 'Sint pariatur voluptate labore ipsa repellendus ea fugit. Perspiciatis quo dolore non qui. Soluta illo odit quo voluptatem sunt dolorem est.', '84', '70', 61, '2002-02-19 13:31:04', '1979-02-16 03:24:50');
INSERT INTO `documents` (`id`, `document_type_id`, `title`, `author_id`, `department_id`, `registration_date`, `registration_number`, `company_id`, `counterparty_id`, `number_sheets`, `content`, `responsible_id`, `case_files_catalog_id`, `dossier_number`, `created_at`, `updated_at`) VALUES ('81', '58', 'Aut labore similique sit voluptas.', '79', '13', '1970-04-22 01:10:36', '199', '9', '67', 260, 'Inventore perspiciatis rerum voluptate consectetur dolorem eius quo rerum. Dolorem velit corrupti ut debitis. Molestias et odio qui aut provident. Ducimus vero similique vel.', '51', '31', 75, '1991-02-03 13:31:09', '2007-07-16 14:51:13');
INSERT INTO `documents` (`id`, `document_type_id`, `title`, `author_id`, `department_id`, `registration_date`, `registration_number`, `company_id`, `counterparty_id`, `number_sheets`, `content`, `responsible_id`, `case_files_catalog_id`, `dossier_number`, `created_at`, `updated_at`) VALUES ('82', '77', 'Voluptatem beatae similique laboriosam eveniet pariatur quia.', '41', '8', '1989-06-25 02:26:01', '1486', '9', '66', 228, 'Aperiam quia magnam et vel voluptatem quam sequi. Consequatur autem asperiores officiis dolores. Non sapiente ratione sequi. Porro reprehenderit ut eos corporis.', '19', '41', 83, '1997-06-22 20:42:10', '2017-07-07 04:29:44');
INSERT INTO `documents` (`id`, `document_type_id`, `title`, `author_id`, `department_id`, `registration_date`, `registration_number`, `company_id`, `counterparty_id`, `number_sheets`, `content`, `responsible_id`, `case_files_catalog_id`, `dossier_number`, `created_at`, `updated_at`) VALUES ('83', '83', 'Molestias dolores velit rerum doloribus nobis aliquam.', '73', '7', '2008-11-20 08:44:19', '54', '4', '80', 273, 'Accusantium fugiat dolores ut et et sunt. Ex qui doloremque qui quia. Sit labore vel porro minus.', '46', '78', 99, '1972-09-21 01:05:31', '2003-06-05 07:03:39');
INSERT INTO `documents` (`id`, `document_type_id`, `title`, `author_id`, `department_id`, `registration_date`, `registration_number`, `company_id`, `counterparty_id`, `number_sheets`, `content`, `responsible_id`, `case_files_catalog_id`, `dossier_number`, `created_at`, `updated_at`) VALUES ('84', '70', 'Et aut temporibus magni.', '54', '4', '1985-10-08 04:18:14', '876', '2', '42', 206, 'Sint veniam nemo facilis enim. Cupiditate alias sed et quod voluptatem dolores. Ut et nihil sit aspernatur. Ipsum et ut consequuntur unde est et et.', '63', '42', 20, '1986-01-08 03:21:39', '1973-05-16 15:24:20');
INSERT INTO `documents` (`id`, `document_type_id`, `title`, `author_id`, `department_id`, `registration_date`, `registration_number`, `company_id`, `counterparty_id`, `number_sheets`, `content`, `responsible_id`, `case_files_catalog_id`, `dossier_number`, `created_at`, `updated_at`) VALUES ('85', '50', 'Sequi aut nesciunt perspiciatis quia.', '46', '2', '1995-11-07 03:20:39', '1439', '1', '25', 170, 'Repudiandae voluptas quae qui porro. Dolorem consequatur voluptatem dolore aut molestiae. Est in in temporibus commodi incidunt veniam eum aut. Sit rerum qui ab eos facilis.', '98', '96', 38, '1980-02-11 04:34:50', '1987-07-13 00:24:14');
INSERT INTO `documents` (`id`, `document_type_id`, `title`, `author_id`, `department_id`, `registration_date`, `registration_number`, `company_id`, `counterparty_id`, `number_sheets`, `content`, `responsible_id`, `case_files_catalog_id`, `dossier_number`, `created_at`, `updated_at`) VALUES ('86', '91', 'Unde id sed eius culpa consequatur.', '49', '4', '2011-01-28 18:57:59', '1279', '7', '89', 298, 'Tenetur saepe at quo fuga qui. Omnis nulla et ea aspernatur et optio ut. Omnis sed sunt autem eveniet.', '73', '49', 26, '1980-08-17 20:28:01', '2014-12-23 08:10:23');
INSERT INTO `documents` (`id`, `document_type_id`, `title`, `author_id`, `department_id`, `registration_date`, `registration_number`, `company_id`, `counterparty_id`, `number_sheets`, `content`, `responsible_id`, `case_files_catalog_id`, `dossier_number`, `created_at`, `updated_at`) VALUES ('87', '55', 'Est sequi quis eum.', '92', '14', '2017-05-30 13:29:08', '344', '4', '64', 292, 'Eum culpa deleniti consequatur soluta quia laudantium et. Qui voluptatem maxime accusantium veritatis voluptas molestias. Mollitia assumenda dolor velit voluptas eos.', '36', '77', 75, '2010-02-13 13:59:31', '1981-01-25 16:49:28');
INSERT INTO `documents` (`id`, `document_type_id`, `title`, `author_id`, `department_id`, `registration_date`, `registration_number`, `company_id`, `counterparty_id`, `number_sheets`, `content`, `responsible_id`, `case_files_catalog_id`, `dossier_number`, `created_at`, `updated_at`) VALUES ('88', '44', 'Hic recusandae similique commodi qui enim ducimus.', '81', '9', '1970-11-03 22:42:48', '959', '2', '34', 154, 'Temporibus est adipisci et excepturi minima. Aut deleniti fugiat nobis officiis qui nemo unde. Blanditiis sed at magnam repudiandae eaque totam. Quos qui est repudiandae error distinctio eius.', '76', '24', 91, '2013-02-18 03:57:14', '1997-07-08 20:16:41');
INSERT INTO `documents` (`id`, `document_type_id`, `title`, `author_id`, `department_id`, `registration_date`, `registration_number`, `company_id`, `counterparty_id`, `number_sheets`, `content`, `responsible_id`, `case_files_catalog_id`, `dossier_number`, `created_at`, `updated_at`) VALUES ('89', '76', 'Quas perspiciatis saepe quidem tenetur ipsum molestias.', '38', '10', '1970-07-04 03:54:10', '1521', '3', '84', 262, 'Natus sint dolores eos sed ut nihil sed. Rerum totam minima fugiat et voluptas. Sint alias minus et ipsa. Possimus at aut accusantium tenetur.', '76', '33', 20, '1995-08-29 08:04:16', '2000-05-21 21:03:32');
INSERT INTO `documents` (`id`, `document_type_id`, `title`, `author_id`, `department_id`, `registration_date`, `registration_number`, `company_id`, `counterparty_id`, `number_sheets`, `content`, `responsible_id`, `case_files_catalog_id`, `dossier_number`, `created_at`, `updated_at`) VALUES ('90', '8', 'Esse porro sint voluptatibus aut reiciendis nam.', '74', '5', '2012-01-18 00:43:42', '1218', '10', '22', 257, 'Reiciendis sit libero corporis inventore sed. Aliquid aut dolores voluptas perspiciatis. Ut inventore perferendis dicta corrupti.', '54', '66', 4, '2010-11-07 02:58:21', '1979-06-20 06:23:42');
INSERT INTO `documents` (`id`, `document_type_id`, `title`, `author_id`, `department_id`, `registration_date`, `registration_number`, `company_id`, `counterparty_id`, `number_sheets`, `content`, `responsible_id`, `case_files_catalog_id`, `dossier_number`, `created_at`, `updated_at`) VALUES ('91', '11', 'Amet aut veritatis impedit a.', '27', '3', '2015-09-26 09:43:52', '621', '7', '18', 308, 'Asperiores necessitatibus voluptatibus reiciendis illum. Fugiat sint pariatur blanditiis sit eaque. Aliquid deserunt omnis odio illo sed. Dicta quas deserunt beatae pariatur.', '3', '3', 8, '1983-01-10 16:56:34', '2006-04-14 15:18:43');
INSERT INTO `documents` (`id`, `document_type_id`, `title`, `author_id`, `department_id`, `registration_date`, `registration_number`, `company_id`, `counterparty_id`, `number_sheets`, `content`, `responsible_id`, `case_files_catalog_id`, `dossier_number`, `created_at`, `updated_at`) VALUES ('92', '82', 'Est dolores dolores atque ea accusamus sunt.', '38', '12', '2012-11-20 12:38:34', '918', '3', '19', 150, 'Ipsam in adipisci qui rem ut iusto minima et. Nemo asperiores et ipsum repellat sit voluptas. Enim iste quos quis facere totam.', '32', '37', 88, '2004-07-15 10:27:19', '2013-12-20 07:50:43');
INSERT INTO `documents` (`id`, `document_type_id`, `title`, `author_id`, `department_id`, `registration_date`, `registration_number`, `company_id`, `counterparty_id`, `number_sheets`, `content`, `responsible_id`, `case_files_catalog_id`, `dossier_number`, `created_at`, `updated_at`) VALUES ('93', '53', 'Quas quia consequuntur eos.', '7', '9', '2010-10-26 01:31:33', '314', '3', '45', 191, 'Consequatur repellat perspiciatis doloribus labore iste. Repellat aliquid earum aspernatur veniam. Porro blanditiis et ut. Voluptatem hic reiciendis blanditiis saepe voluptate quis officiis illum.', '25', '55', 99, '1980-02-08 14:29:00', '2019-06-04 16:27:25');
INSERT INTO `documents` (`id`, `document_type_id`, `title`, `author_id`, `department_id`, `registration_date`, `registration_number`, `company_id`, `counterparty_id`, `number_sheets`, `content`, `responsible_id`, `case_files_catalog_id`, `dossier_number`, `created_at`, `updated_at`) VALUES ('94', '28', 'Magnam ea sint voluptas.', '1', '14', '2005-02-08 13:49:20', '798', '4', '74', 125, 'Hic in adipisci consequatur officiis itaque. Eaque sint est ea et. Sequi consectetur dolores veritatis perferendis beatae.', '16', '33', 83, '1987-12-07 07:49:30', '1984-12-31 11:58:15');
INSERT INTO `documents` (`id`, `document_type_id`, `title`, `author_id`, `department_id`, `registration_date`, `registration_number`, `company_id`, `counterparty_id`, `number_sheets`, `content`, `responsible_id`, `case_files_catalog_id`, `dossier_number`, `created_at`, `updated_at`) VALUES ('95', '95', 'Eum et cupiditate voluptates dolorem.', '70', '15', '1976-01-08 20:24:45', '616', '1', '97', 247, 'Nemo qui sed aliquid dolorem. Architecto velit a quibusdam ratione quos nihil nobis. Dolorem minus vel sed itaque delectus ipsum sit. Odit quia et temporibus alias vitae quasi sunt.', '12', '70', 54, '1984-01-25 05:13:40', '1973-08-13 06:31:55');
INSERT INTO `documents` (`id`, `document_type_id`, `title`, `author_id`, `department_id`, `registration_date`, `registration_number`, `company_id`, `counterparty_id`, `number_sheets`, `content`, `responsible_id`, `case_files_catalog_id`, `dossier_number`, `created_at`, `updated_at`) VALUES ('96', '15', 'Officiis eveniet accusamus placeat voluptatum sunt.', '14', '11', '2010-11-19 08:37:30', '469', '10', '52', 204, 'Nihil porro et voluptates hic. Ab in minus et. Cupiditate adipisci vel non.', '50', '21', 42, '2011-02-02 20:44:25', '1971-08-21 21:08:11');
INSERT INTO `documents` (`id`, `document_type_id`, `title`, `author_id`, `department_id`, `registration_date`, `registration_number`, `company_id`, `counterparty_id`, `number_sheets`, `content`, `responsible_id`, `case_files_catalog_id`, `dossier_number`, `created_at`, `updated_at`) VALUES ('97', '71', 'Voluptatem facilis recusandae et dolore.', '82', '9', '1994-02-25 06:17:17', '210', '3', '89', 315, 'Eos est error iste cum voluptas. Incidunt maiores molestiae ut non distinctio. Dolor cupiditate quibusdam est et. Impedit dignissimos dignissimos facilis quia.', '17', '52', 3, '1983-02-25 11:56:07', '1994-02-03 22:10:15');
INSERT INTO `documents` (`id`, `document_type_id`, `title`, `author_id`, `department_id`, `registration_date`, `registration_number`, `company_id`, `counterparty_id`, `number_sheets`, `content`, `responsible_id`, `case_files_catalog_id`, `dossier_number`, `created_at`, `updated_at`) VALUES ('98', '33', 'Molestiae dignissimos ad sit error et.', '42', '1', '2016-03-19 20:57:52', '882', '6', '42', 139, 'Quia sit quia atque sequi quia aut sit. Voluptatem provident quia rerum reprehenderit. Eos ad aut expedita sequi aperiam enim. Illum iste quas aperiam unde.', '94', '95', 75, '1976-05-15 12:41:11', '1984-11-22 19:11:47');
INSERT INTO `documents` (`id`, `document_type_id`, `title`, `author_id`, `department_id`, `registration_date`, `registration_number`, `company_id`, `counterparty_id`, `number_sheets`, `content`, `responsible_id`, `case_files_catalog_id`, `dossier_number`, `created_at`, `updated_at`) VALUES ('99', '15', 'Quam iure a voluptates.', '9', '4', '2017-11-17 00:35:14', '957', '1', '79', 246, 'Quo adipisci incidunt nesciunt aliquid voluptas. In aut et repudiandae omnis numquam. Blanditiis ea voluptatem adipisci molestias architecto.', '25', '15', 1, '1977-08-11 01:10:07', '1986-03-24 06:19:33');
INSERT INTO `documents` (`id`, `document_type_id`, `title`, `author_id`, `department_id`, `registration_date`, `registration_number`, `company_id`, `counterparty_id`, `number_sheets`, `content`, `responsible_id`, `case_files_catalog_id`, `dossier_number`, `created_at`, `updated_at`) VALUES ('100', '75', 'Impedit recusandae quidem aliquam.', '36', '13', '2006-10-16 23:50:20', '453', '9', '49', 234, 'Rerum aspernatur qui porro quasi debitis. Omnis temporibus quo deserunt sunt.', '56', '84', 31, '1971-10-02 19:55:22', '1983-10-12 22:16:52');


#
# TABLE DATA FOR: files
#

truncate `files`;

INSERT INTO `files` (`id`, `name`, `author_id`, `document_id`, `extension`, `file_path`, `created_at`, `updated_at`) VALUES ('1', 'Est cupiditate doloribus expedita eum et.', '66', '12', 'tyo', 'z:\\npnqmf yaz pso\\pszh', '1986-02-20 04:51:06', '1989-02-07 20:36:07');
INSERT INTO `files` (`id`, `name`, `author_id`, `document_id`, `extension`, `file_path`, `created_at`, `updated_at`) VALUES ('2', 'Eligendi enim esse nulla.', '10', '67', 'tgq', 'h:\\fpfvtk fkx rjo\\nfpo', '2017-01-08 22:06:06', '2013-11-25 10:29:08');
INSERT INTO `files` (`id`, `name`, `author_id`, `document_id`, `extension`, `file_path`, `created_at`, `updated_at`) VALUES ('3', 'Sed odit saepe quos sunt et.', '25', '53', 'ftr', 'r:\\tzaeku wou bjm\\mzaj', '2013-04-13 05:12:24', '2007-08-17 20:17:17');
INSERT INTO `files` (`id`, `name`, `author_id`, `document_id`, `extension`, `file_path`, `created_at`, `updated_at`) VALUES ('4', 'Incidunt ex non laudantium eligendi.', '56', '71', 'udp', 'm:\\yratfg ghx wtq\\wzol', '2001-03-09 20:47:59', '1977-07-28 21:30:36');
INSERT INTO `files` (`id`, `name`, `author_id`, `document_id`, `extension`, `file_path`, `created_at`, `updated_at`) VALUES ('5', 'Quidem iste distinctio sit vitae sed voluptatem.', '10', '11', 'hdj', 'i:\\cawsia yhe iwx\\vtui', '1982-11-24 02:46:04', '2003-05-22 02:24:23');
INSERT INTO `files` (`id`, `name`, `author_id`, `document_id`, `extension`, `file_path`, `created_at`, `updated_at`) VALUES ('6', 'Neque commodi qui quam et.', '81', '39', 'nqy', 'o:\\gpsweu rqq hmh\\pqcg', '1992-05-22 08:03:20', '2011-04-09 06:32:53');
INSERT INTO `files` (`id`, `name`, `author_id`, `document_id`, `extension`, `file_path`, `created_at`, `updated_at`) VALUES ('7', 'Quia hic voluptates provident.', '66', '58', 'qeh', 'w:\\ampsch aeo lal\\msaz', '2003-08-12 23:44:38', '1983-11-15 06:58:50');
INSERT INTO `files` (`id`, `name`, `author_id`, `document_id`, `extension`, `file_path`, `created_at`, `updated_at`) VALUES ('8', 'Maiores quia sint neque.', '65', '30', 'ijd', 'a:\\wfsbvk jgh asj\\kcki', '2000-12-17 08:10:23', '1995-02-09 23:23:56');
INSERT INTO `files` (`id`, `name`, `author_id`, `document_id`, `extension`, `file_path`, `created_at`, `updated_at`) VALUES ('9', 'Aspernatur quia sequi sunt at sint.', '88', '84', 'pyn', 'v:\\jphkws xsf jqi\\yrok', '2019-12-21 15:35:05', '2016-07-09 02:27:20');
INSERT INTO `files` (`id`, `name`, `author_id`, `document_id`, `extension`, `file_path`, `created_at`, `updated_at`) VALUES ('10', 'Impedit optio cum qui dignissimos.', '55', '40', 'jvh', 'v:\\rgplzi ska suy\\bgii', '1977-05-06 10:22:24', '1980-01-13 11:56:18');
INSERT INTO `files` (`id`, `name`, `author_id`, `document_id`, `extension`, `file_path`, `created_at`, `updated_at`) VALUES ('11', 'Minus voluptas eveniet natus.', '20', '87', 'sft', 'k:\\wprnqm mms caw\\ngqm', '1975-10-13 19:18:49', '2019-11-08 18:49:09');
INSERT INTO `files` (`id`, `name`, `author_id`, `document_id`, `extension`, `file_path`, `created_at`, `updated_at`) VALUES ('12', 'Blanditiis dicta autem nihil laboriosam.', '96', '97', 'obc', 'm:\\raetta tsw ciw\\odts', '1981-08-13 20:14:41', '1983-07-14 18:45:19');
INSERT INTO `files` (`id`, `name`, `author_id`, `document_id`, `extension`, `file_path`, `created_at`, `updated_at`) VALUES ('13', 'Vel rem sint ut tenetur.', '27', '33', 'pqt', 'a:\\xkwbez wvo onw\\qobb', '1983-11-04 08:05:57', '1992-05-05 23:10:20');
INSERT INTO `files` (`id`, `name`, `author_id`, `document_id`, `extension`, `file_path`, `created_at`, `updated_at`) VALUES ('14', 'Harum quis et praesentium.', '24', '61', 'ffa', 'j:\\aflqyr obk hxo\\cypp', '2002-02-23 08:50:58', '2018-07-03 15:08:05');
INSERT INTO `files` (`id`, `name`, `author_id`, `document_id`, `extension`, `file_path`, `created_at`, `updated_at`) VALUES ('15', 'Adipisci quaerat animi voluptatem quis.', '96', '97', 'tlm', 'h:\\fdbsem fec axt\\rjme', '2013-12-01 11:46:41', '2013-12-27 17:14:04');
INSERT INTO `files` (`id`, `name`, `author_id`, `document_id`, `extension`, `file_path`, `created_at`, `updated_at`) VALUES ('16', 'Ut ut eaque quia sit doloribus earum.', '1', '62', 'uxr', 'w:\\ccnchk mes yee\\zkbc', '1971-07-19 20:43:47', '1981-02-25 23:36:47');
INSERT INTO `files` (`id`, `name`, `author_id`, `document_id`, `extension`, `file_path`, `created_at`, `updated_at`) VALUES ('17', 'Repellendus iste doloribus accusantium fugit eius et est.', '8', '10', 'qdg', 'n:\\dnqwfw cnk ogj\\nibt', '2008-10-10 16:22:53', '1982-07-04 12:48:24');
INSERT INTO `files` (`id`, `name`, `author_id`, `document_id`, `extension`, `file_path`, `created_at`, `updated_at`) VALUES ('18', 'Et nemo nam quidem quo numquam voluptatem.', '28', '33', 'but', 'p:\\oaojfw fiw zbb\\codx', '2012-10-06 12:18:09', '1991-09-14 04:23:15');
INSERT INTO `files` (`id`, `name`, `author_id`, `document_id`, `extension`, `file_path`, `created_at`, `updated_at`) VALUES ('19', 'Reiciendis quia dicta eos aut.', '63', '83', 'bva', 'c:\\qpurie wfm kkv\\aywj', '1985-11-29 17:51:52', '1980-02-12 01:10:53');
INSERT INTO `files` (`id`, `name`, `author_id`, `document_id`, `extension`, `file_path`, `created_at`, `updated_at`) VALUES ('20', 'Fugiat labore eos error quia modi.', '3', '72', 'aov', 'n:\\dwxnqo ral jzx\\rnfd', '1985-04-20 01:47:44', '1995-08-13 01:43:22');
INSERT INTO `files` (`id`, `name`, `author_id`, `document_id`, `extension`, `file_path`, `created_at`, `updated_at`) VALUES ('21', 'Rerum animi aut repellendus.', '94', '84', 'tqi', 'h:\\yexjsn zcy xfj\\fkrg', '1989-11-10 07:40:08', '2008-10-29 08:11:42');
INSERT INTO `files` (`id`, `name`, `author_id`, `document_id`, `extension`, `file_path`, `created_at`, `updated_at`) VALUES ('22', 'At placeat est quo laboriosam voluptate.', '11', '59', 'rrd', 'n:\\snmnph fum mtw\\hfqw', '2020-05-05 09:08:59', '1979-08-30 22:43:21');
INSERT INTO `files` (`id`, `name`, `author_id`, `document_id`, `extension`, `file_path`, `created_at`, `updated_at`) VALUES ('23', 'Eius nobis quas ea rerum odio dolorem.', '41', '75', 'grm', 'i:\\wtbbxc oly ejo\\qvit', '1986-04-11 14:31:38', '1991-12-04 21:06:08');
INSERT INTO `files` (`id`, `name`, `author_id`, `document_id`, `extension`, `file_path`, `created_at`, `updated_at`) VALUES ('24', 'Similique a fuga et.', '89', '29', 'xlr', 'l:\\porsyr wbb rut\\pnco', '1992-08-22 13:59:04', '1974-05-29 13:09:44');
INSERT INTO `files` (`id`, `name`, `author_id`, `document_id`, `extension`, `file_path`, `created_at`, `updated_at`) VALUES ('25', 'Eaque culpa autem error vero veniam.', '58', '43', 'qzz', 'y:\\vcsqxm eup elw\\hncr', '1971-03-02 18:23:06', '2000-01-01 15:16:14');
INSERT INTO `files` (`id`, `name`, `author_id`, `document_id`, `extension`, `file_path`, `created_at`, `updated_at`) VALUES ('26', 'Aut voluptatum velit minus debitis et.', '68', '78', 'rrq', 'd:\\phnhxw ski eiq\\kbvb', '1971-03-18 19:52:13', '2009-12-19 01:20:01');
INSERT INTO `files` (`id`, `name`, `author_id`, `document_id`, `extension`, `file_path`, `created_at`, `updated_at`) VALUES ('27', 'Minima et aut voluptatem sequi est minima.', '29', '63', 'omm', 'p:\\tbbhxr roy azp\\vice', '1980-10-02 18:47:08', '1991-07-02 00:26:15');
INSERT INTO `files` (`id`, `name`, `author_id`, `document_id`, `extension`, `file_path`, `created_at`, `updated_at`) VALUES ('28', 'Maiores tenetur distinctio vero itaque eaque.', '75', '56', 'eqc', 'v:\\ehvmli cof hdz\\xznt', '1980-03-13 13:44:14', '2006-07-09 18:13:11');
INSERT INTO `files` (`id`, `name`, `author_id`, `document_id`, `extension`, `file_path`, `created_at`, `updated_at`) VALUES ('29', 'Voluptate laudantium reprehenderit veritatis corporis.', '96', '99', 'wtn', 'n:\\wkndph plv swf\\folo', '1974-09-25 13:26:11', '2012-07-01 16:43:10');
INSERT INTO `files` (`id`, `name`, `author_id`, `document_id`, `extension`, `file_path`, `created_at`, `updated_at`) VALUES ('30', 'Consequatur assumenda rerum optio aut temporibus ex.', '16', '91', 'arh', 'w:\\mebhcl snn jdb\\rvmo', '1974-10-07 02:08:49', '2011-10-24 12:09:32');
INSERT INTO `files` (`id`, `name`, `author_id`, `document_id`, `extension`, `file_path`, `created_at`, `updated_at`) VALUES ('31', 'Quia nisi consequatur officia reprehenderit pariatur dignissimos.', '95', '16', 'fiq', 'a:\\cwmulq pwn txe\\cibk', '2004-12-27 09:08:35', '2001-08-18 15:33:38');
INSERT INTO `files` (`id`, `name`, `author_id`, `document_id`, `extension`, `file_path`, `created_at`, `updated_at`) VALUES ('32', 'Occaecati fugit aperiam quae velit excepturi mollitia.', '52', '3', 'ite', 'f:\\kmvahd hya awa\\axrw', '2000-03-11 20:24:13', '2005-11-19 21:54:50');
INSERT INTO `files` (`id`, `name`, `author_id`, `document_id`, `extension`, `file_path`, `created_at`, `updated_at`) VALUES ('33', 'Doloremque ut quo et.', '26', '80', 'mxu', 'h:\\rywhfx dux vpy\\rvwx', '2014-10-23 22:15:19', '2005-05-21 20:43:40');
INSERT INTO `files` (`id`, `name`, `author_id`, `document_id`, `extension`, `file_path`, `created_at`, `updated_at`) VALUES ('34', 'Laborum sunt nisi aut tempore veniam nihil.', '35', '88', 'dcg', 'k:\\dygtlv zsu sut\\wngf', '1993-02-17 07:25:41', '2003-02-19 12:49:41');
INSERT INTO `files` (`id`, `name`, `author_id`, `document_id`, `extension`, `file_path`, `created_at`, `updated_at`) VALUES ('35', 'Qui et est aut architecto velit.', '62', '38', 'pyn', 'o:\\ejbqkr jim cao\\pucf', '1997-09-20 20:56:35', '1996-05-28 05:53:56');
INSERT INTO `files` (`id`, `name`, `author_id`, `document_id`, `extension`, `file_path`, `created_at`, `updated_at`) VALUES ('36', 'Perspiciatis minus voluptatem doloribus eaque fugiat.', '60', '56', 'ljx', 'w:\\yukngp eiz hit\\snjf', '2020-07-12 17:30:45', '1976-10-22 16:46:54');
INSERT INTO `files` (`id`, `name`, `author_id`, `document_id`, `extension`, `file_path`, `created_at`, `updated_at`) VALUES ('37', 'Quos commodi est aut sapiente doloremque facilis.', '21', '71', 'anh', 'v:\\gyvoih txb bmp\\eieb', '2003-07-01 11:48:36', '1971-05-23 23:56:02');
INSERT INTO `files` (`id`, `name`, `author_id`, `document_id`, `extension`, `file_path`, `created_at`, `updated_at`) VALUES ('38', 'Eos quod eum voluptatem aut illo.', '15', '62', 'fbn', 'y:\\xfvrrm okt dln\\bcms', '1992-06-01 15:55:21', '2003-01-14 14:14:27');
INSERT INTO `files` (`id`, `name`, `author_id`, `document_id`, `extension`, `file_path`, `created_at`, `updated_at`) VALUES ('39', 'Distinctio est aut aut qui repellat.', '45', '3', 'oyx', 'n:\\rfsxqh url xrn\\wiex', '1981-10-11 20:55:16', '1980-04-15 14:27:13');
INSERT INTO `files` (`id`, `name`, `author_id`, `document_id`, `extension`, `file_path`, `created_at`, `updated_at`) VALUES ('40', 'Ad enim eum est.', '90', '3', 'pbc', 'q:\\sstdbs fwr yqp\\xrhy', '1988-07-15 02:04:19', '2018-09-24 17:46:22');
INSERT INTO `files` (`id`, `name`, `author_id`, `document_id`, `extension`, `file_path`, `created_at`, `updated_at`) VALUES ('41', 'Ducimus quidem occaecati tempora quas.', '46', '57', 'eiz', 'n:\\rnncmv atz nfv\\ineb', '1981-11-06 00:35:04', '1973-08-09 07:28:26');
INSERT INTO `files` (`id`, `name`, `author_id`, `document_id`, `extension`, `file_path`, `created_at`, `updated_at`) VALUES ('42', 'Sunt alias repellat eligendi qui maxime beatae.', '80', '74', 'src', 'd:\\vatcob adx hqz\\pram', '2013-08-24 02:14:12', '2010-07-13 18:08:02');
INSERT INTO `files` (`id`, `name`, `author_id`, `document_id`, `extension`, `file_path`, `created_at`, `updated_at`) VALUES ('43', 'Qui voluptatem voluptatem aut maiores asperiores.', '20', '54', 'ukz', 'd:\\noutft vaj xnr\\znff', '1991-11-06 16:47:53', '2009-11-24 19:28:57');
INSERT INTO `files` (`id`, `name`, `author_id`, `document_id`, `extension`, `file_path`, `created_at`, `updated_at`) VALUES ('44', 'Sed molestias sit unde officiis dolor eius.', '29', '15', 'qqe', 'u:\\cixfts alh siy\\dtay', '1974-02-18 05:41:47', '2003-12-26 12:24:54');
INSERT INTO `files` (`id`, `name`, `author_id`, `document_id`, `extension`, `file_path`, `created_at`, `updated_at`) VALUES ('45', 'Aut illo consectetur qui.', '52', '44', 'wsq', 'g:\\cophav yzl wlq\\pvcf', '1999-09-16 05:24:18', '2012-07-01 13:00:56');
INSERT INTO `files` (`id`, `name`, `author_id`, `document_id`, `extension`, `file_path`, `created_at`, `updated_at`) VALUES ('46', 'Quam et fugit qui quia.', '5', '47', 'rfc', 'o:\\veevgg uhh adk\\fshs', '1999-07-13 01:19:10', '1995-02-18 16:40:29');
INSERT INTO `files` (`id`, `name`, `author_id`, `document_id`, `extension`, `file_path`, `created_at`, `updated_at`) VALUES ('47', 'Omnis qui maiores placeat et.', '60', '56', 'bod', 'g:\\jrdnoq rqk tdp\\lfhz', '2014-01-19 10:57:07', '2010-08-20 09:20:14');
INSERT INTO `files` (`id`, `name`, `author_id`, `document_id`, `extension`, `file_path`, `created_at`, `updated_at`) VALUES ('48', 'Numquam sapiente impedit aperiam.', '49', '86', 'szb', 'p:\\zyrznc jxl mlk\\govm', '1996-11-27 15:32:35', '1981-04-01 10:07:22');
INSERT INTO `files` (`id`, `name`, `author_id`, `document_id`, `extension`, `file_path`, `created_at`, `updated_at`) VALUES ('49', 'Voluptas in delectus harum.', '35', '83', 'lya', 'l:\\vftkgg tua kfj\\bkgm', '2000-05-07 14:58:29', '2005-07-31 05:14:31');
INSERT INTO `files` (`id`, `name`, `author_id`, `document_id`, `extension`, `file_path`, `created_at`, `updated_at`) VALUES ('50', 'Sed nihil corporis eos.', '74', '97', 'dws', 'h:\\blahhj kre zms\\yvxb', '2013-10-08 04:19:23', '2013-01-15 04:04:29');
INSERT INTO `files` (`id`, `name`, `author_id`, `document_id`, `extension`, `file_path`, `created_at`, `updated_at`) VALUES ('51', 'Ex quia rem natus quis adipisci.', '20', '33', 'npy', 'j:\\eqcomk qmy yav\\ihki', '1979-10-12 05:01:45', '1993-04-13 20:09:10');
INSERT INTO `files` (`id`, `name`, `author_id`, `document_id`, `extension`, `file_path`, `created_at`, `updated_at`) VALUES ('52', 'Voluptatibus quisquam voluptatum aut sit aperiam fugiat.', '53', '41', 'pgo', 'v:\\umaepp ldq rmk\\aflg', '2008-11-18 07:03:41', '1979-12-04 21:19:37');
INSERT INTO `files` (`id`, `name`, `author_id`, `document_id`, `extension`, `file_path`, `created_at`, `updated_at`) VALUES ('53', 'Rerum rerum tempore et.', '3', '68', 'ocu', 'x:\\ddvugb qud akq\\qcbf', '1973-04-09 08:12:24', '2016-12-30 22:59:32');
INSERT INTO `files` (`id`, `name`, `author_id`, `document_id`, `extension`, `file_path`, `created_at`, `updated_at`) VALUES ('54', 'Fugit necessitatibus sunt dolores ea optio.', '2', '48', 'ycn', 'm:\\aoqprq qvs fwu\\kpxa', '1988-09-25 13:30:02', '1970-06-16 03:44:39');
INSERT INTO `files` (`id`, `name`, `author_id`, `document_id`, `extension`, `file_path`, `created_at`, `updated_at`) VALUES ('55', 'Asperiores modi deleniti asperiores laborum eum corporis.', '71', '91', 'qiv', 'c:\\ritnxs ukx mgs\\nycr', '1982-08-28 04:46:20', '1987-11-17 07:51:22');
INSERT INTO `files` (`id`, `name`, `author_id`, `document_id`, `extension`, `file_path`, `created_at`, `updated_at`) VALUES ('56', 'Quia asperiores cupiditate consequatur eos.', '51', '16', 'jhy', 'j:\\xqllmo xhs cgt\\jjmy', '1972-06-09 16:25:27', '1980-03-25 22:34:23');
INSERT INTO `files` (`id`, `name`, `author_id`, `document_id`, `extension`, `file_path`, `created_at`, `updated_at`) VALUES ('57', 'Asperiores voluptas quia aliquam explicabo aperiam totam.', '47', '30', 'lft', 'j:\\onufqk xja rax\\ulxm', '1989-07-11 13:37:18', '1993-09-29 23:45:33');
INSERT INTO `files` (`id`, `name`, `author_id`, `document_id`, `extension`, `file_path`, `created_at`, `updated_at`) VALUES ('58', 'Dolore ad sapiente exercitationem.', '89', '66', 'fhy', 'r:\\lnblpm kkh wjk\\zfmb', '1984-07-04 18:22:57', '2005-02-04 08:44:39');
INSERT INTO `files` (`id`, `name`, `author_id`, `document_id`, `extension`, `file_path`, `created_at`, `updated_at`) VALUES ('59', 'Nesciunt voluptatem eos qui soluta eaque.', '84', '18', 'joo', 'z:\\ldvwnx zzy xrw\\qfds', '1998-06-15 06:52:43', '1979-11-17 06:04:17');
INSERT INTO `files` (`id`, `name`, `author_id`, `document_id`, `extension`, `file_path`, `created_at`, `updated_at`) VALUES ('60', 'Inventore ea dolores sit cum fugit.', '80', '36', 'fmj', 'n:\\icqgkg jfx bfe\\aiuv', '2003-08-01 19:45:57', '1992-04-05 17:17:18');
INSERT INTO `files` (`id`, `name`, `author_id`, `document_id`, `extension`, `file_path`, `created_at`, `updated_at`) VALUES ('61', 'Pariatur in modi accusantium quo.', '62', '85', 'grw', 'r:\\vkncji njz pdf\\ssdv', '1978-08-09 13:34:10', '1996-04-16 15:10:51');
INSERT INTO `files` (`id`, `name`, `author_id`, `document_id`, `extension`, `file_path`, `created_at`, `updated_at`) VALUES ('62', 'Amet autem voluptatibus similique repellat ut.', '83', '22', 'yls', 'w:\\lgljnv vps afe\\hzzv', '1986-11-22 00:50:43', '2017-10-01 08:14:42');
INSERT INTO `files` (`id`, `name`, `author_id`, `document_id`, `extension`, `file_path`, `created_at`, `updated_at`) VALUES ('63', 'Qui et qui nobis.', '41', '31', 'gcy', 'y:\\aatchu iba yzh\\fykn', '1972-04-20 17:53:50', '2016-06-29 11:32:28');
INSERT INTO `files` (`id`, `name`, `author_id`, `document_id`, `extension`, `file_path`, `created_at`, `updated_at`) VALUES ('64', 'Qui est voluptates nulla sit.', '7', '76', 'udh', 'e:\\lfmnud pzj ehq\\kjlj', '2005-06-29 06:03:34', '1980-03-09 17:35:10');
INSERT INTO `files` (`id`, `name`, `author_id`, `document_id`, `extension`, `file_path`, `created_at`, `updated_at`) VALUES ('65', 'Eveniet nihil eius inventore quia tenetur voluptas.', '13', '80', 'pkl', 's:\\nipzem wwv nbc\\ehwe', '2014-11-21 10:34:27', '1970-07-30 17:19:09');
INSERT INTO `files` (`id`, `name`, `author_id`, `document_id`, `extension`, `file_path`, `created_at`, `updated_at`) VALUES ('66', 'Blanditiis est rerum nulla sapiente quia.', '73', '33', 'xhz', 'g:\\qvolow wnh vma\\gpxs', '1997-04-29 15:16:04', '1981-11-18 06:25:40');
INSERT INTO `files` (`id`, `name`, `author_id`, `document_id`, `extension`, `file_path`, `created_at`, `updated_at`) VALUES ('67', 'Totam est consectetur nobis vel omnis.', '13', '25', 'fbg', 'v:\\ixgivh kfh cfk\\xkzu', '1990-05-17 02:33:32', '2014-03-18 22:15:04');
INSERT INTO `files` (`id`, `name`, `author_id`, `document_id`, `extension`, `file_path`, `created_at`, `updated_at`) VALUES ('68', 'Quia voluptatem sapiente quo.', '73', '16', 'pal', 'f:\\yiuyso zyw gbk\\riav', '2012-10-31 07:37:14', '2015-07-05 13:56:05');
INSERT INTO `files` (`id`, `name`, `author_id`, `document_id`, `extension`, `file_path`, `created_at`, `updated_at`) VALUES ('69', 'Praesentium possimus iure deleniti.', '93', '74', 'unc', 'z:\\vongoz vkh and\\onsb', '2012-02-11 16:28:01', '2004-02-10 09:54:02');
INSERT INTO `files` (`id`, `name`, `author_id`, `document_id`, `extension`, `file_path`, `created_at`, `updated_at`) VALUES ('70', 'Suscipit ea mollitia odio.', '64', '63', 'ewh', 'e:\\uupyya imu ncp\\drqv', '1980-06-10 07:52:39', '1970-05-21 10:21:55');
INSERT INTO `files` (`id`, `name`, `author_id`, `document_id`, `extension`, `file_path`, `created_at`, `updated_at`) VALUES ('71', 'Consequuntur enim voluptas aut ipsa.', '64', '14', 'ajx', 's:\\kgwlvq rlr pri\\nsec', '2006-03-26 07:05:52', '1992-06-04 21:18:01');
INSERT INTO `files` (`id`, `name`, `author_id`, `document_id`, `extension`, `file_path`, `created_at`, `updated_at`) VALUES ('72', 'Voluptatem quisquam rem qui dolorum vel.', '78', '11', 'ohy', 'f:\\smffrc ome jkn\\eziz', '1986-01-11 22:18:08', '1978-12-24 21:00:14');
INSERT INTO `files` (`id`, `name`, `author_id`, `document_id`, `extension`, `file_path`, `created_at`, `updated_at`) VALUES ('73', 'Nemo sint odio alias quisquam tempore et.', '43', '67', 'euh', 'k:\\jjbkxt uyo vlp\\eqsh', '2003-08-22 15:58:54', '1996-02-12 17:12:49');
INSERT INTO `files` (`id`, `name`, `author_id`, `document_id`, `extension`, `file_path`, `created_at`, `updated_at`) VALUES ('74', 'Ea reiciendis veniam dolores.', '76', '27', 'mjg', 'i:\\tjxwrq veq bkl\\tkey', '2000-09-12 07:17:41', '2002-04-11 10:49:36');
INSERT INTO `files` (`id`, `name`, `author_id`, `document_id`, `extension`, `file_path`, `created_at`, `updated_at`) VALUES ('75', 'Iste animi dolores totam.', '85', '56', 'ovr', 'h:\\rckkrf rdq oid\\ldqf', '2013-12-09 07:07:31', '1991-12-31 04:17:16');
INSERT INTO `files` (`id`, `name`, `author_id`, `document_id`, `extension`, `file_path`, `created_at`, `updated_at`) VALUES ('76', 'Sed magnam totam neque expedita.', '63', '46', 'rqy', 'j:\\abzkaj mel jiw\\hnws', '2007-11-14 16:38:17', '1971-08-18 22:39:56');
INSERT INTO `files` (`id`, `name`, `author_id`, `document_id`, `extension`, `file_path`, `created_at`, `updated_at`) VALUES ('77', 'Sit at cumque illo quia est.', '41', '45', 'qzm', 'e:\\liwnye cwx rkz\\jaot', '2015-12-10 20:22:32', '1991-02-13 20:52:58');
INSERT INTO `files` (`id`, `name`, `author_id`, `document_id`, `extension`, `file_path`, `created_at`, `updated_at`) VALUES ('78', 'Rerum voluptatem ut tempore accusantium enim sequi.', '67', '81', 'nlw', 'h:\\gzhdoo fdg omv\\kbfm', '1986-06-10 07:03:45', '1975-07-28 15:04:34');
INSERT INTO `files` (`id`, `name`, `author_id`, `document_id`, `extension`, `file_path`, `created_at`, `updated_at`) VALUES ('79', 'Commodi dolor neque labore et.', '75', '74', 'kdq', 'c:\\esgbbc vvk cof\\tdxs', '1984-01-09 19:05:38', '1974-05-05 20:58:38');
INSERT INTO `files` (`id`, `name`, `author_id`, `document_id`, `extension`, `file_path`, `created_at`, `updated_at`) VALUES ('80', 'Expedita illum cumque non.', '56', '88', 'ooy', 'c:\\jsxeic eop ojj\\ruhp', '1974-05-06 21:58:35', '1982-01-25 01:46:09');
INSERT INTO `files` (`id`, `name`, `author_id`, `document_id`, `extension`, `file_path`, `created_at`, `updated_at`) VALUES ('81', 'Ut ab nostrum necessitatibus omnis et.', '53', '28', 'vkd', 'l:\\azarry mzb hul\\ajpm', '1978-07-08 20:45:47', '1998-01-03 05:27:03');
INSERT INTO `files` (`id`, `name`, `author_id`, `document_id`, `extension`, `file_path`, `created_at`, `updated_at`) VALUES ('82', 'Maiores tempore cum earum et et dolores.', '21', '66', 'wkv', 'g:\\gqopfb fzg yvh\\avgk', '2010-07-16 04:48:41', '1974-07-12 07:46:40');
INSERT INTO `files` (`id`, `name`, `author_id`, `document_id`, `extension`, `file_path`, `created_at`, `updated_at`) VALUES ('83', 'Quae impedit consequatur voluptatibus beatae.', '53', '93', 'qfg', 't:\\btwxbg vlq dai\\zlwb', '2013-07-04 09:22:19', '2011-02-24 06:37:21');
INSERT INTO `files` (`id`, `name`, `author_id`, `document_id`, `extension`, `file_path`, `created_at`, `updated_at`) VALUES ('84', 'Nobis temporibus ut molestiae voluptas numquam.', '81', '45', 'tov', 'k:\\ndybed jam oww\\eybx', '2003-05-17 04:15:29', '2013-07-23 10:49:45');
INSERT INTO `files` (`id`, `name`, `author_id`, `document_id`, `extension`, `file_path`, `created_at`, `updated_at`) VALUES ('85', 'Molestiae dolor vel esse.', '67', '44', 'mva', 'b:\\oxuruw qkk eby\\wxlj', '2018-04-24 17:13:00', '2001-09-09 01:21:54');
INSERT INTO `files` (`id`, `name`, `author_id`, `document_id`, `extension`, `file_path`, `created_at`, `updated_at`) VALUES ('86', 'Expedita eligendi magni et natus nostrum reprehenderit.', '8', '31', 'yxf', 'k:\\jntpjv fro xii\\elnq', '1977-09-15 02:50:38', '1974-02-21 05:05:31');
INSERT INTO `files` (`id`, `name`, `author_id`, `document_id`, `extension`, `file_path`, `created_at`, `updated_at`) VALUES ('87', 'Dolorum aperiam ea ut.', '57', '85', 'exr', 'g:\\esfjcq edn crg\\szvd', '2007-12-08 06:30:26', '1992-12-18 16:58:27');
INSERT INTO `files` (`id`, `name`, `author_id`, `document_id`, `extension`, `file_path`, `created_at`, `updated_at`) VALUES ('88', 'Sapiente molestias illum sit est.', '41', '100', 'xdq', 'h:\\teeicg rpa xfg\\duan', '2001-07-08 17:38:39', '1988-10-23 21:22:35');
INSERT INTO `files` (`id`, `name`, `author_id`, `document_id`, `extension`, `file_path`, `created_at`, `updated_at`) VALUES ('89', 'Ipsa beatae itaque eaque.', '52', '17', 'rfr', 'q:\\oxhntm olf srw\\kwex', '1985-10-21 06:26:33', '1983-12-04 20:50:59');
INSERT INTO `files` (`id`, `name`, `author_id`, `document_id`, `extension`, `file_path`, `created_at`, `updated_at`) VALUES ('90', 'Rem deleniti maiores molestias praesentium.', '27', '36', 'zat', 'l:\\ugpnrm zfs zet\\pfpr', '1982-11-30 05:09:50', '2020-04-17 03:19:53');
INSERT INTO `files` (`id`, `name`, `author_id`, `document_id`, `extension`, `file_path`, `created_at`, `updated_at`) VALUES ('91', 'Quo sed esse quos et accusamus animi.', '73', '89', 'zmx', 'c:\\bdzgfe dyl wiq\\ahfs', '1991-05-21 02:01:37', '1974-02-26 12:09:08');
INSERT INTO `files` (`id`, `name`, `author_id`, `document_id`, `extension`, `file_path`, `created_at`, `updated_at`) VALUES ('92', 'In iure ut consectetur sunt ut et.', '82', '13', 'ejh', 'j:\\eprojm yze adx\\ucmc', '1981-07-08 00:23:49', '2004-10-23 19:53:41');
INSERT INTO `files` (`id`, `name`, `author_id`, `document_id`, `extension`, `file_path`, `created_at`, `updated_at`) VALUES ('93', 'Ea et unde commodi et.', '33', '49', 'gmd', 'i:\\pbfjcx xjl aqn\\dqaa', '2006-12-26 12:03:37', '1998-12-24 19:20:26');
INSERT INTO `files` (`id`, `name`, `author_id`, `document_id`, `extension`, `file_path`, `created_at`, `updated_at`) VALUES ('94', 'Possimus illum libero voluptate.', '94', '8', 'xvs', 'q:\\ernlam nqm taa\\hulf', '1977-03-02 08:11:49', '2009-08-02 12:25:48');
INSERT INTO `files` (`id`, `name`, `author_id`, `document_id`, `extension`, `file_path`, `created_at`, `updated_at`) VALUES ('95', 'Voluptatem non est voluptatibus in.', '22', '49', 'zgf', 'g:\\obffpc pkl hnd\\rqun', '1999-07-29 10:06:50', '1984-11-29 01:31:10');
INSERT INTO `files` (`id`, `name`, `author_id`, `document_id`, `extension`, `file_path`, `created_at`, `updated_at`) VALUES ('96', 'Esse rerum aut repellat quia explicabo ut.', '96', '74', 'ani', 'y:\\lrptho shi kzp\\sbal', '2012-02-07 01:45:04', '1977-04-21 23:26:55');
INSERT INTO `files` (`id`, `name`, `author_id`, `document_id`, `extension`, `file_path`, `created_at`, `updated_at`) VALUES ('97', 'Aut impedit saepe adipisci maiores qui vero.', '77', '16', 'swc', 'k:\\ygkmlk wfd teg\\cplr', '1992-06-22 12:52:21', '1975-11-22 22:59:55');
INSERT INTO `files` (`id`, `name`, `author_id`, `document_id`, `extension`, `file_path`, `created_at`, `updated_at`) VALUES ('98', 'Sed deleniti delectus dolore consequatur qui.', '39', '29', 'sdo', 'n:\\nhikav nzd cxd\\irgf', '1995-01-06 21:17:35', '2017-05-08 03:52:52');
INSERT INTO `files` (`id`, `name`, `author_id`, `document_id`, `extension`, `file_path`, `created_at`, `updated_at`) VALUES ('99', 'Maiores quia rerum voluptates architecto.', '9', '20', 'bon', 'h:\\bsnuag sgf zpb\\tngt', '1995-05-05 21:25:15', '2009-04-21 10:08:58');
INSERT INTO `files` (`id`, `name`, `author_id`, `document_id`, `extension`, `file_path`, `created_at`, `updated_at`) VALUES ('100', 'Unde et dolores est.', '73', '75', 'uap', 'w:\\xfjfij lgb bpx\\nxex', '2015-01-15 18:44:25', '1999-06-27 16:38:21');


#
# TABLE DATA FOR: positions
#

truncate `positions`;

INSERT INTO `positions` (`id`, `name`, `created_at`, `updated_at`) VALUES ('1', 'Eius blanditiis eius.', '1995-01-18 15:57:30', '1994-10-06 23:26:28');
INSERT INTO `positions` (`id`, `name`, `created_at`, `updated_at`) VALUES ('2', 'Qui et aut.', '1994-06-02 07:35:42', '1973-06-11 19:53:48');
INSERT INTO `positions` (`id`, `name`, `created_at`, `updated_at`) VALUES ('3', 'Ut qui quam eaque.', '1988-01-31 10:00:54', '2018-03-30 08:29:19');
INSERT INTO `positions` (`id`, `name`, `created_at`, `updated_at`) VALUES ('4', 'Et numquam doloremque commodi.', '1985-10-29 10:47:45', '1998-03-30 00:46:05');
INSERT INTO `positions` (`id`, `name`, `created_at`, `updated_at`) VALUES ('5', 'Numquam optio laboriosam.', '2009-07-15 12:45:53', '1990-06-13 03:41:49');
INSERT INTO `positions` (`id`, `name`, `created_at`, `updated_at`) VALUES ('6', 'Et laboriosam pariatur voluptas.', '1981-07-23 19:54:29', '2008-03-30 07:33:53');
INSERT INTO `positions` (`id`, `name`, `created_at`, `updated_at`) VALUES ('7', 'Voluptates nam similique facere.', '1991-05-14 19:28:08', '1997-12-15 17:25:46');
INSERT INTO `positions` (`id`, `name`, `created_at`, `updated_at`) VALUES ('8', 'Quis iusto voluptas aut.', '1998-02-18 17:33:52', '1976-01-31 06:17:13');
INSERT INTO `positions` (`id`, `name`, `created_at`, `updated_at`) VALUES ('9', 'Velit voluptas ut sed.', '1979-09-26 21:55:21', '1993-04-10 23:45:40');
INSERT INTO `positions` (`id`, `name`, `created_at`, `updated_at`) VALUES ('10', 'Quam eos eaque.', '1987-11-22 09:15:55', '2000-02-15 11:39:27');
INSERT INTO `positions` (`id`, `name`, `created_at`, `updated_at`) VALUES ('11', 'Possimus ipsum.', '1984-02-26 16:33:48', '2004-08-23 10:04:44');
INSERT INTO `positions` (`id`, `name`, `created_at`, `updated_at`) VALUES ('12', 'Et architecto quisquam reprehenderit.', '2003-04-13 21:01:22', '2018-02-07 16:55:02');
INSERT INTO `positions` (`id`, `name`, `created_at`, `updated_at`) VALUES ('13', 'Quam asperiores occaecati.', '1993-08-22 07:17:34', '2009-05-21 22:38:50');
INSERT INTO `positions` (`id`, `name`, `created_at`, `updated_at`) VALUES ('14', 'Amet atque aliquid.', '1990-04-24 02:06:57', '1975-06-01 21:04:07');
INSERT INTO `positions` (`id`, `name`, `created_at`, `updated_at`) VALUES ('15', 'Dicta unde.', '2009-09-19 11:37:07', '2006-07-23 19:49:21');


#
# TABLE DATA FOR: profiles
#

truncate `profiles`;

INSERT INTO profiles (user_id, department_id, positions_id, gender, birthday, email, phone, created_at, updated_at) VALUES(1, 4, 7, '0', '2017-12-09', 'wlakin@example.com', 7607892, '2017-10-14 22:51:38.0', '1976-03-09 19:25:43.0');
INSERT INTO profiles (user_id, department_id, positions_id, gender, birthday, email, phone, created_at, updated_at) VALUES(2, 12, 4, '0', '1979-03-14', 'ebarton@example.com', 1977475, '2019-06-06 17:04:22.0', '1979-09-27 19:59:35.0');
INSERT INTO profiles (user_id, department_id, positions_id, gender, birthday, email, phone, created_at, updated_at) VALUES(3, 3, 14, '0', '2008-12-29', 'pondricka@example.net', 2961869, '1981-03-20 09:14:17.0', '2001-08-31 03:49:57.0');
INSERT INTO profiles (user_id, department_id, positions_id, gender, birthday, email, phone, created_at, updated_at) VALUES(4, 12, 12, '1', '1989-07-14', 'donavon.ratke@example.org', 5407051, '1988-04-28 07:54:59.0', '1991-04-15 09:57:41.0');
INSERT INTO profiles (user_id, department_id, positions_id, gender, birthday, email, phone, created_at, updated_at) VALUES(5, 7, 15, '1', '1987-09-15', 'stracke.tony@example.net', 213980, '2018-10-24 13:57:00.0', '2011-07-14 01:06:55.0');
INSERT INTO profiles (user_id, department_id, positions_id, gender, birthday, email, phone, created_at, updated_at) VALUES(6, 10, 12, '1', '2007-10-07', 'nrogahn@example.org', 1112140, '1981-05-31 22:58:24.0', '2016-09-17 08:41:37.0');
INSERT INTO profiles (user_id, department_id, positions_id, gender, birthday, email, phone, created_at, updated_at) VALUES(7, 5, 2, '1', '2016-05-06', 'gutkowski.violet@example.org', 8910270, '2005-07-20 10:51:40.0', '2016-02-01 22:31:46.0');
INSERT INTO profiles (user_id, department_id, positions_id, gender, birthday, email, phone, created_at, updated_at) VALUES(8, 10, 13, '1', '1998-10-18', 'tiffany61@example.org', 1873727, '1976-04-18 18:36:33.0', '1997-03-04 04:44:21.0');
INSERT INTO profiles (user_id, department_id, positions_id, gender, birthday, email, phone, created_at, updated_at) VALUES(9, 12, 1, '1', '1971-04-29', 'lou.nitzsche@example.com', 8574575, '1988-06-18 20:02:58.0', '1971-09-11 03:47:54.0');
INSERT INTO profiles (user_id, department_id, positions_id, gender, birthday, email, phone, created_at, updated_at) VALUES(10, 4, 7, '1', '1973-03-02', 'gibson.laney@example.com', 837377, '2014-08-10 09:47:44.0', '2008-08-09 01:20:07.0');
INSERT INTO profiles (user_id, department_id, positions_id, gender, birthday, email, phone, created_at, updated_at) VALUES(11, 7, 12, '0', '1991-05-02', 'woreilly@example.org', 4786450, '2002-12-23 18:36:35.0', '2018-03-22 17:00:55.0');
INSERT INTO profiles (user_id, department_id, positions_id, gender, birthday, email, phone, created_at, updated_at) VALUES(12, 13, 15, '1', '2012-03-03', 'willy69@example.com', 9136590, '1998-02-11 11:04:39.0', '1975-02-13 08:43:41.0');
INSERT INTO profiles (user_id, department_id, positions_id, gender, birthday, email, phone, created_at, updated_at) VALUES(13, 8, 3, '0', '1974-12-27', 'vruecker@example.org', 7467725, '2012-08-08 14:11:53.0', '1986-01-02 05:04:31.0');
INSERT INTO profiles (user_id, department_id, positions_id, gender, birthday, email, phone, created_at, updated_at) VALUES(14, 15, 1, '1', '1987-10-15', 'toy05@example.org', 58847, '2016-08-31 04:15:51.0', '1972-09-24 05:32:57.0');
INSERT INTO profiles (user_id, department_id, positions_id, gender, birthday, email, phone, created_at, updated_at) VALUES(15, 12, 1, '0', '1997-06-29', 'mcclure.haven@example.com', 6598696, '1990-11-02 08:16:00.0', '1975-11-28 00:53:12.0');
INSERT INTO profiles (user_id, department_id, positions_id, gender, birthday, email, phone, created_at, updated_at) VALUES(16, 10, 15, '0', '1990-04-20', 'lorna77@example.net', 7095000, '1977-11-17 09:12:32.0', '2002-02-20 03:15:56.0');
INSERT INTO profiles (user_id, department_id, positions_id, gender, birthday, email, phone, created_at, updated_at) VALUES(17, 8, 6, '0', '1997-11-18', 'florian.nader@example.org', 9241639, '1972-09-06 19:58:34.0', '1974-12-26 20:51:56.0');
INSERT INTO profiles (user_id, department_id, positions_id, gender, birthday, email, phone, created_at, updated_at) VALUES(18, 3, 10, '1', '1988-09-26', 'quinten55@example.org', 3133328, '1994-01-09 00:47:26.0', '1997-03-14 11:29:01.0');
INSERT INTO profiles (user_id, department_id, positions_id, gender, birthday, email, phone, created_at, updated_at) VALUES(19, 4, 15, '0', '1990-07-17', 'jaylon.schinner@example.com', 478769, '2000-02-16 23:56:05.0', '2010-08-08 21:57:47.0');
INSERT INTO profiles (user_id, department_id, positions_id, gender, birthday, email, phone, created_at, updated_at) VALUES(20, 6, 10, '1', '1973-03-19', 'lrowe@example.com', 2428995, '2003-04-07 00:20:19.0', '1981-09-19 09:37:12.0');
INSERT INTO profiles (user_id, department_id, positions_id, gender, birthday, email, phone, created_at, updated_at) VALUES(21, 15, 15, '1', '1971-06-29', 'tbuckridge@example.net', 8051900, '1970-07-10 20:46:41.0', '1989-11-24 15:54:02.0');
INSERT INTO profiles (user_id, department_id, positions_id, gender, birthday, email, phone, created_at, updated_at) VALUES(22, 6, 4, '1', '1998-01-13', 'lbartoletti@example.net', 5871681, '2006-08-19 17:39:04.0', '1994-05-10 00:52:34.0');
INSERT INTO profiles (user_id, department_id, positions_id, gender, birthday, email, phone, created_at, updated_at) VALUES(23, 1, 1, '0', '1984-01-09', 'trantow.penelope@example.org', 8621486, '2013-08-10 23:30:26.0', '1970-05-14 09:16:56.0');
INSERT INTO profiles (user_id, department_id, positions_id, gender, birthday, email, phone, created_at, updated_at) VALUES(24, 2, 13, '0', '1970-04-20', 'lsmith@example.org', 7707162, '2020-07-11 21:36:36.0', '1993-12-20 21:53:10.0');
INSERT INTO profiles (user_id, department_id, positions_id, gender, birthday, email, phone, created_at, updated_at) VALUES(25, 2, 5, '1', '1972-11-28', 'darius17@example.com', 5972915, '2014-04-07 23:51:15.0', '1999-04-05 17:18:58.0');
INSERT INTO profiles (user_id, department_id, positions_id, gender, birthday, email, phone, created_at, updated_at) VALUES(26, 4, 8, '1', '2016-10-06', 'taurean54@example.net', 7249560, '2011-11-27 19:40:11.0', '1973-07-28 02:36:37.0');
INSERT INTO profiles (user_id, department_id, positions_id, gender, birthday, email, phone, created_at, updated_at) VALUES(27, 2, 1, '1', '2020-05-08', 'ewilkinson@example.com', 714741, '1980-11-01 23:54:46.0', '2000-12-02 06:09:14.0');
INSERT INTO profiles (user_id, department_id, positions_id, gender, birthday, email, phone, created_at, updated_at) VALUES(28, 7, 10, '0', '1989-01-07', 'dawn71@example.com', 4899399, '2016-08-23 21:11:58.0', '1983-05-30 05:33:44.0');
INSERT INTO profiles (user_id, department_id, positions_id, gender, birthday, email, phone, created_at, updated_at) VALUES(29, 3, 7, '1', '1994-11-23', 'stuart90@example.net', 7151297, '1987-03-09 09:30:39.0', '2015-08-24 06:27:50.0');
INSERT INTO profiles (user_id, department_id, positions_id, gender, birthday, email, phone, created_at, updated_at) VALUES(30, 11, 14, '0', '2014-04-21', 'lempi13@example.org', 4686963, '1982-07-05 06:09:31.0', '1983-07-19 18:39:30.0');
INSERT INTO profiles (user_id, department_id, positions_id, gender, birthday, email, phone, created_at, updated_at) VALUES(31, 7, 5, '0', '1997-06-18', 'vinnie.morissette@example.com', 6901769, '1989-06-08 09:09:32.0', '1989-01-27 11:00:18.0');
INSERT INTO profiles (user_id, department_id, positions_id, gender, birthday, email, phone, created_at, updated_at) VALUES(32, 14, 15, '1', '1993-03-12', 'vito.cole@example.com', 4364821, '1972-10-21 14:22:00.0', '2013-11-19 10:20:42.0');
INSERT INTO profiles (user_id, department_id, positions_id, gender, birthday, email, phone, created_at, updated_at) VALUES(33, 10, 1, '0', '1984-12-30', 'neha.kozey@example.org', 4260136, '2003-04-21 22:25:54.0', '1991-10-13 02:22:23.0');
INSERT INTO profiles (user_id, department_id, positions_id, gender, birthday, email, phone, created_at, updated_at) VALUES(34, 9, 14, '0', '2000-12-11', 'deckow.mireya@example.com', 8603103, '2014-03-04 10:55:21.0', '1995-06-07 13:32:38.0');
INSERT INTO profiles (user_id, department_id, positions_id, gender, birthday, email, phone, created_at, updated_at) VALUES(35, 1, 14, '1', '2002-01-28', 'dee.lynch@example.org', 614547, '1977-08-12 21:59:19.0', '2019-04-23 03:55:08.0');
INSERT INTO profiles (user_id, department_id, positions_id, gender, birthday, email, phone, created_at, updated_at) VALUES(36, 8, 15, '1', '2003-09-26', 'buford.mcglynn@example.org', 2733989, '1985-07-13 09:21:43.0', '2018-05-19 05:23:55.0');
INSERT INTO profiles (user_id, department_id, positions_id, gender, birthday, email, phone, created_at, updated_at) VALUES(37, 13, 14, '0', '2013-11-05', 'wilfred.renner@example.org', 7387965, '1980-06-17 12:58:36.0', '2014-11-04 10:54:50.0');
INSERT INTO profiles (user_id, department_id, positions_id, gender, birthday, email, phone, created_at, updated_at) VALUES(38, 4, 14, '0', '1974-07-30', 'dickens.marcelina@example.net', 8465369, '2018-01-28 07:49:58.0', '1975-03-13 00:23:48.0');
INSERT INTO profiles (user_id, department_id, positions_id, gender, birthday, email, phone, created_at, updated_at) VALUES(39, 15, 5, '0', '1971-06-21', 'monica72@example.com', 8433070, '1993-02-10 11:28:28.0', '1982-09-03 22:10:38.0');
INSERT INTO profiles (user_id, department_id, positions_id, gender, birthday, email, phone, created_at, updated_at) VALUES(40, 11, 1, '1', '1974-09-16', 'ijakubowski@example.com', 5006342, '1991-03-17 18:46:01.0', '1970-08-27 21:53:19.0');
INSERT INTO profiles (user_id, department_id, positions_id, gender, birthday, email, phone, created_at, updated_at) VALUES(41, 10, 15, '0', '1971-01-09', 'kunde.addie@example.com', 4085186, '2017-05-26 21:11:55.0', '1985-11-02 01:29:16.0');
INSERT INTO profiles (user_id, department_id, positions_id, gender, birthday, email, phone, created_at, updated_at) VALUES(42, 8, 11, '1', '2019-09-25', 'glenna58@example.org', 2520455, '1979-05-12 19:22:23.0', '1992-07-10 21:42:52.0');
INSERT INTO profiles (user_id, department_id, positions_id, gender, birthday, email, phone, created_at, updated_at) VALUES(43, 1, 15, '1', '1992-02-14', 'dprohaska@example.com', 2647970, '1981-08-13 14:03:55.0', '2001-03-02 12:38:44.0');
INSERT INTO profiles (user_id, department_id, positions_id, gender, birthday, email, phone, created_at, updated_at) VALUES(44, 6, 3, '0', '1987-05-25', 'ted.ziemann@example.com', 620590, '1996-11-19 07:56:31.0', '2004-07-11 09:04:39.0');
INSERT INTO profiles (user_id, department_id, positions_id, gender, birthday, email, phone, created_at, updated_at) VALUES(45, 7, 1, '1', '2009-03-28', 'arnaldo.von@example.com', 5845299, '2005-10-05 11:10:05.0', '2002-12-04 19:03:55.0');
INSERT INTO profiles (user_id, department_id, positions_id, gender, birthday, email, phone, created_at, updated_at) VALUES(46, 2, 13, '1', '2010-09-20', 'blick.wilmer@example.com', 7779094, '2000-08-30 08:47:58.0', '2012-01-04 17:04:07.0');
INSERT INTO profiles (user_id, department_id, positions_id, gender, birthday, email, phone, created_at, updated_at) VALUES(47, 6, 15, '0', '1973-12-25', 'jdicki@example.net', 7858500, '1999-09-06 11:06:17.0', '1979-01-31 00:14:53.0');
INSERT INTO profiles (user_id, department_id, positions_id, gender, birthday, email, phone, created_at, updated_at) VALUES(48, 13, 15, '1', '1995-02-27', 'marquardt.burdette@example.org', 2475014, '1980-04-03 20:09:58.0', '2000-08-21 09:12:30.0');
INSERT INTO profiles (user_id, department_id, positions_id, gender, birthday, email, phone, created_at, updated_at) VALUES(49, 1, 6, '0', '1979-12-24', 'cchristiansen@example.com', 8349642, '1995-01-31 11:28:19.0', '1970-10-26 08:25:29.0');
INSERT INTO profiles (user_id, department_id, positions_id, gender, birthday, email, phone, created_at, updated_at) VALUES(50, 13, 1, '0', '1986-10-06', 'nryan@example.net', 8998861, '1993-03-26 11:11:23.0', '2013-05-20 13:41:11.0');
INSERT INTO profiles (user_id, department_id, positions_id, gender, birthday, email, phone, created_at, updated_at) VALUES(51, 4, 6, '0', '2009-08-26', 'sonya59@example.com', 9041815, '1980-05-12 22:59:10.0', '1985-06-21 18:04:43.0');
INSERT INTO profiles (user_id, department_id, positions_id, gender, birthday, email, phone, created_at, updated_at) VALUES(52, 1, 2, '1', '1988-11-21', 'ogulgowski@example.org', 6343804, '1984-06-12 08:33:26.0', '1999-11-16 20:13:18.0');
INSERT INTO profiles (user_id, department_id, positions_id, gender, birthday, email, phone, created_at, updated_at) VALUES(53, 5, 4, '0', '2018-09-23', 'elody79@example.com', 7494597, '1986-10-05 18:27:16.0', '1975-09-30 22:49:01.0');
INSERT INTO profiles (user_id, department_id, positions_id, gender, birthday, email, phone, created_at, updated_at) VALUES(54, 1, 4, '0', '1991-03-29', 'wilber49@example.com', 1268710, '2014-01-10 11:13:46.0', '2016-04-23 05:15:45.0');
INSERT INTO profiles (user_id, department_id, positions_id, gender, birthday, email, phone, created_at, updated_at) VALUES(55, 9, 12, '0', '1989-04-16', 'libby27@example.org', 576733, '1976-03-19 10:05:19.0', '2003-03-20 09:10:08.0');
INSERT INTO profiles (user_id, department_id, positions_id, gender, birthday, email, phone, created_at, updated_at) VALUES(56, 4, 3, '0', '1998-05-31', 'harmony09@example.org', 7840194, '1987-08-25 23:11:57.0', '1994-09-04 17:01:18.0');
INSERT INTO profiles (user_id, department_id, positions_id, gender, birthday, email, phone, created_at, updated_at) VALUES(57, 11, 12, '1', '1995-09-08', 'loren46@example.com', 1885181, '2009-04-02 16:32:01.0', '1996-06-23 13:24:00.0');
INSERT INTO profiles (user_id, department_id, positions_id, gender, birthday, email, phone, created_at, updated_at) VALUES(58, 14, 11, '1', '1996-05-22', 'vkrajcik@example.net', 4157871, '2013-11-02 14:40:13.0', '2015-03-30 12:17:44.0');
INSERT INTO profiles (user_id, department_id, positions_id, gender, birthday, email, phone, created_at, updated_at) VALUES(59, 12, 4, '1', '2010-07-01', 'kcasper@example.net', 2301693, '2020-07-16 10:35:20.0', '2009-03-21 21:28:09.0');
INSERT INTO profiles (user_id, department_id, positions_id, gender, birthday, email, phone, created_at, updated_at) VALUES(60, 14, 3, '1', '1986-05-16', 'else85@example.com', 5294984, '2007-09-16 11:40:15.0', '2018-06-14 05:02:23.0');
INSERT INTO profiles (user_id, department_id, positions_id, gender, birthday, email, phone, created_at, updated_at) VALUES(61, 5, 15, '0', '2004-06-30', 'schimmel.kenyatta@example.com', 522175, '2018-03-19 22:53:21.0', '1994-01-06 09:39:18.0');
INSERT INTO profiles (user_id, department_id, positions_id, gender, birthday, email, phone, created_at, updated_at) VALUES(62, 1, 10, '1', '1980-12-12', 'xsauer@example.com', 1466947, '1974-05-05 05:39:46.0', '2018-09-13 22:29:00.0');
INSERT INTO profiles (user_id, department_id, positions_id, gender, birthday, email, phone, created_at, updated_at) VALUES(63, 15, 13, '1', '1988-10-05', 'theodore.langworth@example.org', 4215130, '1985-01-15 09:11:19.0', '1995-12-31 09:57:19.0');
INSERT INTO profiles (user_id, department_id, positions_id, gender, birthday, email, phone, created_at, updated_at) VALUES(64, 10, 1, '1', '2002-07-16', 'ferry.georgianna@example.com', 7551221, '1979-02-19 05:25:31.0', '1980-01-20 10:26:46.0');
INSERT INTO profiles (user_id, department_id, positions_id, gender, birthday, email, phone, created_at, updated_at) VALUES(65, 3, 8, '0', '2014-10-30', 'zita.abernathy@example.com', 6083255, '1971-10-30 01:58:51.0', '2004-11-16 08:25:11.0');
INSERT INTO profiles (user_id, department_id, positions_id, gender, birthday, email, phone, created_at, updated_at) VALUES(66, 1, 7, '0', '2018-03-15', 'stark.gabriella@example.com', 2059380, '1985-11-26 04:12:34.0', '2006-11-14 00:30:25.0');
INSERT INTO profiles (user_id, department_id, positions_id, gender, birthday, email, phone, created_at, updated_at) VALUES(67, 14, 2, '1', '1999-07-03', 'janiya.rau@example.net', 4276850, '2011-01-23 03:25:16.0', '1977-10-20 18:35:27.0');
INSERT INTO profiles (user_id, department_id, positions_id, gender, birthday, email, phone, created_at, updated_at) VALUES(68, 9, 4, '1', '1973-03-18', 'raphaelle.okuneva@example.com', 3135975, '1984-01-14 13:34:56.0', '2001-08-12 09:23:15.0');
INSERT INTO profiles (user_id, department_id, positions_id, gender, birthday, email, phone, created_at, updated_at) VALUES(69, 6, 9, '1', '2011-10-21', 'braynor@example.net', 3436574, '1999-01-22 18:40:26.0', '2017-04-13 05:30:50.0');
INSERT INTO profiles (user_id, department_id, positions_id, gender, birthday, email, phone, created_at, updated_at) VALUES(70, 8, 14, '1', '1984-10-09', 'iankunding@example.com', 2848895, '1981-08-16 09:34:15.0', '1996-10-09 22:45:37.0');
INSERT INTO profiles (user_id, department_id, positions_id, gender, birthday, email, phone, created_at, updated_at) VALUES(71, 5, 12, '1', '2000-03-05', 'nreichert@example.org', 5745287, '1980-11-24 18:50:09.0', '2009-04-17 22:51:20.0');
INSERT INTO profiles (user_id, department_id, positions_id, gender, birthday, email, phone, created_at, updated_at) VALUES(72, 1, 1, '0', '2002-12-22', 'gerlach.olaf@example.com', 1485848, '2002-10-04 23:31:53.0', '1981-06-15 18:29:41.0');
INSERT INTO profiles (user_id, department_id, positions_id, gender, birthday, email, phone, created_at, updated_at) VALUES(73, 8, 15, '1', '2006-03-05', 'pswift@example.net', 3196796, '2001-12-10 19:38:26.0', '2013-12-26 20:52:07.0');
INSERT INTO profiles (user_id, department_id, positions_id, gender, birthday, email, phone, created_at, updated_at) VALUES(74, 11, 5, '0', '1978-09-03', 'joaquin.mosciski@example.org', 416962, '1986-08-26 01:00:32.0', '1992-02-13 04:56:34.0');
INSERT INTO profiles (user_id, department_id, positions_id, gender, birthday, email, phone, created_at, updated_at) VALUES(75, 3, 9, '1', '1997-11-12', 'cordia.hyatt@example.org', 8674565, '1995-03-15 17:50:33.0', '1992-08-18 04:39:17.0');
INSERT INTO profiles (user_id, department_id, positions_id, gender, birthday, email, phone, created_at, updated_at) VALUES(76, 7, 8, '0', '2012-09-19', 'stamm.alfred@example.com', 3170327, '1991-09-20 04:48:53.0', '1982-08-03 19:05:07.0');
INSERT INTO profiles (user_id, department_id, positions_id, gender, birthday, email, phone, created_at, updated_at) VALUES(77, 9, 8, '0', '2009-02-08', 'patrick29@example.org', 3411456, '1976-04-17 11:47:04.0', '1986-08-15 19:17:52.0');
INSERT INTO profiles (user_id, department_id, positions_id, gender, birthday, email, phone, created_at, updated_at) VALUES(78, 3, 8, '1', '1972-05-02', 'raphael.jenkins@example.net', 6414411, '1978-01-19 09:30:49.0', '1991-08-16 21:36:20.0');
INSERT INTO profiles (user_id, department_id, positions_id, gender, birthday, email, phone, created_at, updated_at) VALUES(79, 5, 13, '1', '2014-03-28', 'mosciski.luciano@example.org', 4034765, '1986-05-04 02:16:04.0', '1979-09-12 19:17:20.0');
INSERT INTO profiles (user_id, department_id, positions_id, gender, birthday, email, phone, created_at, updated_at) VALUES(80, 8, 8, '1', '2020-01-29', 'odenesik@example.org', 798719, '1993-09-24 10:30:23.0', '1988-01-20 21:35:55.0');
INSERT INTO profiles (user_id, department_id, positions_id, gender, birthday, email, phone, created_at, updated_at) VALUES(81, 6, 9, '1', '1983-04-26', 'zboncak.bernard@example.org', 3480369, '1973-09-14 10:24:34.0', '2015-03-10 05:06:25.0');
INSERT INTO profiles (user_id, department_id, positions_id, gender, birthday, email, phone, created_at, updated_at) VALUES(82, 15, 5, '1', '2005-06-15', 'treutel.madge@example.com', 3160738, '2000-08-01 15:58:34.0', '1991-12-09 01:18:26.0');
INSERT INTO profiles (user_id, department_id, positions_id, gender, birthday, email, phone, created_at, updated_at) VALUES(83, 11, 9, '1', '1993-11-12', 'edison.barton@example.com', 5443313, '2006-11-22 08:45:56.0', '2018-02-26 13:06:17.0');
INSERT INTO profiles (user_id, department_id, positions_id, gender, birthday, email, phone, created_at, updated_at) VALUES(84, 8, 1, '1', '1994-08-03', 'dario.crona@example.org', 6327702, '1970-05-01 20:32:15.0', '1985-11-17 08:22:16.0');
INSERT INTO profiles (user_id, department_id, positions_id, gender, birthday, email, phone, created_at, updated_at) VALUES(85, 2, 15, '0', '2012-02-24', 'jace.bode@example.org', 8991956, '1997-07-05 19:02:47.0', '2015-07-23 04:42:48.0');
INSERT INTO profiles (user_id, department_id, positions_id, gender, birthday, email, phone, created_at, updated_at) VALUES(86, 14, 7, '0', '1976-07-28', 'hirthe.anjali@example.org', 6433242, '2000-06-09 06:15:54.0', '1976-12-20 06:13:17.0');
INSERT INTO profiles (user_id, department_id, positions_id, gender, birthday, email, phone, created_at, updated_at) VALUES(87, 11, 15, '0', '2001-08-09', 'qhowe@example.net', 60535, '1986-08-22 17:20:51.0', '1980-03-01 21:01:45.0');
INSERT INTO profiles (user_id, department_id, positions_id, gender, birthday, email, phone, created_at, updated_at) VALUES(88, 8, 4, '1', '1976-10-16', 'ottilie.kunde@example.org', 2656048, '1981-04-21 23:51:13.0', '1996-06-22 01:47:32.0');
INSERT INTO profiles (user_id, department_id, positions_id, gender, birthday, email, phone, created_at, updated_at) VALUES(89, 14, 3, '0', '2013-03-21', 'dstanton@example.org', 5166695, '2001-04-20 04:18:37.0', '2017-01-22 03:33:09.0');
INSERT INTO profiles (user_id, department_id, positions_id, gender, birthday, email, phone, created_at, updated_at) VALUES(90, 9, 2, '0', '1984-09-18', 'mabbott@example.org', 8882016, '1977-11-14 05:12:23.0', '1976-04-30 06:46:47.0');
INSERT INTO profiles (user_id, department_id, positions_id, gender, birthday, email, phone, created_at, updated_at) VALUES(91, 12, 15, '0', '1978-06-11', 'orlo50@example.org', 3831610, '2011-03-23 12:47:04.0', '1992-09-21 06:40:59.0');
INSERT INTO profiles (user_id, department_id, positions_id, gender, birthday, email, phone, created_at, updated_at) VALUES(92, 10, 5, '0', '1974-03-26', 'bridie90@example.net', 7721244, '1991-03-05 18:50:00.0', '1976-07-25 02:17:10.0');
INSERT INTO profiles (user_id, department_id, positions_id, gender, birthday, email, phone, created_at, updated_at) VALUES(93, 8, 12, '1', '2017-09-12', 'reichert.ignatius@example.org', 9229697, '2000-10-28 05:02:41.0', '2014-07-09 14:45:57.0');
INSERT INTO profiles (user_id, department_id, positions_id, gender, birthday, email, phone, created_at, updated_at) VALUES(94, 13, 13, '0', '1974-07-26', 'towne.ernesto@example.net', 828971, '1983-04-16 00:21:07.0', '1990-09-01 12:40:05.0');
INSERT INTO profiles (user_id, department_id, positions_id, gender, birthday, email, phone, created_at, updated_at) VALUES(95, 10, 6, '0', '1971-08-18', 'cornell98@example.net', 3431144, '1972-11-13 15:26:13.0', '1994-03-31 11:25:35.0');
INSERT INTO profiles (user_id, department_id, positions_id, gender, birthday, email, phone, created_at, updated_at) VALUES(96, 5, 15, '1', '1996-12-17', 'tressa91@example.com', 2982224, '1972-09-27 13:05:06.0', '1993-07-07 05:16:04.0');
INSERT INTO profiles (user_id, department_id, positions_id, gender, birthday, email, phone, created_at, updated_at) VALUES(97, 15, 5, '0', '1987-11-09', 'zbogisich@example.com', 7431320, '1999-01-17 15:39:26.0', '1998-05-14 16:39:44.0');
INSERT INTO profiles (user_id, department_id, positions_id, gender, birthday, email, phone, created_at, updated_at) VALUES(98, 5, 10, '0', '1974-09-02', 'ettie48@example.net', 9084733, '1994-03-13 02:40:04.0', '2003-12-06 03:52:29.0');
INSERT INTO profiles (user_id, department_id, positions_id, gender, birthday, email, phone, created_at, updated_at) VALUES(99, 13, 12, '1', '1990-08-11', 'larkin.carson@example.net', 3734004, '1983-04-26 20:35:17.0', '2013-03-23 04:05:39.0');
INSERT INTO profiles (user_id, department_id, positions_id, gender, birthday, email, phone, created_at, updated_at) VALUES(100, 11, 15, '1', '2003-09-27', 'wruecker@example.com', 3031213, '2011-08-08 17:26:00.0', '1973-09-11 19:58:06.0');


#
# TABLE DATA FOR: subjects
#

truncate `subjects`;

INSERT INTO `subjects` (`task_id`, `document_id`) VALUES ('30', '42');
INSERT INTO `subjects` (`task_id`, `document_id`) VALUES ('48', '58');
INSERT INTO `subjects` (`task_id`, `document_id`) VALUES ('36', '89');
INSERT INTO `subjects` (`task_id`, `document_id`) VALUES ('32', '75');
INSERT INTO `subjects` (`task_id`, `document_id`) VALUES ('99', '66');
INSERT INTO `subjects` (`task_id`, `document_id`) VALUES ('36', '62');
INSERT INTO `subjects` (`task_id`, `document_id`) VALUES ('10', '18');
INSERT INTO `subjects` (`task_id`, `document_id`) VALUES ('8', '8');
INSERT INTO `subjects` (`task_id`, `document_id`) VALUES ('47', '92');
INSERT INTO `subjects` (`task_id`, `document_id`) VALUES ('64', '37');
INSERT INTO `subjects` (`task_id`, `document_id`) VALUES ('46', '61');
INSERT INTO `subjects` (`task_id`, `document_id`) VALUES ('47', '32');
INSERT INTO `subjects` (`task_id`, `document_id`) VALUES ('33', '40');
INSERT INTO `subjects` (`task_id`, `document_id`) VALUES ('68', '62');
INSERT INTO `subjects` (`task_id`, `document_id`) VALUES ('32', '100');
INSERT INTO `subjects` (`task_id`, `document_id`) VALUES ('66', '61');
INSERT INTO `subjects` (`task_id`, `document_id`) VALUES ('42', '13');
INSERT INTO `subjects` (`task_id`, `document_id`) VALUES ('19', '77');
INSERT INTO `subjects` (`task_id`, `document_id`) VALUES ('1', '50');
INSERT INTO `subjects` (`task_id`, `document_id`) VALUES ('52', '100');
INSERT INTO `subjects` (`task_id`, `document_id`) VALUES ('16', '88');
INSERT INTO `subjects` (`task_id`, `document_id`) VALUES ('62', '26');
INSERT INTO `subjects` (`task_id`, `document_id`) VALUES ('5', '69');
INSERT INTO `subjects` (`task_id`, `document_id`) VALUES ('33', '52');
INSERT INTO `subjects` (`task_id`, `document_id`) VALUES ('61', '96');
INSERT INTO `subjects` (`task_id`, `document_id`) VALUES ('88', '6');
INSERT INTO `subjects` (`task_id`, `document_id`) VALUES ('56', '34');
INSERT INTO `subjects` (`task_id`, `document_id`) VALUES ('38', '89');
INSERT INTO `subjects` (`task_id`, `document_id`) VALUES ('74', '6');
INSERT INTO `subjects` (`task_id`, `document_id`) VALUES ('50', '5');
INSERT INTO `subjects` (`task_id`, `document_id`) VALUES ('5', '15');
INSERT INTO `subjects` (`task_id`, `document_id`) VALUES ('66', '46');
INSERT INTO `subjects` (`task_id`, `document_id`) VALUES ('28', '84');
INSERT INTO `subjects` (`task_id`, `document_id`) VALUES ('23', '29');
INSERT INTO `subjects` (`task_id`, `document_id`) VALUES ('34', '75');
INSERT INTO `subjects` (`task_id`, `document_id`) VALUES ('28', '50');
INSERT INTO `subjects` (`task_id`, `document_id`) VALUES ('62', '89');
INSERT INTO `subjects` (`task_id`, `document_id`) VALUES ('75', '66');
INSERT INTO `subjects` (`task_id`, `document_id`) VALUES ('58', '8');
INSERT INTO `subjects` (`task_id`, `document_id`) VALUES ('18', '18');
INSERT INTO `subjects` (`task_id`, `document_id`) VALUES ('3', '6');
INSERT INTO `subjects` (`task_id`, `document_id`) VALUES ('23', '59');
INSERT INTO `subjects` (`task_id`, `document_id`) VALUES ('39', '61');
INSERT INTO `subjects` (`task_id`, `document_id`) VALUES ('47', '13');
INSERT INTO `subjects` (`task_id`, `document_id`) VALUES ('66', '97');
INSERT INTO `subjects` (`task_id`, `document_id`) VALUES ('18', '71');
INSERT INTO `subjects` (`task_id`, `document_id`) VALUES ('12', '84');
INSERT INTO `subjects` (`task_id`, `document_id`) VALUES ('17', '39');
INSERT INTO `subjects` (`task_id`, `document_id`) VALUES ('67', '40');
INSERT INTO `subjects` (`task_id`, `document_id`) VALUES ('67', '1');
INSERT INTO `subjects` (`task_id`, `document_id`) VALUES ('14', '95');
INSERT INTO `subjects` (`task_id`, `document_id`) VALUES ('51', '75');
INSERT INTO `subjects` (`task_id`, `document_id`) VALUES ('84', '26');
INSERT INTO `subjects` (`task_id`, `document_id`) VALUES ('41', '41');
INSERT INTO `subjects` (`task_id`, `document_id`) VALUES ('33', '59');
INSERT INTO `subjects` (`task_id`, `document_id`) VALUES ('58', '36');
INSERT INTO `subjects` (`task_id`, `document_id`) VALUES ('64', '81');
INSERT INTO `subjects` (`task_id`, `document_id`) VALUES ('94', '3');
INSERT INTO `subjects` (`task_id`, `document_id`) VALUES ('41', '41');
INSERT INTO `subjects` (`task_id`, `document_id`) VALUES ('15', '7');
INSERT INTO `subjects` (`task_id`, `document_id`) VALUES ('37', '32');
INSERT INTO `subjects` (`task_id`, `document_id`) VALUES ('78', '48');
INSERT INTO `subjects` (`task_id`, `document_id`) VALUES ('15', '95');
INSERT INTO `subjects` (`task_id`, `document_id`) VALUES ('87', '82');
INSERT INTO `subjects` (`task_id`, `document_id`) VALUES ('34', '54');
INSERT INTO `subjects` (`task_id`, `document_id`) VALUES ('83', '47');
INSERT INTO `subjects` (`task_id`, `document_id`) VALUES ('48', '33');
INSERT INTO `subjects` (`task_id`, `document_id`) VALUES ('22', '31');
INSERT INTO `subjects` (`task_id`, `document_id`) VALUES ('58', '63');
INSERT INTO `subjects` (`task_id`, `document_id`) VALUES ('71', '90');
INSERT INTO `subjects` (`task_id`, `document_id`) VALUES ('21', '29');
INSERT INTO `subjects` (`task_id`, `document_id`) VALUES ('26', '84');
INSERT INTO `subjects` (`task_id`, `document_id`) VALUES ('9', '19');
INSERT INTO `subjects` (`task_id`, `document_id`) VALUES ('86', '50');
INSERT INTO `subjects` (`task_id`, `document_id`) VALUES ('60', '100');
INSERT INTO `subjects` (`task_id`, `document_id`) VALUES ('57', '97');
INSERT INTO `subjects` (`task_id`, `document_id`) VALUES ('32', '34');
INSERT INTO `subjects` (`task_id`, `document_id`) VALUES ('45', '47');
INSERT INTO `subjects` (`task_id`, `document_id`) VALUES ('28', '31');
INSERT INTO `subjects` (`task_id`, `document_id`) VALUES ('28', '62');
INSERT INTO `subjects` (`task_id`, `document_id`) VALUES ('84', '11');
INSERT INTO `subjects` (`task_id`, `document_id`) VALUES ('9', '32');
INSERT INTO `subjects` (`task_id`, `document_id`) VALUES ('44', '30');
INSERT INTO `subjects` (`task_id`, `document_id`) VALUES ('62', '1');
INSERT INTO `subjects` (`task_id`, `document_id`) VALUES ('92', '33');
INSERT INTO `subjects` (`task_id`, `document_id`) VALUES ('91', '13');
INSERT INTO `subjects` (`task_id`, `document_id`) VALUES ('61', '16');
INSERT INTO `subjects` (`task_id`, `document_id`) VALUES ('96', '70');
INSERT INTO `subjects` (`task_id`, `document_id`) VALUES ('35', '82');
INSERT INTO `subjects` (`task_id`, `document_id`) VALUES ('19', '94');
INSERT INTO `subjects` (`task_id`, `document_id`) VALUES ('82', '75');
INSERT INTO `subjects` (`task_id`, `document_id`) VALUES ('90', '13');
INSERT INTO `subjects` (`task_id`, `document_id`) VALUES ('9', '34');
INSERT INTO `subjects` (`task_id`, `document_id`) VALUES ('59', '37');
INSERT INTO `subjects` (`task_id`, `document_id`) VALUES ('65', '87');
INSERT INTO `subjects` (`task_id`, `document_id`) VALUES ('98', '48');
INSERT INTO `subjects` (`task_id`, `document_id`) VALUES ('98', '6');
INSERT INTO `subjects` (`task_id`, `document_id`) VALUES ('79', '41');
INSERT INTO `subjects` (`task_id`, `document_id`) VALUES ('36', '41');
INSERT INTO `subjects` (`task_id`, `document_id`) VALUES ('41', '28');
INSERT INTO `subjects` (`task_id`, `document_id`) VALUES ('74', '32');
INSERT INTO `subjects` (`task_id`, `document_id`) VALUES ('40', '34');
INSERT INTO `subjects` (`task_id`, `document_id`) VALUES ('48', '36');
INSERT INTO `subjects` (`task_id`, `document_id`) VALUES ('4', '82');
INSERT INTO `subjects` (`task_id`, `document_id`) VALUES ('17', '22');
INSERT INTO `subjects` (`task_id`, `document_id`) VALUES ('76', '99');
INSERT INTO `subjects` (`task_id`, `document_id`) VALUES ('97', '66');
INSERT INTO `subjects` (`task_id`, `document_id`) VALUES ('11', '6');
INSERT INTO `subjects` (`task_id`, `document_id`) VALUES ('99', '70');
INSERT INTO `subjects` (`task_id`, `document_id`) VALUES ('42', '63');
INSERT INTO `subjects` (`task_id`, `document_id`) VALUES ('57', '40');
INSERT INTO `subjects` (`task_id`, `document_id`) VALUES ('11', '54');
INSERT INTO `subjects` (`task_id`, `document_id`) VALUES ('45', '89');
INSERT INTO `subjects` (`task_id`, `document_id`) VALUES ('94', '81');
INSERT INTO `subjects` (`task_id`, `document_id`) VALUES ('30', '35');
INSERT INTO `subjects` (`task_id`, `document_id`) VALUES ('8', '3');
INSERT INTO `subjects` (`task_id`, `document_id`) VALUES ('67', '48');
INSERT INTO `subjects` (`task_id`, `document_id`) VALUES ('37', '14');
INSERT INTO `subjects` (`task_id`, `document_id`) VALUES ('83', '40');
INSERT INTO `subjects` (`task_id`, `document_id`) VALUES ('96', '100');
INSERT INTO `subjects` (`task_id`, `document_id`) VALUES ('62', '71');
INSERT INTO `subjects` (`task_id`, `document_id`) VALUES ('98', '59');
INSERT INTO `subjects` (`task_id`, `document_id`) VALUES ('36', '9');
INSERT INTO `subjects` (`task_id`, `document_id`) VALUES ('64', '35');
INSERT INTO `subjects` (`task_id`, `document_id`) VALUES ('79', '5');
INSERT INTO `subjects` (`task_id`, `document_id`) VALUES ('98', '36');
INSERT INTO `subjects` (`task_id`, `document_id`) VALUES ('45', '8');
INSERT INTO `subjects` (`task_id`, `document_id`) VALUES ('89', '89');
INSERT INTO `subjects` (`task_id`, `document_id`) VALUES ('97', '83');
INSERT INTO `subjects` (`task_id`, `document_id`) VALUES ('70', '26');
INSERT INTO `subjects` (`task_id`, `document_id`) VALUES ('17', '77');
INSERT INTO `subjects` (`task_id`, `document_id`) VALUES ('29', '83');
INSERT INTO `subjects` (`task_id`, `document_id`) VALUES ('24', '65');
INSERT INTO `subjects` (`task_id`, `document_id`) VALUES ('97', '7');
INSERT INTO `subjects` (`task_id`, `document_id`) VALUES ('5', '92');
INSERT INTO `subjects` (`task_id`, `document_id`) VALUES ('6', '67');
INSERT INTO `subjects` (`task_id`, `document_id`) VALUES ('63', '4');
INSERT INTO `subjects` (`task_id`, `document_id`) VALUES ('25', '99');
INSERT INTO `subjects` (`task_id`, `document_id`) VALUES ('13', '88');
INSERT INTO `subjects` (`task_id`, `document_id`) VALUES ('33', '91');
INSERT INTO `subjects` (`task_id`, `document_id`) VALUES ('93', '30');
INSERT INTO `subjects` (`task_id`, `document_id`) VALUES ('27', '37');
INSERT INTO `subjects` (`task_id`, `document_id`) VALUES ('38', '15');
INSERT INTO `subjects` (`task_id`, `document_id`) VALUES ('26', '34');
INSERT INTO `subjects` (`task_id`, `document_id`) VALUES ('97', '95');
INSERT INTO `subjects` (`task_id`, `document_id`) VALUES ('60', '14');
INSERT INTO `subjects` (`task_id`, `document_id`) VALUES ('72', '88');
INSERT INTO `subjects` (`task_id`, `document_id`) VALUES ('97', '96');
INSERT INTO `subjects` (`task_id`, `document_id`) VALUES ('53', '93');
INSERT INTO `subjects` (`task_id`, `document_id`) VALUES ('2', '58');
INSERT INTO `subjects` (`task_id`, `document_id`) VALUES ('85', '8');
INSERT INTO `subjects` (`task_id`, `document_id`) VALUES ('24', '47');
INSERT INTO `subjects` (`task_id`, `document_id`) VALUES ('12', '48');
INSERT INTO `subjects` (`task_id`, `document_id`) VALUES ('45', '24');
INSERT INTO `subjects` (`task_id`, `document_id`) VALUES ('36', '78');
INSERT INTO `subjects` (`task_id`, `document_id`) VALUES ('15', '29');
INSERT INTO `subjects` (`task_id`, `document_id`) VALUES ('7', '41');
INSERT INTO `subjects` (`task_id`, `document_id`) VALUES ('65', '44');
INSERT INTO `subjects` (`task_id`, `document_id`) VALUES ('56', '91');
INSERT INTO `subjects` (`task_id`, `document_id`) VALUES ('78', '53');
INSERT INTO `subjects` (`task_id`, `document_id`) VALUES ('86', '38');
INSERT INTO `subjects` (`task_id`, `document_id`) VALUES ('66', '57');
INSERT INTO `subjects` (`task_id`, `document_id`) VALUES ('26', '63');
INSERT INTO `subjects` (`task_id`, `document_id`) VALUES ('52', '78');
INSERT INTO `subjects` (`task_id`, `document_id`) VALUES ('55', '54');
INSERT INTO `subjects` (`task_id`, `document_id`) VALUES ('36', '39');
INSERT INTO `subjects` (`task_id`, `document_id`) VALUES ('62', '59');
INSERT INTO `subjects` (`task_id`, `document_id`) VALUES ('86', '73');
INSERT INTO `subjects` (`task_id`, `document_id`) VALUES ('7', '30');
INSERT INTO `subjects` (`task_id`, `document_id`) VALUES ('97', '42');
INSERT INTO `subjects` (`task_id`, `document_id`) VALUES ('7', '12');
INSERT INTO `subjects` (`task_id`, `document_id`) VALUES ('71', '14');
INSERT INTO `subjects` (`task_id`, `document_id`) VALUES ('52', '35');
INSERT INTO `subjects` (`task_id`, `document_id`) VALUES ('58', '8');
INSERT INTO `subjects` (`task_id`, `document_id`) VALUES ('26', '35');
INSERT INTO `subjects` (`task_id`, `document_id`) VALUES ('60', '11');
INSERT INTO `subjects` (`task_id`, `document_id`) VALUES ('72', '26');
INSERT INTO `subjects` (`task_id`, `document_id`) VALUES ('68', '97');
INSERT INTO `subjects` (`task_id`, `document_id`) VALUES ('88', '20');
INSERT INTO `subjects` (`task_id`, `document_id`) VALUES ('75', '43');
INSERT INTO `subjects` (`task_id`, `document_id`) VALUES ('73', '10');
INSERT INTO `subjects` (`task_id`, `document_id`) VALUES ('81', '35');
INSERT INTO `subjects` (`task_id`, `document_id`) VALUES ('69', '66');
INSERT INTO `subjects` (`task_id`, `document_id`) VALUES ('8', '75');
INSERT INTO `subjects` (`task_id`, `document_id`) VALUES ('96', '4');
INSERT INTO `subjects` (`task_id`, `document_id`) VALUES ('17', '2');
INSERT INTO `subjects` (`task_id`, `document_id`) VALUES ('15', '87');
INSERT INTO `subjects` (`task_id`, `document_id`) VALUES ('16', '67');
INSERT INTO `subjects` (`task_id`, `document_id`) VALUES ('22', '73');
INSERT INTO `subjects` (`task_id`, `document_id`) VALUES ('75', '47');
INSERT INTO `subjects` (`task_id`, `document_id`) VALUES ('8', '34');
INSERT INTO `subjects` (`task_id`, `document_id`) VALUES ('57', '80');
INSERT INTO `subjects` (`task_id`, `document_id`) VALUES ('60', '25');
INSERT INTO `subjects` (`task_id`, `document_id`) VALUES ('77', '47');
INSERT INTO `subjects` (`task_id`, `document_id`) VALUES ('44', '52');
INSERT INTO `subjects` (`task_id`, `document_id`) VALUES ('89', '17');
INSERT INTO `subjects` (`task_id`, `document_id`) VALUES ('61', '70');
INSERT INTO `subjects` (`task_id`, `document_id`) VALUES ('51', '29');
INSERT INTO `subjects` (`task_id`, `document_id`) VALUES ('36', '58');
INSERT INTO `subjects` (`task_id`, `document_id`) VALUES ('4', '31');


#
# TABLE DATA FOR: tasks
#

truncate `tasks`;

INSERT INTO tasks (id, name, author_id, performer_id, details, importance, term, start_date, execution_date, execution_result, executed, created_at, updated_at) VALUES(1, 'Voluptas a at ex tempore et veritatis.', 53, 65, 'Debitis magni hic sit hic facilis et corporis. Veniam voluptatem porro recusandae et nulla et ut. Sed sit officiis officia explicabo. Est nobis iste porro laudantium et.', 'normal_importance', '2020-07-02 20:12:50.0', '2018-01-01 07:43:15.0', '2019-10-23 04:53:03.0', 'Ut et aliquam a rerum ut dignissimos aliquam. Ab aut asperiores nesciunt placeat. Omnis consectetur dolores ipsum sed labore reiciendis qui. Ab ut ratione culpa et dolor voluptatem.', 1, '1974-08-08 17:46:45.0', '2019-04-06 23:24:24.0');
INSERT INTO tasks (id, name, author_id, performer_id, details, importance, term, start_date, execution_date, execution_result, executed, created_at, updated_at) VALUES(2, 'Officiis quo voluptates rerum voluptates ex.', 1, 90, 'Commodi velit nihil quam deleniti vitae hic. Suscipit sunt eaque voluptatum. Quia voluptatem unde nemo maiores. Quidem neque et labore harum vel vero suscipit.', 'normal_importance', '2020-03-31 18:08:19.0', '2017-10-25 10:27:29.0', '2019-12-09 22:19:55.0', 'Quod eveniet corporis omnis officia excepturi culpa. Sunt fugiat quibusdam natus hic sed repellendus accusamus omnis.', 1, '1992-02-05 10:29:47.0', '2000-05-28 14:37:35.0');
INSERT INTO tasks (id, name, author_id, performer_id, details, importance, term, start_date, execution_date, execution_result, executed, created_at, updated_at) VALUES(3, 'Mollitia ad facere similique praesentium doloribus.', 55, 37, 'Laborum pariatur ut ducimus. Soluta saepe sed aspernatur. Quod eos assumenda aliquid. Corporis sit praesentium alias esse.', 'low_importance', '2020-05-06 09:14:15.0', '2018-02-10 14:39:11.0', NULL, NULL, 0, '2017-02-03 05:05:37.0', '2020-07-19 17:35:17.0');
INSERT INTO tasks (id, name, author_id, performer_id, details, importance, term, start_date, execution_date, execution_result, executed, created_at, updated_at) VALUES(4, 'Et quod mollitia exercitationem.', 77, 63, 'Asperiores dolore est et rem ipsa ad. Inventore voluptatum ut fugiat non. Similique nisi eaque veniam.', 'low_importance', '2020-06-18 14:35:33.0', '2017-11-09 08:07:16.0', NULL, NULL, 0, '2000-02-08 14:57:17.0', '2020-07-19 17:35:17.0');
INSERT INTO tasks (id, name, author_id, performer_id, details, importance, term, start_date, execution_date, execution_result, executed, created_at, updated_at) VALUES(5, 'Laudantium animi laudantium quis minus recusandae.', 15, 20, 'Non fugit voluptatem nihil delectus ut omnis. Et cupiditate ut et occaecati voluptas ut et. Officiis et dicta consequuntur ut harum sed.', 'high_importance', '2019-10-08 06:30:10.0', '2017-09-06 19:14:24.0', NULL, NULL, 0, '1994-07-20 13:24:01.0', '2020-07-19 17:35:17.0');
INSERT INTO tasks (id, name, author_id, performer_id, details, importance, term, start_date, execution_date, execution_result, executed, created_at, updated_at) VALUES(6, 'Quaerat quos voluptate quis non molestiae.', 93, 29, 'Quaerat ea optio assumenda repellat. Necessitatibus laboriosam id facere autem qui nihil. Ut facere qui nisi rerum.', 'low_importance', '2019-07-25 04:55:45.0', '2018-05-20 04:20:59.0', '2019-09-07 07:33:05.0', 'Rerum deleniti commodi qui sint vero voluptatem. Dolorem velit voluptates ut repellendus soluta. Eum nisi et sit dolorem. Voluptatem dolor vel ut recusandae.', 1, '1976-06-10 09:56:28.0', '1996-07-07 08:56:46.0');
INSERT INTO tasks (id, name, author_id, performer_id, details, importance, term, start_date, execution_date, execution_result, executed, created_at, updated_at) VALUES(7, 'Sed ut vel est mollitia non corrupti.', 20, 36, 'Distinctio ad vitae aperiam dolorem. Debitis non nostrum sint illum repudiandae. Error possimus quae vero laborum officiis. In error ipsum alias.', 'high_importance', '2019-10-07 10:36:43.0', '2018-05-07 20:33:48.0', '2019-11-24 15:13:04.0', 'Et quod atque alias eaque dicta omnis dolor. Ut commodi quo dolor. Qui voluptas labore quis sit maiores excepturi. Quos asperiores nihil commodi inventore.', 1, '2013-01-25 23:24:20.0', '2015-07-05 05:16:02.0');
INSERT INTO tasks (id, name, author_id, performer_id, details, importance, term, start_date, execution_date, execution_result, executed, created_at, updated_at) VALUES(8, 'Ut et commodi ut ut.', 71, 12, 'Non natus optio illum adipisci exercitationem dolor. Excepturi ea sunt corrupti architecto eligendi explicabo. Molestias enim quidem numquam sit rem et est vitae.', 'normal_importance', '2020-06-25 08:38:31.0', '2018-05-24 19:19:05.0', NULL, NULL, 0, '1992-12-25 21:57:57.0', '2020-07-19 17:35:17.0');
INSERT INTO tasks (id, name, author_id, performer_id, details, importance, term, start_date, execution_date, execution_result, executed, created_at, updated_at) VALUES(9, 'Et quae culpa sed.', 77, 65, 'Reiciendis adipisci numquam non nihil et adipisci vel. Molestiae quo facere possimus quidem non illo. Praesentium aperiam magnam amet provident beatae eligendi aperiam.', 'high_importance', '2020-06-25 14:28:14.0', '2017-11-17 23:31:04.0', '2020-06-25 13:01:31.0', 'Delectus consequatur dolor quis maiores maxime. Sed sed ut consequuntur repellat. Ipsa non atque blanditiis suscipit commodi nihil. Aut voluptatem est vel eius fugiat molestias nobis.', 1, '2015-12-14 14:49:35.0', '2017-08-04 05:56:03.0');
INSERT INTO tasks (id, name, author_id, performer_id, details, importance, term, start_date, execution_date, execution_result, executed, created_at, updated_at) VALUES(10, 'Ratione voluptas inventore inventore reiciendis est.', 23, 53, 'Labore et culpa tenetur blanditiis vitae et. Et doloremque et ad. Quo non possimus eos ut eos deleniti sed.', 'normal_importance', '2020-05-19 08:57:16.0', '2017-09-12 18:27:40.0', '2019-07-21 15:08:17.0', 'Praesentium dolor asperiores eligendi illum ut. Saepe minus et explicabo itaque. Suscipit et et incidunt officia qui. Quidem id optio pariatur optio rerum atque sit.', 1, '1994-09-12 16:40:32.0', '1990-04-20 19:43:24.0');
INSERT INTO tasks (id, name, author_id, performer_id, details, importance, term, start_date, execution_date, execution_result, executed, created_at, updated_at) VALUES(11, 'At qui dolores deleniti.', 41, 32, 'Voluptatum doloribus quis facere cum neque. Atque reiciendis doloremque error recusandae in et. Delectus tenetur perferendis temporibus modi.', 'low_importance', '2020-05-12 03:43:23.0', '2017-10-14 22:05:58.0', '2020-04-11 03:25:52.0', 'Assumenda quas quae mollitia earum consequatur sit. Ut aliquid quia sed possimus. At laboriosam incidunt numquam inventore porro eligendi. Quisquam similique fugit hic rerum harum sit est.', 1, '2001-03-05 12:42:06.0', '2008-04-02 11:48:10.0');
INSERT INTO tasks (id, name, author_id, performer_id, details, importance, term, start_date, execution_date, execution_result, executed, created_at, updated_at) VALUES(12, 'Unde cupiditate nihil officia.', 35, 40, 'Minima architecto est dignissimos. Dolores eum voluptas sequi. Ab ullam est doloribus consequuntur ab error. Et ullam voluptatem voluptate.', 'low_importance', '2019-10-30 17:12:03.0', '2018-04-23 22:54:07.0', NULL, NULL, 0, '2015-12-03 01:24:11.0', '2020-07-19 17:35:17.0');
INSERT INTO tasks (id, name, author_id, performer_id, details, importance, term, start_date, execution_date, execution_result, executed, created_at, updated_at) VALUES(13, 'Quis quo atque totam quia ea.', 37, 10, 'Reiciendis fugiat omnis eligendi quis. Ratione ut qui aut iusto non. Aut sed ullam dolores nulla atque soluta. Et repellendus sequi odit et et minima iusto et.', 'high_importance', '2020-05-10 22:15:13.0', '2017-12-13 02:34:23.0', '2020-06-09 17:00:07.0', 'Deserunt qui totam sint aspernatur. Doloribus voluptatem totam cumque excepturi non. Esse ea eius est ut consectetur soluta. Molestias placeat voluptas a ut ducimus nihil.', 1, '1990-09-16 05:05:33.0', '1985-09-02 19:31:41.0');
INSERT INTO tasks (id, name, author_id, performer_id, details, importance, term, start_date, execution_date, execution_result, executed, created_at, updated_at) VALUES(14, 'Temporibus facilis aspernatur tempore est.', 81, 30, 'Quia consectetur maxime ad ducimus rem odit. Sed et doloribus et incidunt nobis modi iste. Deserunt sequi quo molestias dolor sed.', 'low_importance', '2019-09-05 08:55:48.0', '2017-09-01 22:32:43.0', '2019-10-05 08:00:41.0', 'Aut amet ut qui qui qui et corrupti. Laborum et natus pariatur non at ex non. Et vero quod qui necessitatibus iure. Doloribus fugit quae et porro ullam sit labore reiciendis.', 1, '1981-02-02 15:48:48.0', '1992-09-16 06:39:48.0');
INSERT INTO tasks (id, name, author_id, performer_id, details, importance, term, start_date, execution_date, execution_result, executed, created_at, updated_at) VALUES(15, 'Voluptate aut ut repellat maiores quidem.', 51, 19, 'Corporis debitis nemo et nisi sit quod optio voluptatem. Occaecati sit laudantium cum voluptatibus.', 'high_importance', '2019-08-03 23:39:12.0', '2018-03-05 10:07:04.0', '2020-02-13 23:26:48.0', 'Nam ut illo perspiciatis aspernatur excepturi quo quis numquam. Eos quod recusandae laudantium tenetur quo culpa ullam. Perferendis laudantium necessitatibus quibusdam numquam molestiae velit.', 1, '1985-09-24 02:30:59.0', '2009-10-21 23:23:31.0');
INSERT INTO tasks (id, name, author_id, performer_id, details, importance, term, start_date, execution_date, execution_result, executed, created_at, updated_at) VALUES(16, 'Tempore corrupti voluptas quisquam.', 85, 4, 'Tenetur nulla aliquam dignissimos. Impedit nulla expedita iste unde hic voluptatum provident saepe. Veritatis enim aliquid quo consequatur.', 'low_importance', '2020-01-21 17:42:37.0', '2017-08-21 14:03:26.0', '2019-11-16 18:59:44.0', 'Dolores adipisci aut perspiciatis hic cum. Hic et et quis et laboriosam rerum quos. Aut aut ad delectus maxime recusandae.', 1, '1973-09-04 08:45:32.0', '1970-06-23 18:12:59.0');
INSERT INTO tasks (id, name, author_id, performer_id, details, importance, term, start_date, execution_date, execution_result, executed, created_at, updated_at) VALUES(17, 'Illo accusantium error in.', 84, 86, 'Dolor voluptatem enim tenetur earum ea quasi. Quo dolores dolorum possimus eos inventore. Tempora atque velit eius rerum.', 'high_importance', '2020-03-11 13:19:55.0', '2018-04-28 08:23:15.0', NULL, NULL, 0, '1994-05-31 06:38:45.0', '2020-07-19 17:35:17.0');
INSERT INTO tasks (id, name, author_id, performer_id, details, importance, term, start_date, execution_date, execution_result, executed, created_at, updated_at) VALUES(18, 'Voluptate architecto ut dolorum enim.', 93, 38, 'Qui non reprehenderit ratione sunt aliquid vero. Nulla quas quasi voluptate minima doloremque molestiae nesciunt nam. Ipsum molestiae et amet.', 'normal_importance', '2020-03-17 14:51:18.0', '2018-05-11 11:57:03.0', NULL, NULL, 0, '1974-04-14 18:59:17.0', '2020-07-19 17:35:17.0');
INSERT INTO tasks (id, name, author_id, performer_id, details, importance, term, start_date, execution_date, execution_result, executed, created_at, updated_at) VALUES(19, 'Et eligendi officia est exercitationem.', 22, 69, 'Ut non et dicta aliquam consequatur eligendi rerum tenetur. Vitae ducimus optio est. Ab alias perspiciatis blanditiis placeat deleniti enim iste.', 'normal_importance', '2019-12-14 06:32:46.0', '2017-09-09 20:35:38.0', NULL, NULL, 0, '2013-04-08 05:54:08.0', '2020-07-19 17:35:17.0');
INSERT INTO tasks (id, name, author_id, performer_id, details, importance, term, start_date, execution_date, execution_result, executed, created_at, updated_at) VALUES(20, 'Voluptas ut qui architecto commodi.', 1, 37, 'Velit magni modi perspiciatis. Aut quia modi omnis nihil sunt et sit. Ipsa et et qui voluptas quisquam.', 'normal_importance', '2020-04-10 12:49:26.0', '2017-07-18 16:54:07.0', NULL, NULL, 0, '2018-01-19 07:34:32.0', '2020-07-19 17:35:17.0');
INSERT INTO tasks (id, name, author_id, performer_id, details, importance, term, start_date, execution_date, execution_result, executed, created_at, updated_at) VALUES(21, 'Provident dignissimos recusandae possimus et dolorum.', 89, 93, 'Porro qui est cumque eius perferendis. Ducimus unde quam rerum facere omnis nihil. Voluptas impedit temporibus consectetur quia totam. Qui quo minima pariatur ea.', 'normal_importance', '2020-06-08 06:03:50.0', '2018-05-05 12:55:30.0', '2020-03-22 09:52:12.0', 'Tenetur sunt ea itaque qui ipsum sit placeat. Sit dolorem molestiae corporis numquam culpa quae eum. Quia nobis est unde itaque. Molestiae beatae nihil est et cupiditate et sit.', 1, '2011-11-26 22:26:40.0', '1993-01-20 17:00:20.0');
INSERT INTO tasks (id, name, author_id, performer_id, details, importance, term, start_date, execution_date, execution_result, executed, created_at, updated_at) VALUES(22, 'Quia omnis dolor amet doloremque.', 66, 8, 'Qui odio vitae est rem ipsa id. Dolor magni rerum dolor. Consequuntur ducimus odit qui ullam eum qui tenetur. Quo nobis tempore est vel.', 'low_importance', '2020-01-24 02:24:47.0', '2018-02-09 10:25:39.0', NULL, NULL, 0, '2009-11-27 23:34:14.0', '2020-07-19 17:35:17.0');
INSERT INTO tasks (id, name, author_id, performer_id, details, importance, term, start_date, execution_date, execution_result, executed, created_at, updated_at) VALUES(23, 'Qui quis voluptas ut.', 28, 36, 'Qui at ipsa qui in ipsum dolor quidem autem. Velit quia officia nostrum sunt mollitia et. Eum omnis dolorem et quos qui. Ea magni esse et tenetur.', 'high_importance', '2019-09-28 13:38:25.0', '2018-07-15 14:04:39.0', '2019-08-27 12:59:39.0', 'Vel et et aperiam similique animi repellat. Ratione numquam eos laudantium qui. Animi sit provident aperiam architecto minus in. Sapiente nihil et dolorem vel qui saepe est.', 1, '1982-10-28 19:19:57.0', '1995-11-13 15:41:03.0');
INSERT INTO tasks (id, name, author_id, performer_id, details, importance, term, start_date, execution_date, execution_result, executed, created_at, updated_at) VALUES(24, 'Harum ad veritatis ut.', 19, 5, 'Est veniam molestias aspernatur dolores voluptas soluta. Est nisi et ut tempora. Dolor consequatur itaque qui quos temporibus sed error. Sunt aut minus est ut.', 'normal_importance', '2020-03-27 09:15:05.0', '2017-10-02 12:51:03.0', '2020-02-25 21:05:26.0', 'Enim est maxime alias eum velit non. Id neque dolorem et laborum qui voluptas cum. Officiis totam officia repellendus fuga itaque.', 1, '2015-01-03 13:13:25.0', '2020-01-02 09:01:01.0');
INSERT INTO tasks (id, name, author_id, performer_id, details, importance, term, start_date, execution_date, execution_result, executed, created_at, updated_at) VALUES(25, 'Quas deleniti unde praesentium consequatur.', 100, 42, 'Explicabo quis iure facere quasi ea rerum. Architecto odit quia voluptatibus ut. Voluptatibus dolores sit quos similique ea. Et sunt nulla vel consequuntur porro.', 'low_importance', '2020-05-08 13:42:06.0', '2018-01-24 16:12:45.0', NULL, NULL, 0, '2016-10-18 11:54:07.0', '2020-07-19 17:35:17.0');
INSERT INTO tasks (id, name, author_id, performer_id, details, importance, term, start_date, execution_date, execution_result, executed, created_at, updated_at) VALUES(26, 'Sunt possimus sunt optio repellendus.', 58, 41, 'Delectus quo sequi facilis qui consequatur. Veniam corrupti harum dolores quo deleniti. Officia optio qui necessitatibus voluptatem harum ut consectetur.', 'normal_importance', '2020-07-14 08:18:25.0', '2017-10-15 03:12:10.0', NULL, NULL, 0, '2014-05-09 19:02:56.0', '2020-07-19 17:35:17.0');
INSERT INTO tasks (id, name, author_id, performer_id, details, importance, term, start_date, execution_date, execution_result, executed, created_at, updated_at) VALUES(27, 'Ab eum quos non voluptas et rerum.', 73, 92, 'Dolorem similique et quas omnis et ipsam. Accusantium quo alias ex quo dolorum ut.', 'low_importance', '2020-05-17 19:45:27.0', '2018-06-28 09:11:55.0', NULL, NULL, 0, '1975-03-29 18:15:36.0', '2020-07-19 17:35:17.0');
INSERT INTO tasks (id, name, author_id, performer_id, details, importance, term, start_date, execution_date, execution_result, executed, created_at, updated_at) VALUES(28, 'Dolore dolores voluptas dolores.', 80, 10, 'Aut voluptatum est quod quibusdam. Dolorum odit quisquam vel ut vel et. Sapiente autem maxime perspiciatis perspiciatis sequi.', 'high_importance', '2019-11-17 17:30:57.0', '2017-11-11 15:46:48.0', NULL, NULL, 0, '1999-05-21 03:20:40.0', '2020-07-19 17:35:17.0');
INSERT INTO tasks (id, name, author_id, performer_id, details, importance, term, start_date, execution_date, execution_result, executed, created_at, updated_at) VALUES(29, 'Neque sint ullam et et temporibus.', 1, 60, 'Necessitatibus et numquam quis beatae enim. Quasi iste nihil enim placeat neque.', 'high_importance', '2020-03-02 09:00:13.0', '2018-01-06 07:21:46.0', NULL, NULL, 0, '2005-09-26 20:31:10.0', '2020-07-19 17:35:17.0');
INSERT INTO tasks (id, name, author_id, performer_id, details, importance, term, start_date, execution_date, execution_result, executed, created_at, updated_at) VALUES(30, 'Dolores culpa consequuntur quibusdam eos.', 39, 52, 'Tempore cum totam sint quas eum tenetur. Harum et eius quod eveniet beatae ut qui. Totam dolores cumque doloribus aut quas dolorum velit.', 'low_importance', '2020-01-27 00:30:18.0', '2018-01-06 10:39:44.0', '2019-09-28 06:58:41.0', 'Autem deleniti ab qui culpa ipsa. Fuga expedita tenetur ipsam repudiandae aut perspiciatis et harum. Iusto est qui assumenda id excepturi voluptatem quam.', 1, '1982-12-03 22:05:59.0', '1980-04-22 23:39:53.0');
INSERT INTO tasks (id, name, author_id, performer_id, details, importance, term, start_date, execution_date, execution_result, executed, created_at, updated_at) VALUES(31, 'Totam mollitia accusamus nisi neque.', 78, 24, 'Repudiandae sunt sunt ut et vel. Maxime nam natus harum eaque est consequatur quibusdam. Assumenda fugit quae quos perferendis nisi id rerum.', 'high_importance', '2020-06-17 04:31:41.0', '2017-11-02 14:14:15.0', NULL, NULL, 0, '1973-10-10 20:16:58.0', '2020-07-19 17:35:17.0');
INSERT INTO tasks (id, name, author_id, performer_id, details, importance, term, start_date, execution_date, execution_result, executed, created_at, updated_at) VALUES(32, 'Quia sed quia et quod at.', 55, 61, 'Quis soluta consequatur repellendus iure qui quam. Error blanditiis dolor iste laudantium veritatis consequatur.', 'high_importance', '2019-12-29 18:42:14.0', '2017-10-31 20:32:48.0', '2019-12-11 17:54:49.0', 'Eligendi mollitia aut placeat aut aspernatur et tenetur voluptas. Ut sed assumenda sit non id maxime molestias.', 1, '2019-08-26 21:10:39.0', '1992-03-12 09:52:57.0');
INSERT INTO tasks (id, name, author_id, performer_id, details, importance, term, start_date, execution_date, execution_result, executed, created_at, updated_at) VALUES(33, 'Velit numquam unde incidunt.', 9, 47, 'Sapiente placeat quo amet nam quam rerum. Modi suscipit aut earum quia dolorem vero. Rem molestiae impedit quia ex.', 'high_importance', '2020-01-12 07:41:49.0', '2018-01-23 00:30:26.0', '2019-09-04 00:33:53.0', 'Similique cum voluptatem qui eius minima fuga nobis. Quis corrupti consequuntur voluptas ut. Vel doloribus corporis repellat temporibus ratione.', 1, '1993-05-14 17:55:51.0', '2002-03-10 05:59:04.0');
INSERT INTO tasks (id, name, author_id, performer_id, details, importance, term, start_date, execution_date, execution_result, executed, created_at, updated_at) VALUES(34, 'Repellat quasi cupiditate omnis fugit eius ad.', 99, 31, 'Voluptatibus et voluptas molestiae rerum hic saepe quas. Et et sunt aperiam laboriosam sed veniam quo. Beatae quam tenetur omnis beatae et dolores cupiditate.', 'high_importance', '2019-07-22 10:32:08.0', '2018-02-23 11:42:05.0', '2020-05-12 23:07:34.0', 'Magni illo inventore eligendi accusamus eaque itaque eaque. Alias assumenda eum repellat illo iusto suscipit harum ut. Quia fugiat deserunt odit. Quo aperiam quaerat consequatur aut voluptatem illum.', 1, '2008-07-14 04:47:52.0', '1997-03-14 19:33:38.0');
INSERT INTO tasks (id, name, author_id, performer_id, details, importance, term, start_date, execution_date, execution_result, executed, created_at, updated_at) VALUES(35, 'Harum odit tempore impedit beatae rem.', 16, 99, 'Culpa nihil vel incidunt doloribus. Quas tempora soluta est quia aliquid vel. Voluptatem id enim ut facere ducimus. Delectus aut ratione ex velit nisi qui corrupti rerum.', 'high_importance', '2020-01-06 19:00:02.0', '2017-11-04 09:56:47.0', '2020-05-07 03:28:16.0', 'Et asperiores voluptatem sed nihil velit hic quibusdam. Qui quia explicabo non praesentium et eaque. Quia accusantium voluptatem consectetur consequuntur.', 1, '2010-10-22 10:52:18.0', '2005-11-09 13:41:48.0');
INSERT INTO tasks (id, name, author_id, performer_id, details, importance, term, start_date, execution_date, execution_result, executed, created_at, updated_at) VALUES(36, 'Consectetur magni eaque temporibus sed eveniet distinctio.', 68, 4, 'Voluptatem rerum voluptas officiis quaerat. Quam aut vel sint vitae qui id qui. Voluptatibus quia recusandae sed repellendus. Molestiae repudiandae sunt doloribus vel aut quia.', 'normal_importance', '2020-05-30 19:53:20.0', '2017-10-01 16:04:25.0', NULL, NULL, 0, '1978-07-08 00:42:59.0', '2020-07-19 17:35:17.0');
INSERT INTO tasks (id, name, author_id, performer_id, details, importance, term, start_date, execution_date, execution_result, executed, created_at, updated_at) VALUES(37, 'Quidem ratione dolorem illum.', 91, 33, 'Et et doloribus reprehenderit est labore facilis. Cum distinctio quae reiciendis in quam. Vel voluptatibus cupiditate qui perferendis dignissimos impedit ab. Minus ea non amet illo et quia quibusdam.', 'normal_importance', '2020-05-24 10:50:12.0', '2018-03-28 14:19:49.0', '2019-10-26 19:27:05.0', 'Quae earum vitae a officiis dignissimos magni. Fuga temporibus sunt qui nam porro neque. Rerum repudiandae modi et sint officia eum nobis. Error sed delectus necessitatibus aut rerum.', 1, '2003-03-30 10:11:49.0', '2015-09-12 23:51:24.0');
INSERT INTO tasks (id, name, author_id, performer_id, details, importance, term, start_date, execution_date, execution_result, executed, created_at, updated_at) VALUES(38, 'Sint inventore laudantium error et ab.', 12, 19, 'Molestiae corrupti sint et. Dolores velit minus facilis ipsum. Qui deserunt consequatur repudiandae. Tempora doloremque quo voluptate dolor aut. Temporibus officiis occaecati neque illo impedit iste.', 'high_importance', '2019-11-26 08:13:19.0', '2017-09-14 14:20:12.0', '2020-05-25 17:38:12.0', 'Ut dicta laborum vitae et. Corporis ipsam sed voluptate quia alias. Praesentium ea voluptas tempora nam numquam quaerat.', 1, '1976-07-02 14:52:00.0', '2006-01-21 12:30:22.0');
INSERT INTO tasks (id, name, author_id, performer_id, details, importance, term, start_date, execution_date, execution_result, executed, created_at, updated_at) VALUES(39, 'Vero eum sit voluptate.', 68, 30, 'Omnis ipsa eum occaecati ea sed dolorem odit nihil. Ex nostrum nisi magni tempora. Rem voluptates ut nobis nulla iusto. Aut aperiam sint ipsa id autem aut tenetur est.', 'high_importance', '2020-06-03 04:13:02.0', '2018-07-07 20:27:23.0', '2020-05-15 06:17:58.0', 'Fugit sit rerum unde aut. Qui omnis qui ipsum quas nisi. Qui quae et vero et. Explicabo aut voluptates eos. Expedita sint quae eius laboriosam ullam dolor. Enim odio ullam animi voluptatem ipsum.', 1, '2012-12-12 23:06:27.0', '1990-02-17 09:51:26.0');
INSERT INTO tasks (id, name, author_id, performer_id, details, importance, term, start_date, execution_date, execution_result, executed, created_at, updated_at) VALUES(40, 'Non sit dolores possimus ipsam tempora.', 24, 68, 'Exercitationem optio quidem qui corrupti iure. Molestiae et rerum nesciunt impedit suscipit. Pariatur ipsa sit velit voluptatibus voluptate. Qui provident ullam sunt sit quis soluta.', 'low_importance', '2019-08-12 22:44:50.0', '2018-03-12 03:18:41.0', '2020-03-24 13:51:18.0', 'Et voluptate ea nobis distinctio repellat unde voluptas id. Deserunt maxime fugit fuga eligendi rem pariatur. Dolorem quas et dolor provident placeat possimus sint.', 1, '2017-01-23 12:13:11.0', '1977-05-31 14:02:28.0');
INSERT INTO tasks (id, name, author_id, performer_id, details, importance, term, start_date, execution_date, execution_result, executed, created_at, updated_at) VALUES(41, 'Voluptatum sed ut non unde qui.', 71, 81, 'Eius placeat fugiat aspernatur. Tempora ab aut ut doloremque iste consequatur consequatur. Unde maiores perspiciatis sequi hic molestiae ullam.', 'normal_importance', '2019-08-29 10:28:04.0', '2018-02-17 08:25:21.0', NULL, NULL, 0, '2010-01-02 18:29:22.0', '2020-07-19 17:35:17.0');
INSERT INTO tasks (id, name, author_id, performer_id, details, importance, term, start_date, execution_date, execution_result, executed, created_at, updated_at) VALUES(42, 'Blanditiis necessitatibus ad deleniti.', 9, 44, 'Voluptas voluptatem molestias excepturi est. Hic ut minus facere et atque. Libero sunt quasi molestiae in tenetur deleniti. Minima magni libero aut excepturi voluptates minus.', 'low_importance', '2020-05-30 05:55:41.0', '2017-12-17 05:42:34.0', NULL, NULL, 0, '1973-03-09 20:55:05.0', '2020-07-19 17:35:17.0');
INSERT INTO tasks (id, name, author_id, performer_id, details, importance, term, start_date, execution_date, execution_result, executed, created_at, updated_at) VALUES(43, 'Ut et et accusantium.', 72, 88, 'Suscipit repellendus eius earum incidunt placeat quas fugiat. Mollitia tempore fugit molestiae quia. A omnis libero perspiciatis sit unde eum. Eveniet impedit delectus eum aut.', 'low_importance', '2019-07-26 17:38:29.0', '2018-07-07 04:40:57.0', '2020-04-15 19:29:40.0', 'Minus commodi tenetur ut voluptate consequuntur blanditiis tempora. Consectetur eligendi et at et.', 1, '1972-06-17 22:56:20.0', '1975-08-19 18:03:20.0');
INSERT INTO tasks (id, name, author_id, performer_id, details, importance, term, start_date, execution_date, execution_result, executed, created_at, updated_at) VALUES(44, 'Minus dolores velit ut eos.', 53, 73, 'Vel voluptatibus voluptatem dolorem quisquam voluptatem. Qui eaque perspiciatis porro non. Est culpa sequi debitis consequatur exercitationem aut.', 'high_importance', '2019-08-07 21:02:02.0', '2018-03-07 02:28:21.0', NULL, NULL, 0, '2006-05-08 00:58:15.0', '2020-07-19 17:35:17.0');
INSERT INTO tasks (id, name, author_id, performer_id, details, importance, term, start_date, execution_date, execution_result, executed, created_at, updated_at) VALUES(45, 'Natus id eum et.', 48, 91, 'At ea ex quis pariatur. A suscipit perspiciatis nam ut magnam nesciunt. Autem at iusto ab totam quaerat.', 'normal_importance', '2019-10-26 07:25:04.0', '2017-11-21 13:34:40.0', NULL, NULL, 0, '1981-10-31 11:26:58.0', '2020-07-19 17:35:17.0');
INSERT INTO tasks (id, name, author_id, performer_id, details, importance, term, start_date, execution_date, execution_result, executed, created_at, updated_at) VALUES(46, 'Autem quo autem qui dignissimos autem.', 25, 25, 'Quisquam est nesciunt reprehenderit dolores. Et eum autem et dolore aut eos. Et cupiditate eum voluptatem quod dolorem ut.', 'normal_importance', '2020-04-30 21:55:05.0', '2018-04-08 11:21:34.0', NULL, NULL, 0, '2011-08-27 10:33:56.0', '2020-07-19 17:35:17.0');
INSERT INTO tasks (id, name, author_id, performer_id, details, importance, term, start_date, execution_date, execution_result, executed, created_at, updated_at) VALUES(47, 'Iure ducimus eaque voluptas quis.', 15, 79, 'Enim praesentium et quibusdam. Soluta deleniti voluptatibus ut aspernatur. Sunt cupiditate beatae sint qui consequuntur non. Repellat dolor ad commodi.', 'low_importance', '2020-05-27 03:37:27.0', '2018-05-01 13:11:24.0', NULL, NULL, 0, '2006-11-29 08:41:14.0', '2020-07-19 17:35:17.0');
INSERT INTO tasks (id, name, author_id, performer_id, details, importance, term, start_date, execution_date, execution_result, executed, created_at, updated_at) VALUES(48, 'Similique velit inventore quas nemo.', 86, 24, 'Aspernatur et quibusdam modi. Culpa error dolorem tempore. Atque omnis quas ut et nulla. Non aliquam voluptatibus porro fugiat. Nulla at ut non. Doloribus sit eaque distinctio aut quam quis.', 'low_importance', '2020-02-25 15:14:47.0', '2017-11-29 07:04:35.0', '2020-01-04 01:55:02.0', 'Iste quod neque officiis. Quod maxime incidunt veniam dolor porro. Sit impedit optio itaque quam.', 1, '2012-09-17 09:36:38.0', '1997-05-21 01:54:12.0');
INSERT INTO tasks (id, name, author_id, performer_id, details, importance, term, start_date, execution_date, execution_result, executed, created_at, updated_at) VALUES(49, 'Perspiciatis libero quia sunt quo.', 26, 85, 'Saepe rerum asperiores repellat ut beatae amet aut. Est aliquid voluptatem perspiciatis omnis libero quia dolorum. Ea ipsa asperiores sequi quis.', 'high_importance', '2020-05-09 23:59:08.0', '2018-05-12 18:12:54.0', NULL, NULL, 0, '2019-04-11 17:21:38.0', '2020-07-19 17:35:17.0');
INSERT INTO tasks (id, name, author_id, performer_id, details, importance, term, start_date, execution_date, execution_result, executed, created_at, updated_at) VALUES(50, 'Eos consequatur et ducimus laboriosam cupiditate.', 54, 42, 'Rerum itaque accusantium omnis pariatur. Ut veniam molestias dolor ullam. In sunt quidem aut veritatis repellendus.', 'low_importance', '2019-12-19 17:29:28.0', '2017-12-12 02:27:59.0', NULL, NULL, 0, '2012-12-06 21:07:18.0', '2020-07-19 17:35:17.0');
INSERT INTO tasks (id, name, author_id, performer_id, details, importance, term, start_date, execution_date, execution_result, executed, created_at, updated_at) VALUES(51, 'Similique atque et repellendus sit.', 83, 22, 'Laborum vero vero consequatur vero voluptatibus culpa. Neque aut eaque et consequatur doloremque ipsa. Temporibus perferendis sunt voluptatem dolorem. Tempore est rerum voluptas consequatur.', 'normal_importance', '2020-07-08 08:31:37.0', '2017-11-17 14:01:33.0', NULL, NULL, 0, '2009-04-01 14:07:39.0', '2020-07-19 17:35:17.0');
INSERT INTO tasks (id, name, author_id, performer_id, details, importance, term, start_date, execution_date, execution_result, executed, created_at, updated_at) VALUES(52, 'Fuga eum quae maiores blanditiis quo.', 46, 74, 'Voluptatem quae ut et repellat accusamus iste. Et a hic ut et. Veniam voluptatem quos excepturi beatae minima dolorum voluptates.', 'high_importance', '2020-05-11 06:44:54.0', '2018-02-20 00:59:28.0', '2020-04-07 14:08:44.0', 'Qui facere esse cupiditate cupiditate possimus. Nostrum nam laborum dolorem fuga et et. Omnis dolorem similique non non aut. Suscipit distinctio repellat magni quo cumque iure natus.', 1, '1970-04-16 05:44:46.0', '1988-11-13 19:07:56.0');
INSERT INTO tasks (id, name, author_id, performer_id, details, importance, term, start_date, execution_date, execution_result, executed, created_at, updated_at) VALUES(53, 'Qui omnis eos voluptas distinctio maxime.', 54, 57, 'Dolor quos veritatis commodi commodi reprehenderit. Earum occaecati harum nisi velit alias minus. Ullam hic libero ea dignissimos sunt nihil. Consequatur eius ipsum neque eveniet.', 'normal_importance', '2020-02-06 13:32:42.0', '2018-05-05 18:37:36.0', '2020-07-10 12:32:36.0', 'Dolore labore eius commodi deserunt et eligendi dicta. Cum asperiores tempora dolorem explicabo quis eos placeat.', 1, '2018-06-10 20:21:27.0', '1990-10-13 00:06:54.0');
INSERT INTO tasks (id, name, author_id, performer_id, details, importance, term, start_date, execution_date, execution_result, executed, created_at, updated_at) VALUES(54, 'Aspernatur iste deserunt excepturi.', 93, 22, 'Vel perferendis atque eaque maxime assumenda. Laboriosam dolores ipsa voluptate repellendus vitae rerum est quam. Occaecati quos ullam est ut architecto consequuntur.', 'low_importance', '2019-08-09 16:45:09.0', '2017-08-02 20:10:23.0', NULL, NULL, 0, '2004-08-23 05:46:38.0', '2020-07-19 17:35:17.0');
INSERT INTO tasks (id, name, author_id, performer_id, details, importance, term, start_date, execution_date, execution_result, executed, created_at, updated_at) VALUES(55, 'Repellat corporis sed unde quos necessitatibus autem.', 87, 16, 'Et officia omnis molestiae dignissimos amet culpa non. Rem et deleniti ducimus odit voluptas tempore. Quis blanditiis soluta aut similique velit. Aut quia labore ad molestiae laudantium animi.', 'low_importance', '2020-02-06 12:07:53.0', '2018-01-15 05:03:31.0', NULL, NULL, 0, '1997-04-25 21:32:43.0', '2020-07-19 17:35:17.0');
INSERT INTO tasks (id, name, author_id, performer_id, details, importance, term, start_date, execution_date, execution_result, executed, created_at, updated_at) VALUES(56, 'Praesentium autem velit veritatis.', 90, 58, 'Officiis eaque eos accusamus vero necessitatibus neque quia. Ut nobis aut corporis similique id. Enim tenetur vel qui ea.', 'low_importance', '2020-05-18 06:20:42.0', '2017-07-31 05:12:10.0', NULL, NULL, 0, '1998-10-30 20:44:53.0', '2020-07-19 17:35:17.0');
INSERT INTO tasks (id, name, author_id, performer_id, details, importance, term, start_date, execution_date, execution_result, executed, created_at, updated_at) VALUES(57, 'Officia quasi voluptatem alias ullam.', 97, 98, 'Quas eligendi quas laudantium quisquam. Et magni quaerat pariatur. Molestiae sequi saepe voluptatem odit exercitationem aspernatur eum. A quia dolorem et voluptatum.', 'high_importance', '2020-06-27 10:11:23.0', '2017-12-02 02:07:46.0', '2020-04-01 00:30:24.0', 'Repudiandae dicta deleniti explicabo recusandae. Ut dolor molestiae quo fugit sunt sed facilis. Occaecati ratione ducimus repellat quo dolore doloribus. Qui culpa aperiam et repellat non.', 1, '1991-07-10 13:16:22.0', '2007-12-05 14:06:37.0');
INSERT INTO tasks (id, name, author_id, performer_id, details, importance, term, start_date, execution_date, execution_result, executed, created_at, updated_at) VALUES(58, 'Maiores sit consequuntur fuga.', 1, 69, 'Sint reiciendis occaecati eaque velit asperiores magnam. Aperiam autem labore dolores. Molestiae quia nobis numquam totam qui explicabo. Dolores nulla assumenda quisquam sed libero quo voluptas.', 'high_importance', '2020-06-02 08:47:18.0', '2018-04-30 15:08:05.0', '2020-03-25 19:26:35.0', 'Et atque ut natus. Iusto quae laudantium in suscipit nesciunt corrupti veniam. Rerum eveniet iure cumque soluta iure. Laboriosam officia libero repellat sed omnis sint.', 1, '1974-02-06 05:53:29.0', '1989-08-22 20:28:39.0');
INSERT INTO tasks (id, name, author_id, performer_id, details, importance, term, start_date, execution_date, execution_result, executed, created_at, updated_at) VALUES(59, 'Eligendi optio et iste aut ea qui.', 85, 53, 'Aut nobis et voluptas. Quam ea tenetur voluptatem qui odio dolore sed est. Sapiente reiciendis velit ut neque et sint.', 'low_importance', '2020-04-19 03:31:50.0', '2018-06-27 13:20:39.0', '2019-08-22 01:34:37.0', 'Qui praesentium est nihil omnis quis. Quis omnis ut possimus neque quia quidem saepe. Eum perspiciatis in magni distinctio reiciendis.', 1, '1977-07-12 04:05:59.0', '1971-07-19 10:38:41.0');
INSERT INTO tasks (id, name, author_id, performer_id, details, importance, term, start_date, execution_date, execution_result, executed, created_at, updated_at) VALUES(60, 'Optio est animi sed officiis.', 41, 32, 'In saepe provident alias et sed eum rerum. Consequatur cum perspiciatis modi rerum sit quas veniam. Qui iure dolorem assumenda sed quo.', 'high_importance', '2020-01-12 05:53:27.0', '2017-10-25 16:27:18.0', '2019-09-06 05:19:21.0', 'Id necessitatibus est molestias officiis. Fuga repudiandae consequatur est quibusdam in dolores. Recusandae non non modi animi. Ut in aut quaerat non.', 1, '1980-12-13 01:52:21.0', '1992-01-15 15:10:28.0');
INSERT INTO tasks (id, name, author_id, performer_id, details, importance, term, start_date, execution_date, execution_result, executed, created_at, updated_at) VALUES(61, 'Nemo quis quasi et enim.', 44, 66, 'Eveniet omnis nesciunt inventore modi. Aspernatur et aut ullam quia distinctio voluptates ut. Voluptatem magnam at consequatur eos laboriosam.', 'high_importance', '2020-05-11 18:37:33.0', '2018-06-07 03:36:30.0', NULL, NULL, 0, '1994-03-16 09:08:42.0', '2020-07-19 17:35:17.0');
INSERT INTO tasks (id, name, author_id, performer_id, details, importance, term, start_date, execution_date, execution_result, executed, created_at, updated_at) VALUES(62, 'Vitae ipsa corrupti sit ullam molestias.', 57, 58, 'Dolorem est fuga magni illum ut et et error. Sapiente iure quo eligendi natus facilis assumenda eum. Eos hic tempore recusandae ipsam ullam. Et cum quo aspernatur ut ut facere.', 'normal_importance', '2019-09-08 06:45:27.0', '2017-12-27 05:23:46.0', '2020-05-06 08:27:08.0', 'Quos quos qui quas molestias qui dolore rem. Necessitatibus nemo necessitatibus at doloremque sed dolore ipsa temporibus. Dignissimos unde et repellat non et dolores sit placeat.', 1, '1987-03-21 13:46:25.0', '1974-11-04 20:21:29.0');
INSERT INTO tasks (id, name, author_id, performer_id, details, importance, term, start_date, execution_date, execution_result, executed, created_at, updated_at) VALUES(63, 'Hic laboriosam aperiam sint explicabo quidem exercitationem.', 45, 43, 'Autem id ipsam dolores. Dolorem quos recusandae autem libero non. Et numquam nisi nesciunt molestias. Ut aut quis ut quo tenetur saepe.', 'high_importance', '2020-02-26 13:58:10.0', '2017-12-21 17:37:08.0', NULL, NULL, 0, '1974-10-17 14:41:36.0', '2020-07-19 17:35:17.0');
INSERT INTO tasks (id, name, author_id, performer_id, details, importance, term, start_date, execution_date, execution_result, executed, created_at, updated_at) VALUES(64, 'Odio sed ut dolores.', 81, 70, 'Sapiente iusto quae consectetur. Et aliquam optio repudiandae sunt consequatur. Velit quo dolor quasi corrupti. In sit quia repellat incidunt eveniet. Et non eum qui cumque quasi incidunt ex ut.', 'low_importance', '2020-05-24 01:33:33.0', '2018-02-08 09:15:58.0', NULL, NULL, 0, '1980-08-02 18:02:48.0', '2020-07-19 17:35:17.0');
INSERT INTO tasks (id, name, author_id, performer_id, details, importance, term, start_date, execution_date, execution_result, executed, created_at, updated_at) VALUES(65, 'Dolorum non laudantium autem.', 27, 35, 'Dignissimos unde ut incidunt exercitationem fugiat ut optio. Optio rerum qui exercitationem animi ad nulla ea eligendi. Molestias quis eum ipsam ipsum magnam sunt libero.', 'low_importance', '2020-05-26 18:53:12.0', '2017-11-08 18:21:30.0', NULL, NULL, 0, '2012-06-27 23:02:56.0', '2020-07-19 17:35:17.0');
INSERT INTO tasks (id, name, author_id, performer_id, details, importance, term, start_date, execution_date, execution_result, executed, created_at, updated_at) VALUES(66, 'Et facilis suscipit quia.', 12, 10, 'Autem ad consequatur incidunt ad nihil. Tempora exercitationem et voluptatem suscipit consequatur alias et repudiandae. Ea corrupti sit repellat itaque.', 'low_importance', '2019-09-27 19:31:04.0', '2018-03-12 14:34:09.0', '2019-07-28 08:49:28.0', 'Distinctio dignissimos repellendus necessitatibus iste. Facilis est id repellat commodi dolores. Inventore cum non optio exercitationem suscipit voluptates adipisci.', 1, '1992-12-28 10:20:33.0', '2011-08-17 22:12:08.0');
INSERT INTO tasks (id, name, author_id, performer_id, details, importance, term, start_date, execution_date, execution_result, executed, created_at, updated_at) VALUES(67, 'Sed sit neque aperiam voluptatem velit.', 56, 57, 'Quae iusto est consequatur est. Alias cumque rem molestiae aliquam excepturi eum id. Officiis explicabo placeat ab deserunt rerum.', 'low_importance', '2020-02-10 06:16:34.0', '2018-06-27 01:32:48.0', NULL, NULL, 0, '2016-07-04 13:49:34.0', '2020-07-19 17:35:17.0');
INSERT INTO tasks (id, name, author_id, performer_id, details, importance, term, start_date, execution_date, execution_result, executed, created_at, updated_at) VALUES(68, 'Eos et iusto vel ut occaecati et.', 84, 10, 'Sed in consequuntur et placeat. Quo et magni quod non mollitia voluptatibus. Distinctio illo quaerat eos eum autem sit consequatur. Ea sed voluptatem doloremque molestiae.', 'normal_importance', '2020-03-17 06:00:09.0', '2017-12-24 04:37:40.0', NULL, NULL, 0, '1978-01-29 01:46:21.0', '2020-07-19 17:35:17.0');
INSERT INTO tasks (id, name, author_id, performer_id, details, importance, term, start_date, execution_date, execution_result, executed, created_at, updated_at) VALUES(69, 'Sequi quas veritatis porro in aut aliquid.', 13, 76, 'Nihil repudiandae eum eum quasi dolor quia. Eaque ut ut et vel voluptatem voluptate eum. Qui aut eligendi molestias.', 'normal_importance', '2020-02-08 19:51:23.0', '2018-02-02 22:03:12.0', NULL, NULL, 0, '1996-12-29 23:08:46.0', '2020-07-19 17:35:17.0');
INSERT INTO tasks (id, name, author_id, performer_id, details, importance, term, start_date, execution_date, execution_result, executed, created_at, updated_at) VALUES(70, 'Laborum enim est doloremque molestiae velit est dolorum.', 31, 99, 'Quibusdam sed voluptas culpa sint sunt. Officiis doloremque quia libero et dolorem. Occaecati eligendi saepe aut odio quis. Quae eaque tempore ab. Ea eum optio autem voluptatum labore sunt.', 'low_importance', '2019-08-11 02:28:45.0', '2018-06-17 04:21:24.0', NULL, NULL, 0, '2019-11-10 01:08:49.0', '2020-07-19 17:35:17.0');
INSERT INTO tasks (id, name, author_id, performer_id, details, importance, term, start_date, execution_date, execution_result, executed, created_at, updated_at) VALUES(71, 'Rem architecto est ab officiis.', 92, 20, 'Libero explicabo saepe molestiae iste error. Enim quia quia nesciunt natus. Ducimus non recusandae tempore officiis quia et.', 'normal_importance', '2019-09-18 12:31:42.0', '2017-10-07 12:56:38.0', NULL, NULL, 0, '1982-11-12 18:10:46.0', '2020-07-19 17:35:17.0');
INSERT INTO tasks (id, name, author_id, performer_id, details, importance, term, start_date, execution_date, execution_result, executed, created_at, updated_at) VALUES(72, 'Ullam sint eos tempora aut.', 56, 88, 'Hic consequatur sed aut distinctio. Corrupti rerum et quam sequi. Eos dolore et deleniti aut. Reiciendis occaecati cupiditate inventore laudantium aliquam.', 'low_importance', '2020-06-02 15:32:57.0', '2018-06-30 03:57:47.0', NULL, NULL, 0, '1997-09-18 02:46:20.0', '2020-07-19 17:35:17.0');
INSERT INTO tasks (id, name, author_id, performer_id, details, importance, term, start_date, execution_date, execution_result, executed, created_at, updated_at) VALUES(73, 'Nihil iure assumenda corporis.', 18, 57, 'Consequatur incidunt nam qui rerum. Ipsa est et dolore facilis. Veritatis quia vel a laborum.', 'normal_importance', '2020-05-21 18:47:36.0', '2018-04-02 07:21:14.0', NULL, NULL, 0, '1996-10-21 18:27:04.0', '2020-07-19 17:35:17.0');
INSERT INTO tasks (id, name, author_id, performer_id, details, importance, term, start_date, execution_date, execution_result, executed, created_at, updated_at) VALUES(74, 'Omnis provident ex blanditiis.', 56, 2, 'Qui aspernatur quia dolorem. Magnam quis nobis quod nihil debitis qui. Ipsa recusandae itaque sed voluptas maiores. Consequatur qui laudantium reiciendis architecto.', 'low_importance', '2020-04-11 08:07:39.0', '2018-01-18 18:45:46.0', '2020-03-23 23:57:16.0', 'Atque minima perspiciatis officiis. Est similique natus dignissimos voluptatem nostrum laudantium labore. Dolor maxime ut corrupti.', 1, '1994-10-25 19:42:26.0', '2002-08-25 13:49:42.0');
INSERT INTO tasks (id, name, author_id, performer_id, details, importance, term, start_date, execution_date, execution_result, executed, created_at, updated_at) VALUES(75, 'Voluptatibus reprehenderit repellat laborum aut qui.', 10, 97, 'Ut rerum sunt iste quaerat magnam iusto esse. Ea autem dolorum quo cupiditate autem quis. Consequuntur tenetur ut commodi sapiente vitae debitis.', 'normal_importance', '2020-06-27 02:25:32.0', '2018-01-04 17:18:19.0', NULL, NULL, 0, '1970-08-18 02:04:33.0', '2020-07-19 17:35:17.0');
INSERT INTO tasks (id, name, author_id, performer_id, details, importance, term, start_date, execution_date, execution_result, executed, created_at, updated_at) VALUES(76, 'Officiis unde distinctio sequi quo ducimus necessitatibus.', 34, 53, 'Quibusdam aut eos ex quo odio exercitationem ut. Tempore dolor necessitatibus libero in neque voluptate vel ad. Ullam qui rem in saepe et explicabo aut.', 'low_importance', '2020-03-28 05:44:43.0', '2017-09-09 11:05:28.0', NULL, NULL, 0, '1977-01-28 18:12:46.0', '2020-07-19 17:35:17.0');
INSERT INTO tasks (id, name, author_id, performer_id, details, importance, term, start_date, execution_date, execution_result, executed, created_at, updated_at) VALUES(77, 'Ut incidunt iste inventore eos sint sed.', 62, 91, 'Quod sed excepturi praesentium quidem quisquam porro quibusdam. Velit animi ipsa consequatur atque ut sint dolor qui. Quaerat impedit dolorum necessitatibus non voluptatibus illo.', 'high_importance', '2020-06-23 13:52:31.0', '2018-01-15 20:33:48.0', '2019-07-26 10:44:13.0', 'Ducimus aut aperiam assumenda vero sed consectetur et. Vitae ea quia non et et omnis eaque. Qui voluptatem sunt voluptas velit consequatur modi.', 1, '1990-11-30 10:27:18.0', '2002-02-13 20:52:38.0');
INSERT INTO tasks (id, name, author_id, performer_id, details, importance, term, start_date, execution_date, execution_result, executed, created_at, updated_at) VALUES(78, 'Debitis aut ut et neque.', 11, 6, 'Magnam in vero ab. Voluptates atque ullam non laborum occaecati dolores. Totam voluptatem ut fugit enim. Est qui quo maiores eaque.', 'low_importance', '2019-08-09 01:33:04.0', '2018-05-31 19:15:23.0', NULL, NULL, 0, '1997-04-28 05:15:49.0', '2020-07-19 17:35:17.0');
INSERT INTO tasks (id, name, author_id, performer_id, details, importance, term, start_date, execution_date, execution_result, executed, created_at, updated_at) VALUES(79, 'Rerum nihil distinctio ea.', 33, 92, 'Qui et quisquam debitis quidem omnis. Molestias eum fugiat explicabo consectetur. Et explicabo rerum ut ea occaecati sit temporibus. Explicabo autem rerum quasi ut non.', 'low_importance', '2019-10-21 20:18:28.0', '2018-03-03 20:31:16.0', '2019-08-21 00:47:35.0', 'Autem nihil quis ipsam. Nemo cum saepe aliquam distinctio dolorem facilis voluptatem tempora. Est ut dolores corporis. Omnis maiores quia aut iste pariatur assumenda qui.', 1, '1980-10-03 03:42:39.0', '1990-06-08 12:49:37.0');
INSERT INTO tasks (id, name, author_id, performer_id, details, importance, term, start_date, execution_date, execution_result, executed, created_at, updated_at) VALUES(80, 'Vel consequuntur beatae qui.', 76, 60, 'Molestiae veniam in neque praesentium vel numquam officia. Vel eum alias in incidunt pariatur qui rem. Eligendi illo ut nobis aperiam non. Sed voluptatibus ipsam atque incidunt beatae aperiam quis.', 'high_importance', '2020-02-02 19:39:23.0', '2018-06-04 20:39:28.0', NULL, NULL, 0, '2013-10-01 14:20:41.0', '2020-07-19 17:35:17.0');
INSERT INTO tasks (id, name, author_id, performer_id, details, importance, term, start_date, execution_date, execution_result, executed, created_at, updated_at) VALUES(81, 'Hic sint optio fugiat.', 27, 87, 'Debitis ad repellendus deleniti est fugit. Esse rerum consequatur eligendi rem. Eaque aut accusamus qui.', 'low_importance', '2020-01-06 23:49:48.0', '2018-03-06 02:47:32.0', '2019-12-09 01:43:10.0', 'Ea aut sapiente est dolorem. Voluptatem qui debitis sed numquam. Molestias consequatur accusamus officiis omnis ratione. Id fuga eligendi et voluptatem iure et.', 1, '1979-11-18 19:32:55.0', '1998-02-18 22:55:22.0');
INSERT INTO tasks (id, name, author_id, performer_id, details, importance, term, start_date, execution_date, execution_result, executed, created_at, updated_at) VALUES(82, 'Id quis aut voluptate odio.', 70, 83, 'Omnis amet eum debitis illum. Ut quibusdam pariatur dolor enim. Qui possimus quia sunt similique et saepe. Sit harum iste qui dolor ab ut.', 'normal_importance', '2019-11-09 16:29:27.0', '2017-12-12 23:59:32.0', '2020-06-05 21:16:47.0', 'Et cumque reprehenderit cum officiis voluptas sit nihil. Ut saepe non qui at quas alias. Dolorum voluptatem et cumque sed. Alias cumque aut ut laudantium.', 1, '1998-12-08 17:40:56.0', '1984-09-14 03:10:53.0');
INSERT INTO tasks (id, name, author_id, performer_id, details, importance, term, start_date, execution_date, execution_result, executed, created_at, updated_at) VALUES(83, 'Rerum sunt rerum quo incidunt nulla.', 43, 53, 'Consectetur dolor deleniti repellendus necessitatibus quos non modi quaerat. Vel amet corrupti eos voluptatem cum occaecati quia. Praesentium similique quod quibusdam tenetur nisi recusandae ea.', 'high_importance', '2020-04-17 02:31:32.0', '2018-03-25 03:26:48.0', NULL, NULL, 0, '1990-05-13 14:26:39.0', '2020-07-19 17:35:17.0');
INSERT INTO tasks (id, name, author_id, performer_id, details, importance, term, start_date, execution_date, execution_result, executed, created_at, updated_at) VALUES(84, 'Numquam dolores quae iusto nobis sunt eum.', 92, 56, 'Aspernatur numquam et quibusdam nihil. Magnam molestiae est pariatur eum perferendis. Doloribus nihil sit incidunt incidunt doloribus odio ut.', 'high_importance', '2019-09-24 12:10:30.0', '2017-12-15 23:44:56.0', '2020-05-24 13:54:56.0', 'Voluptatem nisi voluptatem distinctio laboriosam officiis unde. Ipsa nesciunt ab cum aut ipsum possimus. Blanditiis odit voluptatem qui est. Aut sint minus eaque commodi commodi ut distinctio omnis.', 1, '2011-01-23 22:01:28.0', '2017-04-27 01:53:42.0');
INSERT INTO tasks (id, name, author_id, performer_id, details, importance, term, start_date, execution_date, execution_result, executed, created_at, updated_at) VALUES(85, 'Et et in quod assumenda totam quo.', 28, 23, 'Placeat eligendi qui placeat reiciendis necessitatibus. Corrupti et inventore dignissimos animi voluptatem. Omnis quisquam et architecto ut et qui.', 'low_importance', '2019-09-29 03:45:42.0', '2018-05-14 05:10:20.0', '2020-06-17 20:27:12.0', 'Eum veritatis reiciendis accusamus iste ipsa. Nam at et aspernatur vero. Deserunt explicabo ad debitis odit similique placeat non.', 1, '1976-03-17 19:51:02.0', '1991-10-18 20:35:38.0');
INSERT INTO tasks (id, name, author_id, performer_id, details, importance, term, start_date, execution_date, execution_result, executed, created_at, updated_at) VALUES(86, 'Id consequatur dolorem veritatis quo.', 55, 19, 'Et esse deleniti et magni enim rerum dolor. Ab ea exercitationem earum libero. Aut exercitationem consequatur aut veniam eos velit quisquam.', 'high_importance', '2020-04-02 04:52:02.0', '2017-12-06 03:15:08.0', '2019-08-05 08:15:37.0', 'Ad iure accusantium ut iusto quasi nemo cupiditate. Ut vitae quis voluptatem rem et ex.', 1, '1971-06-26 19:42:48.0', '1979-07-03 16:23:15.0');
INSERT INTO tasks (id, name, author_id, performer_id, details, importance, term, start_date, execution_date, execution_result, executed, created_at, updated_at) VALUES(87, 'Neque beatae quod aperiam debitis.', 43, 11, 'Dolores rerum qui harum. Iste minima voluptas quod suscipit nulla. Et ad consequuntur distinctio impedit.', 'low_importance', '2020-07-15 06:42:10.0', '2017-10-17 16:47:03.0', NULL, NULL, 0, '2006-01-02 19:45:52.0', '2020-07-19 17:35:17.0');
INSERT INTO tasks (id, name, author_id, performer_id, details, importance, term, start_date, execution_date, execution_result, executed, created_at, updated_at) VALUES(88, 'Quaerat asperiores ut modi consequatur ipsa quia.', 7, 60, 'Enim eaque voluptates ex dolores. Alias aut magnam mollitia magni blanditiis. Doloribus quasi nemo mollitia itaque. Aut facere quia enim neque exercitationem corrupti unde. Cumque sunt aut voluptas.', 'normal_importance', '2020-03-28 17:23:24.0', '2018-01-28 21:11:20.0', '2020-05-04 04:15:58.0', 'Dolorem libero fugit incidunt quis dolores a sunt sit. Vel sit eligendi et odit veniam. Aliquam non aut vitae quia beatae aut. Hic non exercitationem incidunt fugit magnam molestiae consequatur.', 1, '2008-08-06 04:32:58.0', '2012-03-13 16:57:51.0');
INSERT INTO tasks (id, name, author_id, performer_id, details, importance, term, start_date, execution_date, execution_result, executed, created_at, updated_at) VALUES(89, 'Enim quia distinctio recusandae sunt sapiente expedita dolor.', 67, 62, 'In et accusantium reprehenderit alias exercitationem sint consequatur voluptates. Voluptatum ad omnis nulla. Quia nisi illum voluptas iusto.', 'normal_importance', '2020-01-25 10:01:00.0', '2017-08-13 03:32:34.0', '2019-08-25 00:39:45.0', 'Vitae labore veniam minus unde minus autem velit. Beatae ipsam enim minus. Laudantium molestiae quia qui doloremque. Et dolores aperiam voluptatem incidunt.', 1, '1999-01-22 00:29:32.0', '1997-02-10 05:47:15.0');
INSERT INTO tasks (id, name, author_id, performer_id, details, importance, term, start_date, execution_date, execution_result, executed, created_at, updated_at) VALUES(90, 'Aut repellat ducimus recusandae.', 62, 76, 'Eum assumenda qui provident dicta nihil. Dolorem et fugit ea consequatur debitis eius quas. Nam dignissimos maxime omnis debitis eum dolorem.', 'normal_importance', '2019-12-05 19:57:12.0', '2018-03-31 10:27:33.0', NULL, NULL, 0, '2002-01-13 08:04:48.0', '2020-07-19 17:35:17.0');
INSERT INTO tasks (id, name, author_id, performer_id, details, importance, term, start_date, execution_date, execution_result, executed, created_at, updated_at) VALUES(91, 'Quam natus similique est quidem et.', 59, 95, 'Voluptatem voluptas enim ut repellendus. Ab sed dolorem nam aliquid sint. Dolorum fugit autem veniam ratione harum. Totam voluptatem et eum autem deserunt voluptatem. Non est dolorem quis.', 'normal_importance', '2019-12-22 23:54:09.0', '2018-05-24 14:43:38.0', NULL, NULL, 0, '1980-11-03 21:54:47.0', '2020-07-19 17:35:17.0');
INSERT INTO tasks (id, name, author_id, performer_id, details, importance, term, start_date, execution_date, execution_result, executed, created_at, updated_at) VALUES(92, 'Nobis suscipit facere est iste.', 29, 21, 'Sed sapiente dolorem libero laudantium animi debitis facere dolor. Accusantium voluptatem provident ducimus et qui dolor. Officia et porro fugiat non.', 'high_importance', '2019-11-13 01:05:59.0', '2018-02-07 20:25:52.0', '2019-12-19 07:52:19.0', 'Quis quis quibusdam molestias et deserunt. Delectus optio maxime harum esse a. Eius mollitia expedita quia autem. Vitae officia iusto a deserunt.', 1, '1989-09-11 08:31:16.0', '1985-05-31 16:05:54.0');
INSERT INTO tasks (id, name, author_id, performer_id, details, importance, term, start_date, execution_date, execution_result, executed, created_at, updated_at) VALUES(93, 'Aut mollitia nobis voluptatum aperiam.', 85, 40, 'Autem qui aut eveniet sed neque. Ab voluptatem autem eum sit ex deserunt illo nostrum. Aperiam qui est sed voluptatem. Totam qui pariatur quos autem ea.', 'low_importance', '2019-08-24 20:21:55.0', '2018-04-03 04:02:33.0', NULL, NULL, 0, '1980-02-16 04:42:49.0', '2020-07-19 17:35:17.0');
INSERT INTO tasks (id, name, author_id, performer_id, details, importance, term, start_date, execution_date, execution_result, executed, created_at, updated_at) VALUES(94, 'Ratione laboriosam eligendi mollitia.', 26, 18, 'Est eos voluptatem velit commodi. Doloribus aspernatur modi in consequatur aut dolor necessitatibus enim. Sunt sit qui provident et ipsa dolor quod.', 'low_importance', '2020-04-22 10:23:31.0', '2017-12-20 16:25:53.0', '2019-08-17 07:09:23.0', 'Ut a nesciunt et eos voluptates nisi. Repellat suscipit impedit aut vel beatae.', 1, '1994-03-30 10:59:21.0', '1998-11-08 04:36:08.0');
INSERT INTO tasks (id, name, author_id, performer_id, details, importance, term, start_date, execution_date, execution_result, executed, created_at, updated_at) VALUES(95, 'Eos sit sunt optio.', 31, 2, 'Culpa et iste voluptatem dolorem iusto culpa. Fugiat quae omnis vero aut. Cum iste dolor explicabo officia odit sunt nemo.', 'normal_importance', '2020-01-22 06:33:35.0', '2017-12-15 09:14:37.0', NULL, NULL, 0, '1990-06-22 13:53:18.0', '2020-07-19 17:35:17.0');
INSERT INTO tasks (id, name, author_id, performer_id, details, importance, term, start_date, execution_date, execution_result, executed, created_at, updated_at) VALUES(96, 'Facilis animi enim quia.', 77, 58, 'Officiis id nihil alias recusandae. Suscipit aut eos aspernatur nemo sit facilis. Voluptates animi iste delectus officia tempora autem.', 'normal_importance', '2019-09-26 15:12:54.0', '2018-03-07 14:19:55.0', '2019-10-09 22:21:11.0', 'Tempora et sint quibusdam dolorem. Soluta voluptas architecto ut natus. Sit aspernatur asperiores quia voluptas mollitia aut et. Non earum corrupti quaerat repudiandae reiciendis.', 1, '2000-07-24 15:44:51.0', '1973-09-04 21:11:25.0');
INSERT INTO tasks (id, name, author_id, performer_id, details, importance, term, start_date, execution_date, execution_result, executed, created_at, updated_at) VALUES(97, 'Placeat nemo dolorum nulla minima vero sed.', 89, 46, 'Ullam deleniti aut ut doloremque natus. Hic quidem et atque iste ab consequatur consequatur. Qui sit quod hic vel. Et laboriosam in beatae est.', 'normal_importance', '2020-06-14 14:50:06.0', '2018-02-09 16:11:49.0', NULL, NULL, 0, '2012-09-14 11:38:39.0', '2020-07-19 17:35:17.0');
INSERT INTO tasks (id, name, author_id, performer_id, details, importance, term, start_date, execution_date, execution_result, executed, created_at, updated_at) VALUES(98, 'Nisi veniam tenetur consectetur.', 40, 32, 'Eius qui laboriosam eos veniam ratione ut. Ex itaque ut consequatur. Ratione assumenda cum blanditiis et inventore possimus aliquid. Sed nihil maxime dignissimos quidem.', 'normal_importance', '2019-09-07 02:19:28.0', '2018-04-28 12:55:18.0', NULL, NULL, 0, '2019-02-15 23:56:03.0', '2020-07-19 17:35:17.0');
INSERT INTO tasks (id, name, author_id, performer_id, details, importance, term, start_date, execution_date, execution_result, executed, created_at, updated_at) VALUES(99, 'Rerum dolor dolor dolor ut molestiae.', 99, 32, 'Sit enim alias culpa distinctio necessitatibus beatae. Aperiam a eveniet voluptates voluptatibus dignissimos aut. Est occaecati vero corrupti nisi. Eveniet ut ut est neque non necessitatibus.', 'low_importance', '2019-08-08 12:49:48.0', '2017-12-04 08:36:54.0', NULL, NULL, 0, '1993-09-29 08:56:28.0', '2020-07-19 17:35:17.0');
INSERT INTO tasks (id, name, author_id, performer_id, details, importance, term, start_date, execution_date, execution_result, executed, created_at, updated_at) VALUES(100, 'Rerum earum ut et aliquid sint.', 87, 26, 'Ut enim qui rerum distinctio est temporibus quaerat. Inventore cumque facilis alias. Ut quis assumenda qui voluptates. Magni rerum rem iste quia quia.', 'low_importance', '2019-12-30 02:38:00.0', '2018-06-24 13:27:37.0', NULL, NULL, 0, '1973-01-05 06:01:54.0', '2020-07-19 17:35:17.0');


#
# TABLE DATA FOR: users
#

truncate `users`;

INSERT INTO `users` (`id`, `firstname`, `lastname`, `created_at`, `updated_at`) VALUES ('1', 'Trystan', 'Aufderhar', '1985-09-09 14:24:10', '1996-12-13 08:41:01');
INSERT INTO `users` (`id`, `firstname`, `lastname`, `created_at`, `updated_at`) VALUES ('2', 'Brent', 'Sipes', '2012-02-02 19:11:13', '1972-01-07 15:55:35');
INSERT INTO `users` (`id`, `firstname`, `lastname`, `created_at`, `updated_at`) VALUES ('3', 'Giles', 'Mayert', '2002-12-25 05:04:08', '2006-08-07 06:52:57');
INSERT INTO `users` (`id`, `firstname`, `lastname`, `created_at`, `updated_at`) VALUES ('4', 'Madelynn', 'Wisoky', '1999-04-07 18:24:43', '1979-04-06 16:54:47');
INSERT INTO `users` (`id`, `firstname`, `lastname`, `created_at`, `updated_at`) VALUES ('5', 'Dudley', 'Hettinger', '1970-08-22 13:46:14', '2001-10-03 09:11:57');
INSERT INTO `users` (`id`, `firstname`, `lastname`, `created_at`, `updated_at`) VALUES ('6', 'Pete', 'Swift', '2012-11-27 19:12:34', '2019-11-20 06:06:00');
INSERT INTO `users` (`id`, `firstname`, `lastname`, `created_at`, `updated_at`) VALUES ('7', 'Hermann', 'Schowalter', '1978-12-19 09:11:26', '2017-11-01 00:08:29');
INSERT INTO `users` (`id`, `firstname`, `lastname`, `created_at`, `updated_at`) VALUES ('8', 'Otho', 'Pagac', '1989-01-12 00:22:55', '1981-11-03 11:15:57');
INSERT INTO `users` (`id`, `firstname`, `lastname`, `created_at`, `updated_at`) VALUES ('9', 'Kailyn', 'Ledner', '2007-07-18 21:30:47', '1978-04-30 18:31:47');
INSERT INTO `users` (`id`, `firstname`, `lastname`, `created_at`, `updated_at`) VALUES ('10', 'Yadira', 'Hackett', '1980-09-02 18:36:55', '1970-03-30 14:35:12');
INSERT INTO `users` (`id`, `firstname`, `lastname`, `created_at`, `updated_at`) VALUES ('11', 'Irwin', 'Satterfield', '2008-10-06 07:34:36', '2016-03-08 06:29:53');
INSERT INTO `users` (`id`, `firstname`, `lastname`, `created_at`, `updated_at`) VALUES ('12', 'Nick', 'Schoen', '1977-04-22 22:30:20', '1971-02-20 03:01:20');
INSERT INTO `users` (`id`, `firstname`, `lastname`, `created_at`, `updated_at`) VALUES ('13', 'Raphael', 'Simonis', '2003-09-28 09:04:51', '2020-01-22 19:05:04');
INSERT INTO `users` (`id`, `firstname`, `lastname`, `created_at`, `updated_at`) VALUES ('14', 'Arianna', 'Dicki', '2009-03-06 10:12:20', '1987-04-27 11:59:02');
INSERT INTO `users` (`id`, `firstname`, `lastname`, `created_at`, `updated_at`) VALUES ('15', 'Lois', 'Kutch', '1980-11-14 00:46:49', '1992-04-24 21:41:58');
INSERT INTO `users` (`id`, `firstname`, `lastname`, `created_at`, `updated_at`) VALUES ('16', 'Nico', 'Bednar', '2005-01-07 13:37:15', '1979-10-01 02:03:50');
INSERT INTO `users` (`id`, `firstname`, `lastname`, `created_at`, `updated_at`) VALUES ('17', 'Shaun', 'Dickens', '2017-03-24 23:32:59', '2010-10-02 23:03:07');
INSERT INTO `users` (`id`, `firstname`, `lastname`, `created_at`, `updated_at`) VALUES ('18', 'Dimitri', 'McLaughlin', '2006-05-01 08:09:56', '2020-02-02 15:32:21');
INSERT INTO `users` (`id`, `firstname`, `lastname`, `created_at`, `updated_at`) VALUES ('19', 'Dandre', 'Grant', '2012-06-01 19:49:50', '1988-08-04 22:33:40');
INSERT INTO `users` (`id`, `firstname`, `lastname`, `created_at`, `updated_at`) VALUES ('20', 'Zane', 'Metz', '1988-01-13 03:54:12', '1971-10-12 11:36:20');
INSERT INTO `users` (`id`, `firstname`, `lastname`, `created_at`, `updated_at`) VALUES ('21', 'Devon', 'Vandervort', '1997-03-08 23:23:54', '2018-08-31 09:13:35');
INSERT INTO `users` (`id`, `firstname`, `lastname`, `created_at`, `updated_at`) VALUES ('22', 'Buddy', 'Leffler', '1983-09-13 14:55:49', '2015-05-08 21:28:57');
INSERT INTO `users` (`id`, `firstname`, `lastname`, `created_at`, `updated_at`) VALUES ('23', 'Sienna', 'Sporer', '2016-09-29 16:50:08', '1999-02-24 16:50:32');
INSERT INTO `users` (`id`, `firstname`, `lastname`, `created_at`, `updated_at`) VALUES ('24', 'Bernita', 'McCullough', '2015-06-23 18:39:26', '1981-04-14 08:10:05');
INSERT INTO `users` (`id`, `firstname`, `lastname`, `created_at`, `updated_at`) VALUES ('25', 'Erick', 'Schmitt', '2009-12-06 13:00:57', '1975-12-11 12:01:47');
INSERT INTO `users` (`id`, `firstname`, `lastname`, `created_at`, `updated_at`) VALUES ('26', 'Gordon', 'Cummerata', '1974-06-10 19:38:33', '1980-04-08 21:24:54');
INSERT INTO `users` (`id`, `firstname`, `lastname`, `created_at`, `updated_at`) VALUES ('27', 'Jonathon', 'Heaney', '2015-03-27 02:11:03', '1971-10-27 00:15:33');
INSERT INTO `users` (`id`, `firstname`, `lastname`, `created_at`, `updated_at`) VALUES ('28', 'Juliet', 'Moore', '1989-01-18 21:01:32', '1985-10-15 02:18:33');
INSERT INTO `users` (`id`, `firstname`, `lastname`, `created_at`, `updated_at`) VALUES ('29', 'Henry', 'Jaskolski', '2001-06-30 00:05:30', '1986-10-25 00:04:10');
INSERT INTO `users` (`id`, `firstname`, `lastname`, `created_at`, `updated_at`) VALUES ('30', 'Danny', 'Crist', '2011-10-29 10:32:21', '1977-07-09 21:58:49');
INSERT INTO `users` (`id`, `firstname`, `lastname`, `created_at`, `updated_at`) VALUES ('31', 'Junius', 'Mills', '2017-07-10 02:26:44', '1972-06-15 22:24:48');
INSERT INTO `users` (`id`, `firstname`, `lastname`, `created_at`, `updated_at`) VALUES ('32', 'Bertrand', 'Price', '2009-09-23 09:00:38', '2008-04-16 04:25:56');
INSERT INTO `users` (`id`, `firstname`, `lastname`, `created_at`, `updated_at`) VALUES ('33', 'Karley', 'Durgan', '2012-03-22 11:14:10', '2018-01-11 18:14:40');
INSERT INTO `users` (`id`, `firstname`, `lastname`, `created_at`, `updated_at`) VALUES ('34', 'Ebba', 'DuBuque', '1976-11-23 11:41:39', '2001-12-02 21:53:26');
INSERT INTO `users` (`id`, `firstname`, `lastname`, `created_at`, `updated_at`) VALUES ('35', 'Vivianne', 'Frami', '1995-06-13 16:30:26', '1977-03-28 14:02:43');
INSERT INTO `users` (`id`, `firstname`, `lastname`, `created_at`, `updated_at`) VALUES ('36', 'Vincent', 'Senger', '1985-02-05 09:25:08', '2007-09-15 09:31:31');
INSERT INTO `users` (`id`, `firstname`, `lastname`, `created_at`, `updated_at`) VALUES ('37', 'Joana', 'Donnelly', '2018-05-01 21:28:20', '1983-01-17 14:46:43');
INSERT INTO `users` (`id`, `firstname`, `lastname`, `created_at`, `updated_at`) VALUES ('38', 'Donald', 'Nikolaus', '2012-09-07 17:04:31', '2002-06-26 10:27:01');
INSERT INTO `users` (`id`, `firstname`, `lastname`, `created_at`, `updated_at`) VALUES ('39', 'Allan', 'Weber', '2001-05-13 14:45:45', '2007-12-11 15:54:41');
INSERT INTO `users` (`id`, `firstname`, `lastname`, `created_at`, `updated_at`) VALUES ('40', 'Lew', 'Block', '2009-03-31 01:57:41', '1995-03-17 03:58:38');
INSERT INTO `users` (`id`, `firstname`, `lastname`, `created_at`, `updated_at`) VALUES ('41', 'Rodrigo', 'Greenfelder', '1982-08-29 05:23:19', '2001-12-09 10:54:08');
INSERT INTO `users` (`id`, `firstname`, `lastname`, `created_at`, `updated_at`) VALUES ('42', 'Terrance', 'Hand', '1972-06-05 21:05:03', '1978-04-14 10:25:32');
INSERT INTO `users` (`id`, `firstname`, `lastname`, `created_at`, `updated_at`) VALUES ('43', 'Werner', 'Casper', '1984-10-04 20:36:30', '1990-06-03 13:53:00');
INSERT INTO `users` (`id`, `firstname`, `lastname`, `created_at`, `updated_at`) VALUES ('44', 'Cleora', 'Dare', '2007-12-13 09:43:42', '2017-01-14 14:05:12');
INSERT INTO `users` (`id`, `firstname`, `lastname`, `created_at`, `updated_at`) VALUES ('45', 'Jacques', 'Krajcik', '1987-03-16 00:30:37', '1975-11-16 11:03:51');
INSERT INTO `users` (`id`, `firstname`, `lastname`, `created_at`, `updated_at`) VALUES ('46', 'Tyshawn', 'Zemlak', '2010-08-27 17:23:32', '2009-09-19 09:56:25');
INSERT INTO `users` (`id`, `firstname`, `lastname`, `created_at`, `updated_at`) VALUES ('47', 'Emmitt', 'Koelpin', '1979-08-21 19:48:11', '2013-02-07 04:33:11');
INSERT INTO `users` (`id`, `firstname`, `lastname`, `created_at`, `updated_at`) VALUES ('48', 'Carolyn', 'Friesen', '1985-11-15 23:43:36', '1998-08-26 21:25:51');
INSERT INTO `users` (`id`, `firstname`, `lastname`, `created_at`, `updated_at`) VALUES ('49', 'Leann', 'Heathcote', '2011-04-08 16:11:33', '1973-11-24 11:45:00');
INSERT INTO `users` (`id`, `firstname`, `lastname`, `created_at`, `updated_at`) VALUES ('50', 'Oma', 'Greenholt', '1981-09-27 04:41:21', '2007-12-23 06:09:50');
INSERT INTO `users` (`id`, `firstname`, `lastname`, `created_at`, `updated_at`) VALUES ('51', 'Kiara', 'Crona', '2000-11-09 07:24:21', '2011-07-03 10:51:34');
INSERT INTO `users` (`id`, `firstname`, `lastname`, `created_at`, `updated_at`) VALUES ('52', 'Hal', 'Roob', '1992-03-29 19:21:41', '2008-08-09 16:36:00');
INSERT INTO `users` (`id`, `firstname`, `lastname`, `created_at`, `updated_at`) VALUES ('53', 'Erik', 'Kling', '1988-10-23 09:25:12', '2002-09-13 03:37:15');
INSERT INTO `users` (`id`, `firstname`, `lastname`, `created_at`, `updated_at`) VALUES ('54', 'Otha', 'Moen', '1978-04-07 07:18:59', '1975-07-05 22:19:03');
INSERT INTO `users` (`id`, `firstname`, `lastname`, `created_at`, `updated_at`) VALUES ('55', 'Benedict', 'Wunsch', '2009-04-22 12:01:17', '1976-09-06 18:47:46');
INSERT INTO `users` (`id`, `firstname`, `lastname`, `created_at`, `updated_at`) VALUES ('56', 'Chad', 'Connelly', '1978-01-11 19:48:31', '1987-06-19 07:22:24');
INSERT INTO `users` (`id`, `firstname`, `lastname`, `created_at`, `updated_at`) VALUES ('57', 'Kyra', 'Pacocha', '2005-07-19 20:16:52', '2008-07-11 02:14:23');
INSERT INTO `users` (`id`, `firstname`, `lastname`, `created_at`, `updated_at`) VALUES ('58', 'Herta', 'Marquardt', '1973-07-25 13:27:34', '2005-12-13 22:07:55');
INSERT INTO `users` (`id`, `firstname`, `lastname`, `created_at`, `updated_at`) VALUES ('59', 'Zita', 'Orn', '1972-05-18 17:40:00', '1990-04-03 09:59:58');
INSERT INTO `users` (`id`, `firstname`, `lastname`, `created_at`, `updated_at`) VALUES ('60', 'Eugenia', 'Schulist', '1983-11-22 15:06:22', '2005-03-03 15:44:01');
INSERT INTO `users` (`id`, `firstname`, `lastname`, `created_at`, `updated_at`) VALUES ('61', 'Noelia', 'Kihn', '2004-03-11 01:05:36', '1981-08-05 08:58:23');
INSERT INTO `users` (`id`, `firstname`, `lastname`, `created_at`, `updated_at`) VALUES ('62', 'Ara', 'Glover', '2013-02-09 20:03:08', '2001-07-26 15:44:38');
INSERT INTO `users` (`id`, `firstname`, `lastname`, `created_at`, `updated_at`) VALUES ('63', 'May', 'Koch', '1988-11-29 10:42:43', '2004-07-21 06:02:23');
INSERT INTO `users` (`id`, `firstname`, `lastname`, `created_at`, `updated_at`) VALUES ('64', 'Maryam', 'Runolfsson', '1983-03-15 13:47:25', '2007-05-16 14:40:02');
INSERT INTO `users` (`id`, `firstname`, `lastname`, `created_at`, `updated_at`) VALUES ('65', 'Dayton', 'Parisian', '1999-08-31 22:08:56', '1977-07-18 12:09:47');
INSERT INTO `users` (`id`, `firstname`, `lastname`, `created_at`, `updated_at`) VALUES ('66', 'Rory', 'Steuber', '2004-04-03 13:58:01', '1990-01-25 15:16:25');
INSERT INTO `users` (`id`, `firstname`, `lastname`, `created_at`, `updated_at`) VALUES ('67', 'Katlynn', 'Breitenberg', '1997-10-18 01:46:58', '2005-01-16 18:44:29');
INSERT INTO `users` (`id`, `firstname`, `lastname`, `created_at`, `updated_at`) VALUES ('68', 'Syble', 'Labadie', '2000-03-16 21:00:45', '1981-11-01 03:54:50');
INSERT INTO `users` (`id`, `firstname`, `lastname`, `created_at`, `updated_at`) VALUES ('69', 'Kyleigh', 'Walter', '2014-06-20 19:21:11', '2018-07-05 01:40:25');
INSERT INTO `users` (`id`, `firstname`, `lastname`, `created_at`, `updated_at`) VALUES ('70', 'Titus', 'Reynolds', '1977-11-04 08:18:04', '1977-10-29 08:45:14');
INSERT INTO `users` (`id`, `firstname`, `lastname`, `created_at`, `updated_at`) VALUES ('71', 'Russel', 'Abshire', '2005-01-10 07:37:02', '1979-03-26 18:03:08');
INSERT INTO `users` (`id`, `firstname`, `lastname`, `created_at`, `updated_at`) VALUES ('72', 'Kyla', 'Gaylord', '1984-11-12 10:10:03', '2005-04-21 22:12:29');
INSERT INTO `users` (`id`, `firstname`, `lastname`, `created_at`, `updated_at`) VALUES ('73', 'Jazmyn', 'Russel', '1985-02-22 14:24:32', '2005-10-07 08:58:32');
INSERT INTO `users` (`id`, `firstname`, `lastname`, `created_at`, `updated_at`) VALUES ('74', 'Larue', 'Langosh', '1997-03-31 10:09:53', '1974-09-18 16:54:20');
INSERT INTO `users` (`id`, `firstname`, `lastname`, `created_at`, `updated_at`) VALUES ('75', 'Giuseppe', 'Bailey', '2005-11-28 06:47:44', '1970-10-04 16:23:47');
INSERT INTO `users` (`id`, `firstname`, `lastname`, `created_at`, `updated_at`) VALUES ('76', 'Chaya', 'Stokes', '2016-03-14 22:44:31', '2010-08-05 12:10:08');
INSERT INTO `users` (`id`, `firstname`, `lastname`, `created_at`, `updated_at`) VALUES ('77', 'Loraine', 'Hickle', '1985-05-04 17:03:18', '2011-02-15 22:55:48');
INSERT INTO `users` (`id`, `firstname`, `lastname`, `created_at`, `updated_at`) VALUES ('78', 'Daisy', 'Collier', '1993-02-16 07:26:48', '1972-12-01 01:20:06');
INSERT INTO `users` (`id`, `firstname`, `lastname`, `created_at`, `updated_at`) VALUES ('79', 'Marcel', 'Schinner', '2016-11-09 04:03:10', '2006-06-05 18:24:45');
INSERT INTO `users` (`id`, `firstname`, `lastname`, `created_at`, `updated_at`) VALUES ('80', 'Retha', 'Rosenbaum', '1987-02-21 15:45:47', '1971-04-02 09:21:16');
INSERT INTO `users` (`id`, `firstname`, `lastname`, `created_at`, `updated_at`) VALUES ('81', 'Ceasar', 'Gusikowski', '1990-08-19 15:11:47', '2005-07-09 09:03:01');
INSERT INTO `users` (`id`, `firstname`, `lastname`, `created_at`, `updated_at`) VALUES ('82', 'Euna', 'Schimmel', '1995-02-14 22:17:04', '2000-03-28 17:26:14');
INSERT INTO `users` (`id`, `firstname`, `lastname`, `created_at`, `updated_at`) VALUES ('83', 'Zion', 'Hayes', '2006-01-17 09:14:41', '1978-04-09 15:55:13');
INSERT INTO `users` (`id`, `firstname`, `lastname`, `created_at`, `updated_at`) VALUES ('84', 'Leonie', 'Walsh', '2006-04-02 00:35:46', '2002-09-26 13:55:06');
INSERT INTO `users` (`id`, `firstname`, `lastname`, `created_at`, `updated_at`) VALUES ('85', 'Ima', 'Adams', '2007-03-17 15:42:48', '1972-06-19 17:17:00');
INSERT INTO `users` (`id`, `firstname`, `lastname`, `created_at`, `updated_at`) VALUES ('86', 'Rodger', 'Konopelski', '2014-08-04 10:23:22', '2013-12-03 18:06:52');
INSERT INTO `users` (`id`, `firstname`, `lastname`, `created_at`, `updated_at`) VALUES ('87', 'Muriel', 'Kiehn', '1974-08-04 07:46:41', '1992-01-04 08:03:38');
INSERT INTO `users` (`id`, `firstname`, `lastname`, `created_at`, `updated_at`) VALUES ('88', 'Telly', 'Hintz', '2007-11-20 14:17:40', '1980-04-13 06:52:04');
INSERT INTO `users` (`id`, `firstname`, `lastname`, `created_at`, `updated_at`) VALUES ('89', 'Beverly', 'Rolfson', '1991-06-27 22:23:58', '1983-06-10 09:25:16');
INSERT INTO `users` (`id`, `firstname`, `lastname`, `created_at`, `updated_at`) VALUES ('90', 'Asia', 'White', '2015-11-23 06:56:17', '1999-06-27 04:28:41');
INSERT INTO `users` (`id`, `firstname`, `lastname`, `created_at`, `updated_at`) VALUES ('91', 'Aimee', 'Renner', '2019-11-25 23:58:14', '1994-01-06 20:34:51');
INSERT INTO `users` (`id`, `firstname`, `lastname`, `created_at`, `updated_at`) VALUES ('92', 'Austin', 'Lebsack', '1996-02-20 00:52:33', '1991-01-25 14:11:38');
INSERT INTO `users` (`id`, `firstname`, `lastname`, `created_at`, `updated_at`) VALUES ('93', 'Braxton', 'Feil', '2016-12-07 07:32:21', '1984-11-25 09:38:32');
INSERT INTO `users` (`id`, `firstname`, `lastname`, `created_at`, `updated_at`) VALUES ('94', 'Vidal', 'Grimes', '1983-06-14 20:01:22', '2005-01-31 14:17:24');
INSERT INTO `users` (`id`, `firstname`, `lastname`, `created_at`, `updated_at`) VALUES ('95', 'Royal', 'Witting', '1978-08-22 19:58:17', '1997-05-10 06:40:36');
INSERT INTO `users` (`id`, `firstname`, `lastname`, `created_at`, `updated_at`) VALUES ('96', 'Emiliano', 'Lowe', '1983-07-28 12:46:29', '1991-04-03 23:39:48');
INSERT INTO `users` (`id`, `firstname`, `lastname`, `created_at`, `updated_at`) VALUES ('97', 'Vivian', 'McClure', '2015-11-04 13:33:22', '2018-08-24 12:45:47');
INSERT INTO `users` (`id`, `firstname`, `lastname`, `created_at`, `updated_at`) VALUES ('98', 'Samir', 'Effertz', '2016-04-28 19:49:06', '2014-12-08 05:08:48');
INSERT INTO `users` (`id`, `firstname`, `lastname`, `created_at`, `updated_at`) VALUES ('99', 'Marley', 'Legros', '2019-07-19 23:01:16', '2003-07-11 19:49:48');
INSERT INTO `users` (`id`, `firstname`, `lastname`, `created_at`, `updated_at`) VALUES ('100', 'Danika', 'Luettgen', '1976-04-08 09:30:11', '2012-09-25 05:49:23');

-- Включаем проверку на внешние ключи
SET foreign_key_checks = 1;
