-- MySQL dump 10.13  Distrib 8.0.20, for Win64 (x86_64)
--
-- Host: localhost    Database: vk
-- ------------------------------------------------------
-- Server version	8.0.20

/*!40101 SET @OLD_CHARACTER_SET_CLIENT=@@CHARACTER_SET_CLIENT */;
/*!40101 SET @OLD_CHARACTER_SET_RESULTS=@@CHARACTER_SET_RESULTS */;
/*!40101 SET @OLD_COLLATION_CONNECTION=@@COLLATION_CONNECTION */;
/*!50503 SET NAMES utf8mb4 */;
/*!40103 SET @OLD_TIME_ZONE=@@TIME_ZONE */;
/*!40103 SET TIME_ZONE='+00:00' */;
/*!40014 SET @OLD_UNIQUE_CHECKS=@@UNIQUE_CHECKS, UNIQUE_CHECKS=0 */;
/*!40014 SET @OLD_FOREIGN_KEY_CHECKS=@@FOREIGN_KEY_CHECKS, FOREIGN_KEY_CHECKS=0 */;
/*!40101 SET @OLD_SQL_MODE=@@SQL_MODE, SQL_MODE='NO_AUTO_VALUE_ON_ZERO' */;
/*!40111 SET @OLD_SQL_NOTES=@@SQL_NOTES, SQL_NOTES=0 */;

--
-- Table structure for table `communities`
--

DROP TABLE IF EXISTS `communities`;
/*!40101 SET @saved_cs_client     = @@character_set_client */;
/*!50503 SET character_set_client = utf8mb4 */;
CREATE TABLE `communities` (
  `id` bigint unsigned NOT NULL AUTO_INCREMENT,
  `name` varchar(150) CHARACTER SET utf8 COLLATE utf8_unicode_ci DEFAULT NULL,
  PRIMARY KEY (`id`),
  KEY `communities_name_index` (`name`)
) ENGINE=InnoDB AUTO_INCREMENT=101 DEFAULT CHARSET=utf8 COLLATE=utf8_unicode_ci;
/*!40101 SET character_set_client = @saved_cs_client */;

--
-- Dumping data for table `communities`
--

LOCK TABLES `communities` WRITE;
/*!40000 ALTER TABLE `communities` DISABLE KEYS */;
INSERT INTO `communities` VALUES (88,'A quaerat libero non et.'),(52,'Ad non molestiae nulla earum voluptas et.'),(80,'Alias voluptas quos laboriosam velit ut.'),(58,'Aliquid repudiandae id tempore ab suscipit.'),(46,'Animi qui inventore est fugiat expedita vel.'),(6,'Architecto voluptas laboriosam sint labore commodi labore.'),(94,'Aspernatur illum fugit sunt sit occaecati.'),(92,'Assumenda debitis beatae debitis quo aliquid facere et reiciendis.'),(35,'At et aut hic et saepe eveniet.'),(64,'Atque et provident est magnam ea.'),(11,'Aut sequi sed saepe voluptas.'),(89,'Aut voluptatem assumenda ullam fugit.'),(51,'Beatae sit cumque sit quasi.'),(40,'Blanditiis ad consequatur excepturi qui in.'),(81,'Blanditiis nulla in eius ut quaerat nihil reiciendis.'),(60,'Blanditiis velit qui quia similique tenetur eos.'),(45,'Culpa cumque dolorum quo.'),(87,'Cupiditate a id magnam ab aliquid aperiam itaque.'),(73,'Dignissimos consequatur modi corrupti molestiae adipisci et porro.'),(14,'Dolore qui fugiat rem vel error animi dolores vero.'),(86,'Dolorem culpa tempora quidem aut beatae esse autem vero.'),(27,'Dolorem iste laudantium est et.'),(31,'Dolores adipisci sapiente eos fuga dolores quos.'),(100,'Dolores voluptatem accusantium quam reprehenderit.'),(4,'Doloribus dolorum eos rem maiores voluptas et alias qui.'),(12,'Ea dicta qui eos deleniti.'),(28,'Eius ratione libero inventore magni iure quo provident.'),(96,'Est blanditiis voluptates voluptas dignissimos quod et.'),(1,'Est consequuntur natus itaque at vel.'),(41,'Est voluptas et vel ab commodi.'),(16,'Et blanditiis possimus veniam pariatur non.'),(70,'Et et voluptatem voluptatem accusantium ut.'),(83,'Et iste animi impedit exercitationem quidem consequatur omnis sint.'),(53,'Eum cupiditate sed aliquam aut voluptatem corrupti.'),(98,'Eum omnis quasi libero voluptate vitae in vero.'),(59,'Eveniet amet placeat perspiciatis repellendus illo eaque.'),(55,'Facilis veniam vero est molestiae.'),(63,'Fugiat nisi veniam quas aliquam numquam.'),(65,'Fugiat reprehenderit quam in odio occaecati.'),(47,'Fugiat voluptates delectus harum ipsum hic voluptatem.'),(22,'Harum quia corrupti ab.'),(21,'Hic minima id natus accusamus.'),(13,'Id aut dolore cupiditate perspiciatis architecto.'),(8,'Id saepe porro facilis alias.'),(54,'Illo cum assumenda aut odit cum dolor.'),(95,'Illum quam sit quaerat in eaque et quod aut.'),(19,'In vel provident sed dolores maxime quia.'),(56,'Ipsam pariatur dicta nisi officia.'),(77,'Iste ducimus illum dolores vero minima.'),(84,'Iure et rem velit ut consectetur in nostrum.'),(78,'Iure quisquam sit optio vero vitae.'),(5,'Laboriosam et officia ea est.'),(76,'Laborum dolor dolor qui deserunt.'),(17,'Laborum porro ut et atque quis.'),(44,'Magni eveniet veniam odio deleniti.'),(85,'Minima facilis accusamus iure id.'),(23,'Minus blanditiis quos deserunt sed facere.'),(74,'Modi consequatur voluptatem sunt et qui quod voluptatem.'),(30,'Modi ipsam qui incidunt ab asperiores ipsa dolor.'),(91,'Molestiae non dolores blanditiis distinctio.'),(99,'Molestiae voluptatem et consectetur beatae harum pariatur.'),(39,'Molestias ullam neque dolorem quia architecto.'),(38,'Nam porro dolore earum dolorem.'),(67,'Natus a a qui quaerat dolore dolorem sint.'),(34,'Non nemo vel in sit est qui quibusdam provident.'),(9,'Omnis id totam voluptatem voluptatem quasi.'),(49,'Omnis id ut aperiam.'),(25,'Omnis omnis ratione debitis voluptatem molestiae aut.'),(43,'Optio odio quidem asperiores nihil.'),(42,'Perferendis et nobis cumque a nobis laudantium qui.'),(3,'Perspiciatis at ut in itaque iusto vero adipisci voluptatem.'),(50,'Possimus perferendis dicta iure a quia aperiam aut.'),(66,'Possimus quia sequi quia qui similique autem.'),(93,'Quae sit quaerat nam eveniet et qui mollitia.'),(57,'Quam sit at ipsum expedita.'),(62,'Qui nobis quibusdam id maxime praesentium.'),(68,'Quia autem doloribus laboriosam officiis consequatur.'),(61,'Quis optio beatae debitis modi ipsa.'),(71,'Quo ab harum dicta perspiciatis magni fugiat vero.'),(7,'Quod qui sunt doloribus sunt maxime ut accusantium.'),(48,'Quos consectetur veritatis illum quo.'),(75,'Recusandae voluptatem molestias quia aut qui pariatur.'),(79,'Reiciendis porro magnam odio voluptates vel.'),(10,'Rem recusandae minima recusandae repellat.'),(82,'Repellat ipsa esse laboriosam nemo voluptas veniam enim.'),(20,'Rerum consequatur autem qui hic inventore.'),(72,'Saepe consectetur doloremque esse ut ad.'),(36,'Sed rerum atque et dolores sit illo expedita non.'),(97,'Sequi corrupti debitis neque quae quam.'),(29,'Sint doloremque cum est laborum saepe aspernatur.'),(90,'Sint est dolor aut rerum rerum.'),(2,'Sint sint dicta et rerum ex dolor voluptatem.'),(24,'Sit recusandae ex beatae reprehenderit nesciunt earum voluptates.'),(26,'Soluta accusamus consequuntur dolorum dolore.'),(32,'Soluta magni vel maiores sit facere nostrum praesentium.'),(18,'Tempore sed perspiciatis excepturi ducimus quia architecto deserunt.'),(33,'Ut qui magni laboriosam commodi distinctio.'),(69,'Voluptas error quia voluptatum quo mollitia alias omnis.'),(15,'Voluptatem at et expedita laboriosam voluptatibus at.'),(37,'Voluptatem nihil aperiam illo.');
/*!40000 ALTER TABLE `communities` ENABLE KEYS */;
UNLOCK TABLES;

--
-- Table structure for table `friend_requests`
--

DROP TABLE IF EXISTS `friend_requests`;
/*!40101 SET @saved_cs_client     = @@character_set_client */;
/*!50503 SET character_set_client = utf8mb4 */;
CREATE TABLE `friend_requests` (
  `initiation_user_id` bigint unsigned NOT NULL,
  `target_user_id` bigint unsigned NOT NULL,
  `status` enum('requested','approved','decline','unfriended') CHARACTER SET utf8 COLLATE utf8_unicode_ci DEFAULT 'requested',
  `requested_at` datetime DEFAULT CURRENT_TIMESTAMP,
  `confirmed_at` datetime DEFAULT CURRENT_TIMESTAMP,
  PRIMARY KEY (`initiation_user_id`,`target_user_id`),
  KEY `initiation_user_id_index` (`initiation_user_id`),
  KEY `target_user_id_id_index` (`target_user_id`),
  CONSTRAINT `friend_requests_ibfk_1` FOREIGN KEY (`initiation_user_id`) REFERENCES `users` (`id`),
  CONSTRAINT `friend_requests_ibfk_2` FOREIGN KEY (`target_user_id`) REFERENCES `users` (`id`)
) ENGINE=InnoDB DEFAULT CHARSET=utf8 COLLATE=utf8_unicode_ci;
/*!40101 SET character_set_client = @saved_cs_client */;

--
-- Dumping data for table `friend_requests`
--

LOCK TABLES `friend_requests` WRITE;
/*!40000 ALTER TABLE `friend_requests` DISABLE KEYS */;
INSERT INTO `friend_requests` VALUES (1,8,'approved','2005-02-21 01:58:29','1995-01-10 19:03:49'),(2,86,'unfriended','1979-08-04 15:36:39','1971-01-06 16:55:08'),(5,14,'decline','2005-06-02 23:21:21','1998-06-27 03:58:05'),(5,52,'approved','1993-02-10 08:30:02','2010-10-11 06:58:46'),(6,7,'approved','2011-11-23 12:02:35','2018-04-25 00:31:55'),(6,89,'unfriended','1985-07-29 04:38:36','1973-09-22 03:09:52'),(8,3,'requested','1997-08-22 15:23:38','1985-08-21 18:35:43'),(8,56,'unfriended','1986-04-02 23:17:15','2014-08-12 17:55:01'),(13,100,'unfriended','1985-06-21 00:58:10','2009-07-29 00:57:21'),(14,51,'requested','1971-08-18 09:50:23','2015-10-02 16:36:31'),(15,99,'requested','1970-01-26 00:49:57','2011-12-12 04:12:51'),(16,16,'requested','2014-07-09 00:01:46','2015-01-23 17:02:14'),(17,45,'unfriended','2004-10-25 18:42:56','2001-03-12 22:04:54'),(18,32,'requested','1989-10-15 18:36:05','2015-03-13 13:24:49'),(19,2,'unfriended','1995-06-18 00:08:20','2003-05-06 19:20:40'),(19,38,'unfriended','1992-07-04 09:30:33','2010-02-06 01:07:27'),(19,97,'approved','2004-09-17 03:32:45','1991-03-19 01:37:50'),(21,69,'decline','2019-04-02 19:51:33','1996-09-09 21:37:07'),(22,31,'requested','1980-11-13 11:56:15','1970-11-08 08:28:01'),(23,30,'requested','1988-01-18 16:05:08','1984-03-14 11:40:18'),(24,47,'requested','1982-11-30 16:53:52','1972-04-19 19:31:21'),(25,55,'requested','2015-10-01 06:15:12','1979-02-01 10:00:58'),(27,94,'requested','1999-12-28 11:24:32','2003-12-09 08:47:18'),(27,97,'unfriended','2002-06-13 18:57:20','2018-11-02 06:38:06'),(28,60,'decline','2013-05-12 18:52:06','1978-03-09 23:06:38'),(29,26,'decline','1976-04-16 15:43:32','2012-01-02 23:15:19'),(29,29,'unfriended','1982-11-09 06:52:02','1999-03-06 19:03:00'),(32,89,'decline','1973-09-30 11:19:52','2018-05-20 05:23:15'),(32,90,'decline','1974-05-11 04:17:34','1977-07-18 03:07:21'),(33,8,'approved','2014-01-04 08:32:08','1972-11-07 19:27:05'),(34,86,'unfriended','1984-11-05 00:36:35','2010-03-02 19:08:12'),(35,48,'decline','1999-11-07 00:11:53','1970-02-22 02:13:55'),(35,97,'decline','2008-05-12 02:11:57','1989-09-15 02:57:20'),(36,51,'approved','1986-10-11 20:59:13','2015-12-02 18:10:03'),(36,87,'requested','2006-02-09 06:13:27','2014-08-06 09:59:36'),(37,51,'decline','2006-07-17 09:36:51','1997-06-28 02:27:56'),(37,83,'unfriended','2002-05-21 08:33:16','2003-10-03 22:39:41'),(38,97,'approved','2002-03-15 16:49:07','1995-11-08 19:47:45'),(44,74,'requested','1981-02-16 16:55:20','1976-01-14 17:44:07'),(46,16,'decline','1990-10-05 04:12:52','1993-05-11 04:42:15'),(46,27,'decline','2006-08-07 18:36:36','2007-12-24 22:27:10'),(46,84,'requested','1987-04-21 21:34:56','1991-09-22 20:59:47'),(49,58,'unfriended','1989-03-24 13:41:36','1999-10-11 05:04:56'),(50,82,'approved','1988-03-29 17:06:35','2011-02-23 14:25:04'),(51,72,'requested','1970-10-21 15:44:46','1992-10-05 02:05:06'),(52,24,'approved','2000-08-02 23:36:58','1990-03-27 06:56:32'),(52,100,'approved','1990-03-04 10:33:25','1996-10-15 16:26:34'),(53,63,'decline','2007-09-17 18:43:22','1996-02-06 10:41:26'),(54,29,'decline','2016-09-09 16:00:47','2016-07-27 22:00:44'),(55,45,'unfriended','2008-03-19 04:24:56','2019-12-28 03:48:18'),(56,26,'unfriended','2011-03-17 20:43:35','2018-01-12 08:04:00'),(59,74,'requested','2002-10-30 11:37:45','1988-02-24 03:56:28'),(63,6,'approved','2015-11-20 02:40:16','2015-12-13 02:58:21'),(63,67,'requested','2002-08-17 08:04:50','2004-09-16 17:00:43'),(63,71,'approved','2002-10-10 01:17:16','2007-06-18 07:40:01'),(64,97,'approved','2004-04-17 22:47:15','2012-12-20 22:39:10'),(65,7,'unfriended','2015-05-18 06:09:55','1991-05-29 03:48:13'),(67,70,'requested','1986-03-23 10:30:02','1986-02-25 08:05:42'),(67,95,'unfriended','1982-07-28 19:24:53','1984-09-02 16:06:08'),(68,8,'unfriended','1986-10-06 09:20:18','1971-03-23 08:58:29'),(69,46,'unfriended','1999-10-27 18:48:53','1982-04-01 10:00:54'),(71,1,'approved','2001-04-13 07:30:45','1970-01-03 12:00:34'),(71,20,'requested','2017-04-18 15:52:31','1994-05-02 07:24:37'),(71,29,'approved','2018-11-10 01:50:55','1999-12-19 21:13:30'),(71,62,'requested','2018-04-22 18:35:29','1983-09-11 05:25:10'),(73,37,'decline','2011-05-24 16:13:48','1987-09-26 00:11:43'),(73,78,'requested','1997-10-14 02:06:03','2016-06-02 10:02:28'),(74,27,'unfriended','1989-07-10 23:50:43','1980-01-16 06:00:49'),(74,54,'approved','1998-01-31 13:01:44','1994-12-22 03:41:18'),(74,87,'unfriended','1999-05-30 02:08:59','2019-08-14 22:53:57'),(76,35,'requested','1978-05-25 21:23:03','1974-08-09 08:51:27'),(79,1,'unfriended','2011-01-04 16:44:35','1977-11-25 20:47:46'),(79,28,'approved','1979-11-03 18:11:08','2017-01-29 14:28:54'),(79,57,'approved','1994-06-24 04:09:40','1987-11-09 00:03:20'),(79,75,'decline','1972-05-21 15:37:47','2019-04-07 01:36:59'),(80,16,'approved','1975-02-11 06:38:45','2004-05-12 07:56:16'),(80,71,'decline','1989-02-17 14:50:39','2019-04-08 21:51:56'),(81,72,'requested','1995-08-02 15:38:09','1993-08-12 01:27:16'),(82,42,'requested','2009-04-10 19:52:52','2004-10-12 19:24:00'),(82,45,'approved','1973-01-08 23:26:27','1997-04-24 20:08:30'),(83,87,'unfriended','1978-03-04 01:06:38','1973-08-13 06:02:15'),(84,78,'unfriended','1978-04-08 13:27:51','2013-08-16 04:33:26'),(84,91,'decline','2005-11-18 04:19:56','2011-08-30 04:49:24'),(86,3,'requested','1979-11-11 16:19:17','2015-09-29 04:08:11'),(87,11,'decline','2006-09-17 12:50:36','2014-05-09 16:25:05'),(87,56,'decline','1981-06-11 12:25:22','2004-09-01 08:17:33'),(88,45,'requested','1986-11-19 07:58:30','2008-11-08 05:41:08'),(89,7,'unfriended','2012-02-20 10:46:59','1971-09-03 00:32:04'),(89,87,'decline','1989-12-22 19:44:58','1977-08-12 03:13:07'),(91,61,'requested','1976-03-05 10:13:51','2011-03-16 10:03:10'),(92,14,'requested','1994-01-27 15:55:36','2001-03-05 10:51:36'),(92,89,'decline','1980-09-18 22:03:39','2010-11-09 05:57:18'),(92,97,'requested','1989-11-18 06:29:52','1995-11-25 02:45:30'),(93,8,'unfriended','1970-05-04 09:24:49','1981-03-10 17:57:48'),(94,36,'unfriended','2006-01-15 20:32:18','1990-08-04 20:01:22'),(95,88,'unfriended','1995-08-08 16:30:37','2005-05-29 03:36:03'),(96,23,'requested','1988-02-17 02:27:34','2011-10-12 02:21:18'),(96,100,'approved','1973-12-26 04:49:59','1988-06-11 06:40:52'),(98,5,'requested','1970-01-14 13:57:35','2002-04-02 13:24:17'),(99,89,'decline','2008-09-01 07:28:15','1995-06-30 16:04:04');
/*!40000 ALTER TABLE `friend_requests` ENABLE KEYS */;
UNLOCK TABLES;

--
-- Table structure for table `likes`
--

DROP TABLE IF EXISTS `likes`;
/*!40101 SET @saved_cs_client     = @@character_set_client */;
/*!50503 SET character_set_client = utf8mb4 */;
CREATE TABLE `likes` (
  `user_id` bigint unsigned NOT NULL,
  `media_id` bigint unsigned NOT NULL,
  `created_at` datetime DEFAULT CURRENT_TIMESTAMP,
  KEY `user_id` (`user_id`),
  KEY `media_id` (`media_id`),
  CONSTRAINT `likes_ibfk_1` FOREIGN KEY (`user_id`) REFERENCES `users` (`id`),
  CONSTRAINT `likes_ibfk_2` FOREIGN KEY (`media_id`) REFERENCES `media` (`id`)
) ENGINE=InnoDB DEFAULT CHARSET=utf8 COLLATE=utf8_unicode_ci;
/*!40101 SET character_set_client = @saved_cs_client */;

--
-- Dumping data for table `likes`
--

LOCK TABLES `likes` WRITE;
/*!40000 ALTER TABLE `likes` DISABLE KEYS */;
INSERT INTO `likes` VALUES (81,82,'1993-05-10 06:47:08'),(99,16,'2012-07-10 15:20:33'),(11,13,'2003-11-11 09:35:01'),(94,17,'2018-02-26 08:38:38'),(13,27,'2016-07-12 17:52:46'),(32,34,'1994-07-23 11:20:33'),(96,94,'2010-10-08 18:33:49'),(91,54,'1998-02-11 09:18:13'),(63,93,'2014-09-30 10:00:01'),(8,88,'2001-07-28 18:12:52'),(85,17,'1992-10-30 00:29:09'),(25,9,'2013-10-21 12:17:06'),(99,82,'1989-07-05 19:04:44'),(33,51,'2000-07-27 20:50:15'),(21,86,'2001-04-08 08:04:58'),(38,1,'1990-01-14 08:37:19'),(68,36,'1977-05-10 03:44:45'),(17,78,'2006-03-14 14:52:14'),(49,11,'1979-10-01 12:20:51'),(94,62,'1974-11-16 19:26:49'),(37,26,'1997-05-21 06:32:47'),(95,33,'1989-05-31 16:48:32'),(20,86,'1974-02-17 15:27:46'),(86,82,'1993-03-26 09:05:21'),(78,93,'1987-10-10 09:13:28'),(69,62,'2003-06-05 18:19:12'),(10,94,'2008-11-04 11:02:20'),(71,8,'1989-09-20 14:36:43'),(76,3,'1985-09-08 05:21:48'),(58,96,'1999-11-28 04:23:13'),(88,96,'2017-04-28 03:20:14'),(97,56,'2017-12-01 21:28:51'),(32,13,'1976-08-24 11:22:17'),(33,81,'2008-12-04 00:34:00'),(23,27,'2004-08-06 21:21:22'),(42,59,'1995-08-18 02:33:24'),(53,37,'1987-02-04 12:51:31'),(92,72,'1990-01-19 08:51:38'),(22,77,'1996-02-28 20:54:00'),(53,99,'2003-10-25 00:15:26'),(70,22,'2004-01-04 18:53:52'),(61,79,'1993-05-11 12:16:10'),(15,31,'1992-11-27 05:55:36'),(87,91,'1999-04-11 17:09:54'),(33,45,'1983-03-02 12:12:53'),(86,21,'2014-08-22 22:21:44'),(40,83,'2019-10-22 23:46:41'),(76,71,'2003-09-11 15:00:46'),(95,9,'1978-06-02 06:09:50'),(51,18,'1992-05-20 00:22:23'),(36,93,'1984-04-16 01:56:03'),(77,88,'2008-04-20 12:41:59'),(29,68,'2017-11-12 06:08:37'),(59,51,'2018-07-05 01:34:06'),(45,12,'1977-05-24 22:06:16'),(49,14,'1977-11-18 21:02:51'),(34,9,'2000-11-20 13:04:06'),(93,49,'2000-04-01 07:56:55'),(40,79,'2006-06-30 03:05:32'),(39,72,'1987-03-20 23:28:10'),(24,25,'2004-07-30 04:00:04'),(93,63,'1972-08-24 23:56:29'),(7,68,'1977-09-30 21:23:09'),(34,2,'1989-01-01 05:25:42'),(76,85,'1997-06-19 14:05:01'),(19,11,'1988-08-28 11:43:51'),(77,95,'2015-04-09 11:06:22'),(98,5,'2003-07-27 04:04:09'),(62,57,'1971-06-26 16:13:46'),(55,6,'2020-01-05 13:47:37'),(69,4,'1995-08-14 00:54:44'),(20,2,'1976-11-07 17:07:18'),(13,13,'1973-09-01 04:26:10'),(50,52,'2018-05-18 17:53:29'),(91,89,'2001-07-25 14:10:48'),(24,15,'1974-06-19 06:02:14'),(13,16,'1975-08-19 02:45:04'),(78,19,'2005-04-14 06:43:22'),(84,11,'1970-09-06 20:25:07'),(21,59,'2018-07-16 00:41:50'),(95,39,'1984-07-18 04:14:03'),(70,72,'1999-03-02 03:36:56'),(33,68,'2019-06-10 16:34:17'),(77,95,'1982-02-07 12:07:45'),(24,32,'1984-04-11 12:16:51'),(100,92,'1998-02-19 06:53:50'),(35,20,'1996-06-24 12:59:17'),(94,48,'2005-07-09 21:00:36'),(32,43,'1972-09-26 09:44:42'),(100,23,'1978-03-11 17:20:18'),(31,24,'1970-08-28 06:32:51'),(37,44,'1994-02-25 08:51:17'),(40,14,'2008-10-24 00:42:22'),(63,23,'1989-06-15 03:21:55'),(25,83,'2002-06-28 18:25:11'),(81,19,'1999-07-09 16:15:13'),(21,51,'1997-02-25 04:22:50'),(91,54,'1977-04-07 18:05:06'),(18,67,'1997-03-31 19:43:35'),(48,41,'1998-01-19 08:53:42');
/*!40000 ALTER TABLE `likes` ENABLE KEYS */;
UNLOCK TABLES;

--
-- Table structure for table `likes_posts`
--

DROP TABLE IF EXISTS `likes_posts`;
/*!40101 SET @saved_cs_client     = @@character_set_client */;
/*!50503 SET character_set_client = utf8mb4 */;
CREATE TABLE `likes_posts` (
  `post_id` bigint unsigned NOT NULL,
  `user_id` bigint unsigned NOT NULL,
  `valuelike` enum('like','dislike') DEFAULT 'like',
  `created_at` datetime DEFAULT CURRENT_TIMESTAMP,
  `updated_at` datetime DEFAULT CURRENT_TIMESTAMP ON UPDATE CURRENT_TIMESTAMP COMMENT 'Дата изменения',
  PRIMARY KEY (`post_id`,`user_id`),
  KEY `user_id` (`user_id`),
  CONSTRAINT `likes_posts_ibfk_1` FOREIGN KEY (`user_id`) REFERENCES `users` (`id`),
  CONSTRAINT `likes_posts_ibfk_2` FOREIGN KEY (`post_id`) REFERENCES `posts` (`id`)
) ENGINE=InnoDB DEFAULT CHARSET=utf8mb4 COLLATE=utf8mb4_0900_ai_ci;
/*!40101 SET character_set_client = @saved_cs_client */;

--
-- Dumping data for table `likes_posts`
--

LOCK TABLES `likes_posts` WRITE;
/*!40000 ALTER TABLE `likes_posts` DISABLE KEYS */;
/*!40000 ALTER TABLE `likes_posts` ENABLE KEYS */;
UNLOCK TABLES;

--
-- Table structure for table `likes_users`
--

DROP TABLE IF EXISTS `likes_users`;
/*!40101 SET @saved_cs_client     = @@character_set_client */;
/*!50503 SET character_set_client = utf8mb4 */;
CREATE TABLE `likes_users` (
  `user_id` bigint unsigned NOT NULL,
  `like_user_id` bigint unsigned NOT NULL,
  `value_like` enum('like','dislike') DEFAULT 'like',
  `created_at` datetime DEFAULT CURRENT_TIMESTAMP,
  `updated_at` datetime DEFAULT CURRENT_TIMESTAMP ON UPDATE CURRENT_TIMESTAMP COMMENT 'Дата изменения',
  PRIMARY KEY (`user_id`,`like_user_id`),
  KEY `like_user_id` (`like_user_id`),
  CONSTRAINT `likes_users_ibfk_1` FOREIGN KEY (`user_id`) REFERENCES `users` (`id`),
  CONSTRAINT `likes_users_ibfk_2` FOREIGN KEY (`like_user_id`) REFERENCES `users` (`id`)
) ENGINE=InnoDB DEFAULT CHARSET=utf8mb4 COLLATE=utf8mb4_0900_ai_ci;
/*!40101 SET character_set_client = @saved_cs_client */;

--
-- Dumping data for table `likes_users`
--

LOCK TABLES `likes_users` WRITE;
/*!40000 ALTER TABLE `likes_users` DISABLE KEYS */;
/*!40000 ALTER TABLE `likes_users` ENABLE KEYS */;
UNLOCK TABLES;

--
-- Table structure for table `media`
--

DROP TABLE IF EXISTS `media`;
/*!40101 SET @saved_cs_client     = @@character_set_client */;
/*!50503 SET character_set_client = utf8mb4 */;
CREATE TABLE `media` (
  `id` bigint unsigned NOT NULL AUTO_INCREMENT,
  `media_type_id` bigint unsigned NOT NULL,
  `user_id` bigint unsigned NOT NULL,
  `body` text CHARACTER SET utf8 COLLATE utf8_unicode_ci,
  `filename` varchar(255) CHARACTER SET utf8 COLLATE utf8_unicode_ci DEFAULT NULL,
  `size` int DEFAULT NULL,
  `metadata` longtext CHARACTER SET utf8mb4 COLLATE utf8mb4_bin,
  `created_at` datetime DEFAULT CURRENT_TIMESTAMP,
  `updated_at` datetime DEFAULT CURRENT_TIMESTAMP ON UPDATE CURRENT_TIMESTAMP,
  PRIMARY KEY (`id`),
  KEY `user_id` (`user_id`),
  KEY `media_type_id` (`media_type_id`),
  CONSTRAINT `media_ibfk_1` FOREIGN KEY (`user_id`) REFERENCES `users` (`id`),
  CONSTRAINT `media_ibfk_2` FOREIGN KEY (`media_type_id`) REFERENCES `media_types` (`id`),
  CONSTRAINT `media_chk_1` CHECK (json_valid(`metadata`))
) ENGINE=InnoDB AUTO_INCREMENT=101 DEFAULT CHARSET=utf8 COLLATE=utf8_unicode_ci;
/*!40101 SET character_set_client = @saved_cs_client */;

--
-- Dumping data for table `media`
--

LOCK TABLES `media` WRITE;
/*!40000 ALTER TABLE `media` DISABLE KEYS */;
INSERT INTO `media` VALUES (1,1,1,'Hic et consectetur magnam quo et. Omnis doloribus natus accusamus aspernatur.','eaque',11043,NULL,'1985-12-17 17:10:25','1971-11-01 00:00:00'),(2,2,2,'Officia qui nemo quibusdam aut perferendis. Illo quia quam et consequuntur voluptatem sed eos alias. Laborum ratione ratione molestiae quis quia et.','tempore',70803,NULL,'2012-04-30 14:42:03','1973-10-11 00:00:00'),(3,3,3,'Vel atque ut eum sequi aperiam. Neque blanditiis velit earum quasi harum. Voluptas autem quae magni nulla qui perspiciatis.','debitis',326299158,NULL,'1992-11-03 09:28:18','1997-06-30 00:00:00'),(4,4,4,'Omnis et quasi est hic tempora eveniet. Qui commodi dolor nostrum. Aliquid omnis ex est vero explicabo ut necessitatibus modi.','eos',9265605,NULL,'1992-02-16 14:44:08','1985-06-21 00:00:00'),(5,5,5,'Quae sit numquam libero recusandae deserunt. Officiis vitae sequi repellat qui. Voluptatem nesciunt aut id ut.','quis',389090,NULL,'1981-02-23 16:26:18','1980-05-23 00:00:00'),(6,1,6,'Non nihil veritatis minima consequatur exercitationem. Fugiat recusandae necessitatibus aliquid. Deserunt ex voluptas pariatur doloremque repellat ipsa ipsum. Earum id vitae magni ea totam.','non',256804,NULL,'1980-10-11 00:40:48','1986-07-20 00:00:00'),(7,2,7,'Doloremque id sit recusandae ducimus. Recusandae earum magni consequatur dolorum. Omnis repellat ipsa odit. Fugit eaque quis non voluptas hic omnis.','nisi',1,NULL,'1999-04-06 19:20:34','2017-09-12 00:00:00'),(8,3,8,'Voluptatibus quo dolor aut. Aspernatur molestias eum doloremque est sunt id. Enim placeat odit neque voluptatibus voluptatem quia architecto. Expedita pariatur voluptatem est voluptas in sit recusandae.','recusandae',35,NULL,'1988-11-25 12:53:50','1987-06-27 00:00:00'),(9,4,9,'Sed et quasi asperiores consequuntur maxime blanditiis. Sunt recusandae omnis qui totam vel atque id. Mollitia iusto nesciunt magni eos qui assumenda.','enim',0,NULL,'1984-08-24 22:18:03','1984-01-17 00:00:00'),(10,5,10,'Vero dolor natus eveniet. Eius molestiae aspernatur quam eius. Omnis est et nihil et. Ea dolorum est ipsa quos accusantium voluptatem.','et',44,NULL,'2014-02-16 18:57:27','1991-09-17 00:00:00'),(11,1,11,'Perferendis sed consectetur quaerat vitae debitis dolor consequuntur aut. Reprehenderit ut sed ea iste eius earum. Doloribus sed laboriosam sunt placeat repellendus maxime minus excepturi.','ut',59346003,NULL,'2008-08-17 00:50:51','1992-11-20 00:00:00'),(12,2,12,'Beatae sunt tempora ea eos. Repellat sed reprehenderit consequatur suscipit cum. Optio placeat velit tempora qui suscipit iste ut.','ipsam',1,NULL,'1997-09-27 17:17:05','2003-09-11 00:00:00'),(13,3,13,'Est praesentium et voluptatibus delectus vero nulla. Sapiente amet iste blanditiis quisquam. Error ut voluptate rerum molestias possimus. Consequatur ut sed ad.','cum',640,NULL,'1974-01-23 01:01:03','1974-03-13 00:00:00'),(14,4,14,'Odit magnam similique qui voluptatibus impedit aliquam. Dolore adipisci rerum error ut quam dolorum error qui. Et libero voluptatibus dignissimos veniam. Minima tempore deserunt ut qui sed in dolores.','voluptatem',1603198,NULL,'1995-06-27 12:10:55','1984-10-18 00:00:00'),(15,5,15,'Fugiat alias eum ea officia ut eligendi modi. Dolores perferendis similique temporibus voluptatem iure.','qui',1892,NULL,'2012-04-28 22:28:43','1990-04-06 00:00:00'),(16,1,16,'Sunt reprehenderit esse fugit libero. Aut et tempore est ut. Ut nulla expedita velit numquam suscipit.','quod',2418,NULL,'1980-08-02 10:13:27','2019-02-15 00:00:00'),(17,2,17,'Cum ut aut qui sit enim labore in. Id voluptate quibusdam fugit dolorem necessitatibus nisi. Quod dignissimos occaecati omnis sunt.','quibusdam',1,NULL,'1997-10-29 19:15:31','1987-05-30 00:00:00'),(18,3,18,'Aut voluptas assumenda et voluptatem inventore. Optio quia sed qui. Et omnis eum non.','perferendis',0,NULL,'1996-12-18 05:07:04','2012-10-29 00:00:00'),(19,4,19,'Ex eos dolor sapiente ut. Exercitationem praesentium molestiae ex accusamus. Odio a vitae dignissimos perferendis nulla ipsa. Qui amet nihil deleniti provident. Qui velit quo nihil dolore.','facere',11,NULL,'1983-06-07 05:27:49','2002-07-19 00:00:00'),(20,5,20,'Iste quod est ipsam. Dolor suscipit quia voluptas rerum reprehenderit similique cumque. Consequatur eos voluptas commodi nihil veniam. Magni iste nulla ipsam illo et fugit.','rerum',1,NULL,'1971-02-21 21:42:58','1992-04-06 00:00:00'),(21,1,21,'Culpa aut illum eius est. Quidem perferendis et omnis voluptatem. Veniam consequatur nisi sed a ut. Velit eligendi facere exercitationem magnam labore illo enim est.','et',1,NULL,'2020-04-17 08:51:22','1981-03-14 00:00:00'),(22,2,22,'Debitis et ut dolore consequatur voluptatibus perferendis sed. Ut id sapiente inventore dicta cum cumque mollitia explicabo. Qui nemo et et qui et consequatur illum. Quisquam optio expedita est iure deleniti quo.','aut',1,NULL,'1995-09-12 20:42:03','2015-08-18 00:00:00'),(23,3,23,'Voluptatum eveniet perspiciatis aperiam voluptatem enim animi dolore. Veniam doloremque ad provident ullam ut aut. In illo quaerat voluptas et nostrum laboriosam. Similique et facilis quos neque.','nobis',6,NULL,'2007-11-22 22:37:28','1993-11-21 00:00:00'),(24,4,24,'At quaerat ratione exercitationem sit amet. Et necessitatibus dolor ab quis impedit. Itaque in dolor modi nemo ipsa nihil sed.','tenetur',185282315,NULL,'1997-10-24 02:28:38','1997-09-28 00:00:00'),(25,5,25,'Ad inventore nemo ex et fugiat. Nulla quia voluptate non eum eaque magnam. Maxime necessitatibus dolor veritatis.','inventore',0,NULL,'1978-03-15 20:23:12','1988-12-25 00:00:00'),(26,1,26,'Harum sit voluptatum beatae nesciunt alias omnis accusamus. Cum velit necessitatibus dolores nesciunt placeat reprehenderit et. Quod recusandae quia ab sed perspiciatis.','accusamus',118945091,NULL,'1975-04-26 00:50:02','1987-08-28 00:00:00'),(27,2,27,'Facilis facere eum fugit est voluptatem et nemo. Neque libero dolorem iusto debitis architecto. Voluptatem facilis iusto adipisci rerum aut. Alias iusto magnam et temporibus neque quia.','et',4237614,NULL,'1977-09-13 20:09:09','1996-03-26 00:00:00'),(28,3,28,'Voluptatem ad in ab et. Autem et placeat et delectus quod consequatur dolores. Odit quia ut minus omnis facilis. Illo perferendis esse aut iure eaque nulla dolor.','quas',325,NULL,'2000-01-06 13:20:02','2001-07-22 00:00:00'),(29,4,29,'Suscipit deserunt sed aut rerum. Aut ea et laudantium ipsa aut facilis eveniet. Beatae aliquid incidunt autem porro veritatis debitis. Vero omnis voluptate incidunt assumenda.','quasi',34,NULL,'2016-01-28 18:05:35','1971-01-19 00:00:00'),(30,5,30,'Recusandae maiores fugit quisquam molestiae facere iste. Id porro esse magnam et eveniet cupiditate. Porro omnis qui voluptatem et sequi dignissimos et. Aliquid sunt esse enim dignissimos.','voluptatem',4942303,NULL,'2018-08-14 12:59:40','2003-02-24 00:00:00'),(31,1,31,'Eius quaerat sed voluptas consequuntur. Quod dignissimos voluptate eum. Soluta aut eos ab labore quidem reiciendis dolorem id.','modi',742379739,NULL,'1984-10-19 20:26:29','2018-11-04 00:00:00'),(32,2,32,'Quam unde sed sint voluptate reprehenderit numquam ipsum enim. Nemo at saepe qui voluptate voluptatem porro nesciunt. Libero fuga hic eius in quae. Qui cupiditate qui quas qui.','qui',28212777,NULL,'2006-01-13 04:16:05','1970-09-24 00:00:00'),(33,3,33,'Enim id ut est architecto. Vitae ipsam qui voluptatem qui fugit. Ut in pariatur voluptatibus.','sint',48,NULL,'1985-08-23 02:03:24','1991-05-10 00:00:00'),(34,4,34,'Autem autem nulla quos optio. Sapiente et repellendus sit quia est iure qui. Perferendis quasi itaque illo placeat.','nihil',403818,NULL,'1997-05-28 04:18:00','1985-02-14 00:00:00'),(35,5,35,'Sunt sequi tempore architecto ut molestiae consequatur. Quia ad qui beatae et. Voluptatem laborum odio atque tenetur doloremque velit. Fugit quo et sit vero laboriosam.','et',5,NULL,'1996-08-23 23:06:37','1970-11-09 00:00:00'),(36,1,36,'Quis natus nisi voluptate sit ut vel. Ea recusandae cum qui qui. Aut magni nesciunt qui necessitatibus reprehenderit. Odio ipsam qui alias aut. Est eos omnis exercitationem.','ad',16635091,NULL,'1984-08-05 09:48:18','1990-04-30 00:00:00'),(37,2,37,'Est eos et et perspiciatis odio quisquam modi possimus. Suscipit ducimus optio incidunt ab repellendus doloremque. Dolorem et eligendi impedit at sed. Reprehenderit excepturi illo quis est.','laboriosam',71040820,NULL,'2004-06-15 19:28:28','1976-03-31 00:00:00'),(38,3,38,'Error et sunt et sit et sed necessitatibus. Enim quos enim possimus ad temporibus. Ut voluptas non sunt enim. Est vel perferendis accusamus molestiae et dolore.','vel',622,NULL,'1984-03-08 07:57:18','2008-03-15 00:00:00'),(39,4,39,'Facilis sapiente ab aut sit dolore aut. Omnis quia molestiae rerum necessitatibus mollitia inventore porro. Dolor eligendi excepturi accusamus voluptatem excepturi voluptatem. Voluptatibus excepturi vero dolores sit.','magni',1,NULL,'1986-09-18 14:58:54','1970-08-20 00:00:00'),(40,5,40,'Sunt unde error cum sunt labore facilis officiis. Ipsam aut fugit est minus quaerat maiores nobis harum. Explicabo magni perferendis sapiente.','cumque',50,NULL,'2016-01-04 23:12:55','2005-10-15 00:00:00'),(41,1,41,'Voluptas quos est numquam qui. Cumque deleniti quisquam non facere nostrum et. Illo ut maiores quia vel libero quis totam. Placeat expedita in sit eius similique cupiditate ad ducimus.','totam',1,NULL,'2011-02-13 06:49:18','2009-07-24 00:00:00'),(42,2,42,'Necessitatibus nihil enim consequuntur enim ratione. Cum labore laborum molestiae impedit autem. Sunt cupiditate nostrum quia sint molestiae nemo ex. Et necessitatibus sed quibusdam fugit numquam et.','quia',101397182,NULL,'2012-03-20 08:04:53','1995-09-10 00:00:00'),(43,3,43,'Cumque voluptatum ea voluptatem sint quis. Voluptates mollitia ipsum vero nisi soluta reprehenderit nobis. Expedita ut suscipit voluptates. Tenetur ut labore dolorum sit.','dicta',861,NULL,'2017-06-04 23:33:52','1996-10-09 00:00:00'),(44,4,44,'Explicabo perspiciatis molestiae et pariatur delectus inventore id. Voluptatem voluptatem non facere excepturi dicta laboriosam ex. Dicta dolor eveniet beatae perferendis.','neque',6,NULL,'1974-03-05 18:33:15','2010-08-07 00:00:00'),(45,5,45,'Similique a enim vel perferendis. Quia et quis totam debitis quisquam. In explicabo cum nihil.','impedit',24,NULL,'2002-04-06 19:15:20','2009-11-02 00:00:00'),(46,1,46,'Placeat magni quam suscipit hic ea dignissimos ut. Quisquam debitis aut commodi sed tenetur. Et voluptatibus facilis aut minima impedit. Praesentium quibusdam autem laboriosam.','aut',8204260,NULL,'1994-10-29 14:13:06','2003-05-20 00:00:00'),(47,2,47,'Repellendus recusandae ab tempora. Labore error qui dolore labore. Eveniet amet eius amet.','ut',246035064,NULL,'2011-03-05 06:22:56','2011-05-12 00:00:00'),(48,3,48,'Vero aut architecto in excepturi et. Nihil eum illum minima est sit. Quo libero culpa voluptatem consequuntur. Eligendi quibusdam ut est enim corporis optio officia.','nihil',402770292,NULL,'1979-06-09 00:26:34','2019-05-06 00:00:00'),(49,4,49,'Et in voluptates ut et perferendis repellendus ipsam incidunt. Dolores explicabo voluptatem dolores ut doloremque commodi. Sed qui esse doloribus repudiandae rerum et distinctio sed.','qui',1574182,NULL,'1977-09-17 17:45:02','1982-08-26 00:00:00'),(50,5,50,'Neque iusto et nobis odit debitis architecto. Eos qui vitae est incidunt. Et fugiat molestiae atque et delectus. Soluta laudantium quidem nihil. Illum repellat sed qui ea dolor quas.','illum',46216,NULL,'2005-06-19 15:28:12','2007-09-01 00:00:00'),(51,1,51,'Quibusdam ipsam aspernatur explicabo eveniet dignissimos. Porro quas distinctio voluptas reiciendis hic. Aspernatur ea nisi sapiente qui esse.','saepe',220,NULL,'2005-08-12 17:10:14','1971-03-20 00:00:00'),(52,2,52,'Rerum aut dolor et dolor. Explicabo ut praesentium voluptatem occaecati in.','odio',55248407,NULL,'1977-11-15 16:55:18','2014-07-29 00:00:00'),(53,3,53,'Tenetur quaerat earum quisquam iste esse dignissimos tempore facilis. Et laboriosam blanditiis quas voluptates. Sapiente aut et quo ex itaque quia natus.','rerum',37659942,NULL,'2006-03-25 02:03:55','1975-08-09 00:00:00'),(54,4,54,'Officia nulla porro odio ducimus dolore deleniti. Aut dolor ab impedit eos est. In iure omnis eaque magni voluptatibus est occaecati est.','sapiente',117,NULL,'1988-09-16 22:19:03','2018-10-31 00:00:00'),(55,5,55,'Illum necessitatibus vel enim maxime. Quasi repellendus dolores aut aut adipisci consequatur.','voluptatibus',71983,NULL,'1982-09-09 22:51:18','1980-07-07 00:00:00'),(56,1,56,'Est dolorem laborum quia voluptas voluptas quo. Maiores aut aut facere nemo et aliquid. Accusantium harum iusto harum non. Ex placeat ex quo.','enim',1883638,NULL,'1998-02-05 05:49:15','2008-02-14 00:00:00'),(57,2,57,'Odit quia autem id et est voluptatem. Est distinctio ut adipisci est corrupti. Dolorem eum quia reprehenderit occaecati. Omnis et mollitia beatae error esse eligendi tempora. Quod minus vel repudiandae et temporibus aut hic ipsum.','qui',2,NULL,'1995-04-17 17:46:02','2018-01-25 00:00:00'),(58,3,58,'Soluta provident id totam accusantium magni a assumenda. Eligendi minus quisquam non dolorem libero. Eius quod dolores aut impedit aliquam.','occaecati',2,NULL,'1980-04-01 05:20:13','1979-03-07 00:00:00'),(59,4,59,'Unde sit sed ipsa ad dolor et similique iste. Perspiciatis omnis laboriosam et pariatur. Deleniti eos ducimus cumque facere est. In est itaque exercitationem.','non',0,NULL,'2014-09-01 10:41:35','2005-10-26 00:00:00'),(60,5,60,'Delectus quia expedita hic quia. Temporibus et facere neque eligendi quidem. Earum dolor nihil ducimus earum soluta sed illo.','nihil',3017,NULL,'2014-10-25 06:58:16','2013-06-10 00:00:00'),(61,1,61,'Voluptatem quo voluptas et. Voluptates et in voluptatem dicta dignissimos. Consequatur illo molestias voluptatem sed accusamus animi.','quos',43965321,NULL,'1976-11-29 16:36:16','1996-01-04 00:00:00'),(62,2,62,'Sit modi provident tempore quia quia asperiores praesentium. Et quaerat quis quos eligendi quasi. Quia autem molestiae et hic perspiciatis commodi temporibus quia.','qui',219,NULL,'1977-06-29 16:59:40','1983-10-12 00:00:00'),(63,3,63,'Natus quasi enim asperiores et consequatur accusamus. Quod hic vel non in. Illo consequatur illo laboriosam dolores nihil maxime. Est cumque quos fugiat numquam consequuntur. Quaerat recusandae et voluptates qui et ut animi.','ex',478275,NULL,'2008-10-11 14:34:46','1987-12-02 00:00:00'),(64,4,64,'Aspernatur optio et enim qui cupiditate iste. Molestias omnis deserunt veniam incidunt ut voluptatibus. Exercitationem placeat ut quis ut. Id impedit rem velit accusamus rerum.','dolorem',690,NULL,'1975-12-13 18:16:41','1976-07-05 00:00:00'),(65,5,65,'Voluptas ex sit vel laborum pariatur dignissimos. Aperiam ducimus officia est fugit rerum. Sed id sequi quis voluptatem facilis facere.','ut',476358,NULL,'2010-08-11 20:07:57','1993-08-16 00:00:00'),(66,1,66,'Molestias deserunt rerum vel dolor. Ratione animi rerum est repellat. Error ut repellendus exercitationem rerum ullam qui.','inventore',29347,NULL,'1996-02-05 20:16:24','1973-12-20 00:00:00'),(67,2,67,'Vitae voluptatum velit inventore quod velit nesciunt. Quod vero vero porro. Nemo dolorem vel at nemo cumque aliquid aspernatur.','molestiae',2634,NULL,'2013-12-06 00:38:31','2017-01-18 00:00:00'),(68,3,68,'Dolor natus eveniet cupiditate veniam pariatur. Nisi omnis fugit dolores id consequatur aut distinctio. Vel officia suscipit et harum suscipit.','voluptas',1761900,NULL,'1993-11-23 19:15:35','2003-05-14 00:00:00'),(69,4,69,'Quis nostrum libero recusandae sunt et assumenda. Qui sit tempora unde voluptatem et assumenda dicta. Id corporis in aut facere.','earum',2,NULL,'1993-01-26 06:34:21','1974-05-18 00:00:00'),(70,5,70,'Voluptatibus rerum fuga tenetur eaque occaecati aperiam. Aut sed quia sequi qui. Deleniti nam optio omnis ut. Totam et quia eum non.','excepturi',92,NULL,'2009-08-16 22:50:35','1990-04-25 00:00:00'),(71,1,71,'Suscipit perferendis ea aut illum omnis voluptatem. Et labore amet amet nemo suscipit aliquam. Porro quae ipsam voluptatum quaerat. Doloribus nisi tempora aut sequi ipsa veniam omnis. Rerum ut iure eaque placeat.','possimus',1,NULL,'1997-02-09 20:26:03','2016-08-28 00:00:00'),(72,2,72,'In amet ratione eos sunt unde rem. Et dolores illum quis. Laborum ut voluptatem sit accusamus exercitationem qui dolor.','est',19656654,NULL,'1981-08-26 05:37:00','2015-07-01 00:00:00'),(73,3,73,'Voluptatum debitis qui saepe quidem corrupti voluptatem officia. Aperiam voluptatibus unde voluptatum corrupti quis.','eos',13478613,NULL,'2013-04-26 19:47:25','1984-02-18 00:00:00'),(74,4,74,'Necessitatibus sit magni reprehenderit quia. Illo reprehenderit ut aut ut. Tempora eum ex omnis tempore laborum.','tenetur',26658680,NULL,'1998-02-03 02:57:39','2000-02-09 00:00:00'),(75,5,75,'Dicta dolorem occaecati nisi maiores quibusdam. Sit et velit expedita reprehenderit rerum pariatur exercitationem. Enim quia voluptates qui fugiat vel.','sit',23964944,NULL,'2004-03-28 10:34:10','1971-12-29 00:00:00'),(76,1,76,'Qui sunt nobis aut id. Voluptatem et odio dolorem quis vel. Non aut est quos hic sit. Totam distinctio dolorem quia est.','aspernatur',3230889,NULL,'1979-01-28 08:45:14','1996-10-26 00:00:00'),(77,2,77,'In voluptas officia consequatur qui. Ipsum eaque voluptate vitae. Consequatur ut aut cupiditate voluptatem commodi dolorum.','ipsa',260,NULL,'1983-08-19 08:58:34','2006-07-15 00:00:00'),(78,3,78,'Voluptatem consectetur qui sunt rerum accusantium. Qui nihil temporibus veritatis ullam quo perferendis. Debitis alias qui consequatur autem. Tenetur veritatis dolores quas excepturi nihil sequi aut eius. Necessitatibus dignissimos recusandae atque ut sed.','temporibus',96,NULL,'2007-06-03 04:31:21','1998-11-27 00:00:00'),(79,4,79,'Perferendis reiciendis deleniti consequuntur blanditiis qui. Voluptas sunt perspiciatis nulla commodi aliquid in minima. Optio qui consectetur odit maxime optio in. Quisquam dolorem laboriosam eum qui iure tenetur. Placeat et odio sed explicabo et nemo in reiciendis.','atque',58716,NULL,'1989-08-28 14:46:22','2002-11-14 00:00:00'),(80,5,80,'Est delectus ut voluptatem veniam et minima sapiente. Repudiandae est sunt voluptatem dolor aut atque. Illum in eligendi iure et.','beatae',14,NULL,'1998-09-26 13:21:57','1982-08-31 00:00:00'),(81,1,81,'Non rerum praesentium accusantium vero. Dolor ratione unde repudiandae quidem. Recusandae velit ut optio eligendi at animi. Eius ut alias eius aperiam eius. Qui repellat laborum est voluptatem provident.','nihil',447588515,NULL,'1990-03-28 20:17:37','2004-03-08 00:00:00'),(82,2,82,'In officiis velit sed quis eius et voluptatem pariatur. Et ratione voluptatum quo molestiae sint aperiam. Unde dolorem ullam et consequatur perferendis quis a. Incidunt fugiat aspernatur quia quia.','impedit',4174889,NULL,'1976-05-23 16:41:50','1973-04-22 00:00:00'),(83,3,83,'Ut fugiat aliquam omnis velit sit nam id. Hic reprehenderit quod tenetur numquam.','iste',50087,NULL,'2012-06-16 09:10:52','2017-12-18 00:00:00'),(84,4,84,'Est inventore aut nisi minima aut. Consequatur placeat nihil quaerat. Sunt dolor sit perspiciatis magnam. Non dolorem delectus eum nihil incidunt.','dolorem',900,NULL,'1978-10-28 09:45:55','1988-07-01 00:00:00'),(85,5,85,'Qui est minima sequi doloremque. Molestias sit fugiat et. Aut eum accusantium ex quo.','itaque',70,NULL,'2017-03-31 11:17:37','2007-10-18 00:00:00'),(86,1,86,'Temporibus est optio asperiores quae. Placeat maiores quae eaque minima quis est aut. Facilis fugiat atque corporis qui ea inventore error harum. Animi qui doloribus ut dicta quos possimus.','eum',533560,NULL,'1990-07-13 09:11:52','1976-03-04 00:00:00'),(87,2,87,'Veniam cumque porro vitae eum est odit. Incidunt possimus aut natus blanditiis dicta cupiditate quasi. Molestias ducimus illo dolores assumenda.','recusandae',87921,NULL,'2008-10-02 23:48:01','2003-09-27 00:00:00'),(88,3,88,'Repudiandae sint ex exercitationem molestiae labore autem. Magni illum et libero deserunt cumque non. Similique illum veniam ab et qui. Placeat maiores molestiae possimus hic omnis qui. Culpa velit fugiat a in totam id.','quia',347,NULL,'1996-05-16 23:01:47','2000-11-25 00:00:00'),(89,4,89,'Voluptate voluptas sunt atque quos. Deleniti reprehenderit repudiandae laboriosam nihil consequatur officiis porro. Aliquam quidem nihil aut repellat eum et illum.','quaerat',17,NULL,'2019-12-29 06:51:22','1976-08-11 00:00:00'),(90,5,90,'Sed ullam autem quia. Quia rerum sequi voluptatum voluptate dolorem vero. Rem aut et quis numquam magnam. Perspiciatis nihil quo consequatur veritatis.','esse',288465781,NULL,'1990-09-11 02:18:26','2002-12-26 00:00:00'),(91,1,91,'Rerum distinctio sed magnam nulla ullam. Commodi provident mollitia distinctio quam rerum. Dolorem molestias corporis asperiores magni nostrum sit natus.','tempora',2347,NULL,'2000-02-27 14:16:11','1997-05-16 00:00:00'),(92,2,92,'Perferendis earum repellendus iusto sapiente et est. Corrupti qui nemo sint aut quia ut modi. Dolores est inventore et nihil natus nesciunt soluta. Deleniti omnis ut delectus repellat quidem beatae.','culpa',318473018,NULL,'2011-03-17 04:52:35','1983-05-28 00:00:00'),(93,3,93,'Quidem adipisci blanditiis quia id sed odit. Aut error omnis aut. Non debitis aut dolores vel cupiditate est porro. Quisquam et ipsam aut aut voluptatem.','eum',6,NULL,'2006-12-22 12:27:14','2017-02-22 00:00:00'),(94,4,94,'Distinctio deleniti occaecati hic qui. Officiis praesentium dolores sed atque et id commodi repellat. Sunt dicta rerum ex consequatur rerum nostrum delectus. Harum ut accusamus cumque et iure. Molestiae porro mollitia incidunt.','occaecati',117308280,NULL,'1975-10-02 22:29:18','2014-04-04 00:00:00'),(95,5,95,'Voluptatem quibusdam quidem explicabo quo qui nemo. Recusandae rerum amet minima.','id',155380944,NULL,'1999-09-09 06:59:11','1993-02-19 00:00:00'),(96,1,96,'Nisi alias esse maiores veritatis aut autem. Minus sit magnam aspernatur nulla. Ut sunt cupiditate sed quidem fugit ea sit. Molestiae illo ratione non a. Sit illo consequatur distinctio aut voluptatibus vel sit.','eligendi',11709395,NULL,'2003-03-19 22:35:40','2013-12-20 00:00:00'),(97,2,97,'Velit repellat aut accusamus sed id. Rerum nam tempore tempore exercitationem vel recusandae odio ad. Aut autem sed consequuntur cumque omnis.','consequatur',579209023,NULL,'1976-01-24 07:30:57','2016-01-15 00:00:00'),(98,3,98,'Omnis ea vitae ab consequatur. Reiciendis nam quod nulla iusto illo omnis. Tempore est ipsa omnis impedit et. Quas quisquam consequuntur odio non similique occaecati.','rerum',15458801,NULL,'1987-07-04 12:40:50','1984-02-16 00:00:00'),(99,4,99,'Consequatur deleniti quasi quibusdam aut aut rerum autem. Praesentium tenetur ut ut eum quis voluptates. Non praesentium qui quia quasi. Quia consequatur est illum itaque debitis est ut.','aut',43040887,NULL,'2019-07-13 18:05:02','1981-01-12 00:00:00'),(100,5,100,'Cumque rem distinctio reprehenderit. Eum quo cumque reprehenderit in vitae magnam.','voluptatem',4,NULL,'2001-09-21 08:41:44','2003-07-11 00:00:00');
/*!40000 ALTER TABLE `media` ENABLE KEYS */;
UNLOCK TABLES;

--
-- Table structure for table `media_types`
--

DROP TABLE IF EXISTS `media_types`;
/*!40101 SET @saved_cs_client     = @@character_set_client */;
/*!50503 SET character_set_client = utf8mb4 */;
CREATE TABLE `media_types` (
  `id` bigint unsigned NOT NULL AUTO_INCREMENT,
  `name` varchar(255) CHARACTER SET utf8 COLLATE utf8_unicode_ci DEFAULT NULL,
  `created_at` datetime DEFAULT CURRENT_TIMESTAMP,
  `updated_at` datetime DEFAULT CURRENT_TIMESTAMP ON UPDATE CURRENT_TIMESTAMP,
  PRIMARY KEY (`id`)
) ENGINE=InnoDB AUTO_INCREMENT=6 DEFAULT CHARSET=utf8 COLLATE=utf8_unicode_ci;
/*!40101 SET character_set_client = @saved_cs_client */;

--
-- Dumping data for table `media_types`
--

LOCK TABLES `media_types` WRITE;
/*!40000 ALTER TABLE `media_types` DISABLE KEYS */;
INSERT INTO `media_types` VALUES (1,' application','2003-08-26 10:26:30','2014-12-21 09:58:35'),(2,'video','2019-02-11 13:13:33','1983-03-10 07:37:44'),(3,' multipart','1985-08-17 23:47:06','2016-12-22 10:41:56'),(4,' audio','1985-05-19 23:52:10','2013-02-12 23:54:44'),(5,' image','1984-12-12 17:33:16','1982-04-09 15:19:44');
/*!40000 ALTER TABLE `media_types` ENABLE KEYS */;
UNLOCK TABLES;

--
-- Table structure for table `messages`
--

DROP TABLE IF EXISTS `messages`;
/*!40101 SET @saved_cs_client     = @@character_set_client */;
/*!50503 SET character_set_client = utf8mb4 */;
CREATE TABLE `messages` (
  `id` bigint unsigned NOT NULL AUTO_INCREMENT,
  `from_user_id` bigint unsigned NOT NULL,
  `to_user_id` bigint unsigned NOT NULL,
  `body` text CHARACTER SET utf8 COLLATE utf8_unicode_ci,
  `created_at` datetime DEFAULT CURRENT_TIMESTAMP,
  PRIMARY KEY (`id`),
  KEY `messages_from_user_id` (`from_user_id`),
  KEY `messages_to_user_id` (`to_user_id`),
  CONSTRAINT `messages_ibfk_1` FOREIGN KEY (`from_user_id`) REFERENCES `users` (`id`),
  CONSTRAINT `messages_ibfk_2` FOREIGN KEY (`to_user_id`) REFERENCES `users` (`id`)
) ENGINE=InnoDB AUTO_INCREMENT=101 DEFAULT CHARSET=utf8 COLLATE=utf8_unicode_ci;
/*!40101 SET character_set_client = @saved_cs_client */;

--
-- Dumping data for table `messages`
--

LOCK TABLES `messages` WRITE;
/*!40000 ALTER TABLE `messages` DISABLE KEYS */;
INSERT INTO `messages` VALUES (1,78,29,'Cumque quia cumque sed sit ratione et consectetur rem. Ipsa animi voluptas quisquam sequi. Magni qui tempora ad quibusdam id corporis cupiditate. Dignissimos id accusamus eius voluptatem aut.','2001-03-01 01:11:28'),(2,19,51,'Aliquid sed nostrum eos quas aut voluptas. Molestias ut dicta aut ut ut harum. Ratione dolor ea dolorem fuga excepturi.','2009-10-19 07:03:49'),(3,31,76,'Aperiam pariatur officiis quis facilis blanditiis. Ratione nihil dolorem sit enim quas ut unde. Perspiciatis culpa accusantium quia nam inventore quos.','2005-08-24 08:38:26'),(4,34,83,'Sed accusamus corporis facere quibusdam sint optio voluptatum ducimus. Fugiat maxime quia iure rerum qui quos aut adipisci. Temporibus cupiditate repellendus est quae ratione nisi.','1970-09-08 13:38:41'),(5,77,44,'Et iusto ut quasi consequatur consequatur porro. Quisquam praesentium tempore similique distinctio amet. Ut sed ipsa excepturi similique in. Cupiditate neque qui quia saepe beatae.','1981-06-18 05:22:59'),(6,24,6,'Maxime est occaecati voluptatem quia provident similique. Debitis omnis sequi libero et accusantium nesciunt.','1994-10-23 19:36:30'),(7,65,99,'Dignissimos animi et dolorem tenetur et repellendus. Id sit id reiciendis nostrum voluptas. Modi sit in eligendi doloribus.','1997-10-06 03:26:44'),(8,51,44,'Officia quae autem sit consequatur quis expedita pariatur. Iste deserunt blanditiis ducimus fugit voluptatem ex non. Possimus eligendi quo a excepturi.','2009-11-28 17:42:44'),(9,97,83,'Repudiandae qui quia ipsam est est. Maxime natus impedit nisi dolor. Repellat voluptas occaecati repudiandae sit quasi debitis. Excepturi inventore aperiam ullam veniam aut qui culpa qui. Neque ipsam eos libero.','1986-11-22 18:43:52'),(10,81,4,'Et sapiente aut omnis ex esse perferendis placeat. Perferendis amet est deleniti quia cumque aut. Maiores ut doloremque esse aperiam.','1985-05-08 21:03:42'),(11,50,92,'Quas quod doloribus et consequatur. Aut explicabo aut voluptates dolore deleniti sequi quae. Aliquid minus iure rerum et quia eum. Maxime natus voluptates esse quis tempora commodi. Beatae minus ipsam doloribus adipisci mollitia.','2015-10-27 10:41:31'),(12,84,36,'A reprehenderit earum in recusandae. Aspernatur sed quo libero et minima labore quae. Quis magnam doloremque hic in debitis voluptatum. Similique reiciendis facilis qui harum suscipit ratione blanditiis et. Commodi culpa quo voluptate quasi ab error.','2015-03-28 17:54:21'),(13,44,75,'Et velit qui nisi soluta omnis earum quaerat. Fuga quas eum et et quisquam eveniet. Odio iste ullam asperiores dolores qui ipsa quia soluta. Est quis incidunt est ut. Qui repellat aut molestiae distinctio non inventore corrupti.','1999-07-19 00:29:07'),(14,34,59,'Quia quidem illum velit. Est molestias laboriosam fugit dolores. Similique omnis adipisci animi beatae.','1970-09-09 00:45:29'),(15,56,50,'Eum eius quis incidunt incidunt. Ducimus nobis asperiores distinctio assumenda molestiae. Animi qui cupiditate fugit quia aliquam.','1990-11-03 19:56:56'),(16,44,33,'Provident aspernatur aut ad et. Deserunt aut ea ad sunt molestiae. Odit quae voluptas maxime aut et.','1975-04-03 15:25:32'),(17,79,63,'Ut quas atque illum nostrum distinctio doloremque. Aut veritatis animi veniam est et dolorem qui. Velit at quia illo labore hic velit qui adipisci. Est aliquid et eius dolor eum. Consequatur nesciunt soluta occaecati aut.','2003-12-03 04:11:11'),(18,84,9,'Mollitia repellat mollitia hic. Facere quia cupiditate quidem sit voluptatem quod est exercitationem. Beatae ex qui veritatis ut impedit repudiandae pariatur.','1995-02-18 17:38:31'),(19,39,18,'Sit qui exercitationem nam similique nisi. Debitis at aliquid alias error dolor. Culpa voluptatum voluptate quae autem.','2004-06-21 07:48:07'),(20,92,15,'Officiis odio quo commodi quia voluptatem ab. Nesciunt deleniti sint perferendis in est minima saepe. Id sit eum est iusto ratione rerum maxime. Id id recusandae ad maxime.','1974-07-01 04:13:33'),(21,61,15,'Quia quo numquam dolor doloremque et. Ut deserunt eligendi reprehenderit accusamus qui autem. Sit ut nam et numquam illo dolores consectetur.','1976-05-26 17:46:49'),(22,21,26,'Cupiditate id quisquam et sint impedit soluta. In ea exercitationem dolores tenetur aut deserunt eius et. Reprehenderit itaque quo voluptas quia. Sit maiores repudiandae impedit accusantium sunt sequi.','1996-11-04 16:25:52'),(23,14,71,'Ad nisi architecto voluptas odit et. Ipsum natus eos a eius aut. Eum ut natus eos.','2012-04-08 04:30:41'),(24,70,11,'Odit placeat molestiae quis maxime quia sed et. Consequuntur voluptate placeat dignissimos maxime cumque quasi suscipit.','1982-10-24 14:18:17'),(25,54,50,'Molestias ratione cumque voluptas iure aut sit deserunt sequi. Libero sed voluptas totam aut. Aut sint iure accusamus similique veniam ducimus et. Repellendus eligendi error maxime eos totam. Iste voluptatibus cupiditate et dolore aut vel aut.','2005-12-17 09:25:21'),(26,14,3,'Doloribus aliquid quo nisi quaerat. Totam natus neque quis expedita. Earum et sint quo qui.','2000-03-27 09:04:25'),(27,42,97,'Odit est qui aut sed. Et excepturi quia ex deserunt. Id et non quia eveniet veritatis numquam. Beatae ut enim eligendi. Sapiente est distinctio nihil aut ut repudiandae quos velit.','1995-09-01 19:23:13'),(28,39,85,'Officiis commodi vel labore voluptatem aperiam. Voluptate velit doloribus rerum odit. Quis odio possimus temporibus officiis voluptas provident labore. Ea aut vel quo ipsam error ex adipisci. Magni aliquid minus tenetur tempore commodi est nihil.','2001-05-07 16:47:29'),(29,72,73,'Voluptatibus consequuntur blanditiis distinctio mollitia officia dolorem minima ipsa. Id fugiat praesentium alias sint modi. In ut in aut quos.','2015-05-16 01:16:18'),(30,44,27,'Blanditiis est adipisci voluptatum alias recusandae et. Autem inventore consequuntur ratione hic at ipsa.','1978-06-26 13:43:37'),(31,22,88,'Praesentium expedita facilis dolores accusamus eos. Rerum voluptatem molestias ipsam et velit eum amet enim. Est id sed nemo porro.','2012-07-27 18:45:56'),(32,60,100,'Sed mollitia blanditiis fuga dolor. Rerum qui rerum dolor velit quos quidem. Est et ullam non eveniet dolorem impedit. Blanditiis animi odio earum quasi.','1989-10-07 17:56:04'),(33,50,44,'Minima aut incidunt laboriosam qui rem ullam. Et neque inventore eum quibusdam. Nostrum inventore placeat sapiente aut.','1995-01-09 12:35:52'),(34,9,88,'Quaerat temporibus mollitia id consequatur quae accusamus sint. Tempora ipsam maxime aspernatur voluptatem. Autem beatae fuga expedita illo harum aliquid. Quia est incidunt et modi aliquid id enim.','1983-01-17 12:46:16'),(35,61,100,'Et omnis consequatur ut qui. Quos nihil et fugit et et eos. Numquam voluptatem vitae aut similique omnis magni dolor.','1985-11-10 10:59:22'),(36,3,22,'Quisquam consectetur id aut minus eligendi accusamus. Blanditiis earum aut ut qui minima. Cum dolorem similique alias iure saepe. Alias et molestiae at deleniti.','2015-10-25 05:59:12'),(37,15,24,'Ut molestias est et sed qui. Fugiat saepe sed debitis consectetur et. Rem non est doloremque distinctio corrupti quod ut. Corporis laudantium sunt molestiae et.','1971-05-18 02:58:10'),(38,48,29,'Perspiciatis asperiores dolorem consequatur doloremque eos accusantium aperiam. Officia qui illum eveniet id. Rerum quas necessitatibus vitae sint. Reiciendis non placeat eum maxime aliquam accusantium veritatis.','1999-09-18 10:14:22'),(39,94,17,'Quaerat odit iusto harum tenetur tempore. Qui et minima labore est iste. Eaque enim ut et aliquam.','1988-07-21 11:09:35'),(40,39,48,'Quos est a tempore. Qui atque libero eaque qui culpa. Quisquam natus dignissimos ea sequi sit aliquam.','2003-04-02 16:06:09'),(41,67,52,'Doloribus sapiente et vel eaque expedita. Rerum non earum ipsa placeat a distinctio nesciunt ipsa. Voluptas quo expedita velit necessitatibus atque enim. Sit animi ut esse et pariatur.','2019-03-01 19:03:54'),(42,50,8,'Et qui adipisci et molestias possimus. Sed est hic unde quaerat aperiam perferendis optio ab. Nostrum praesentium voluptas eveniet maxime est repudiandae fuga. Ipsa soluta beatae ea earum totam nihil amet.','1994-04-28 18:09:36'),(43,49,89,'Quia occaecati molestiae pariatur ea. Quia dolores sit quibusdam id. Sequi deleniti deleniti quisquam et sint.','2019-05-16 14:06:17'),(44,93,20,'Fuga quas quia dignissimos consequuntur. Tenetur repellendus cumque qui dolores distinctio deserunt enim. Expedita iste est molestias veniam. Et est et nihil sit nostrum.','2004-05-09 07:08:10'),(45,61,37,'Ut ipsa omnis consectetur ipsam. Quia omnis veritatis veniam id dignissimos expedita vero placeat. Ad nihil repellendus cumque accusamus et cum. Voluptatem dolores ut rem doloribus eos deserunt.','1983-07-12 17:58:56'),(46,47,83,'Eligendi quam animi nulla doloribus iusto. Non dolorem eius hic quaerat eveniet. Alias enim debitis delectus nihil consequatur libero ut. Blanditiis praesentium voluptatem quas minima.','2008-02-05 18:30:07'),(47,24,7,'Nam illo quas natus dolorum odit voluptas. Cupiditate laborum reprehenderit ipsam. Quibusdam dicta explicabo ut molestiae ut nostrum id. Et ad eum modi neque alias quam error quo.','2008-02-21 01:53:22'),(48,83,73,'Nam qui quia temporibus hic. Totam eveniet rerum quae. Aliquid enim ea laborum id doloribus.','2017-08-20 02:41:28'),(49,50,91,'Harum fugit unde perferendis rerum ex adipisci facere. Qui assumenda velit ullam totam enim optio et. Cupiditate quo itaque quos voluptas. Reprehenderit non aut ratione sint.','1971-05-12 16:37:58'),(50,61,11,'Distinctio sed quis quod fugiat aperiam nihil voluptatem. Modi eveniet quae veritatis eos fuga.','1984-05-07 14:32:28'),(51,91,63,'Voluptatum facere voluptas qui ea sapiente eum sed. Totam iure quidem soluta. Ipsum expedita magni similique dolor sit at laboriosam. Quis aspernatur libero ea et natus.','2014-07-25 19:54:43'),(52,32,5,'Ex et labore aut voluptas doloremque qui sint sit. Ducimus quisquam et nihil. Dolorem voluptatem qui voluptatem autem. Ut rem aut quod sapiente voluptas ea voluptas ut.','1985-08-12 07:07:00'),(53,87,80,'Eaque nobis nesciunt est adipisci. Voluptatum rem quis corporis facilis placeat. Et autem illo dolorem dolorem praesentium.','1998-10-15 12:01:44'),(54,33,81,'Aspernatur porro odit aspernatur suscipit libero esse. Corrupti aut qui qui tempora. Non exercitationem iure explicabo voluptatum.','2011-09-03 04:46:25'),(55,97,71,'Doloremque numquam vel quae perferendis atque. Ut consectetur id officia odio quae vero assumenda provident.','2003-03-17 01:40:48'),(56,28,63,'Numquam provident optio eligendi laboriosam aspernatur qui. Quo repellendus impedit minus ut neque recusandae. Molestiae doloribus sint ex aut quidem nihil. Officia perspiciatis cum qui et id est incidunt.','1977-06-27 22:26:51'),(57,23,78,'Quia amet ipsam sint sequi. Amet cupiditate accusamus iusto veniam odit magnam commodi. Deleniti in dolorem delectus ex sint excepturi quibusdam. Ducimus voluptatum sint vel cumque labore quod.','2011-04-26 08:32:43'),(58,71,71,'Nihil dolores ipsa magnam ea unde. Architecto aliquam rerum saepe doloremque amet ea. Aut vitae unde laudantium. Animi maiores sit soluta neque.','2004-10-12 16:24:38'),(59,66,64,'Qui vero quia cum assumenda temporibus ullam numquam vel. Quae tenetur quo rem distinctio voluptatem nisi. Voluptatem est a possimus et ut dolor.','1991-11-23 11:52:11'),(60,91,27,'Cum est dolorem aut velit dolores. Veritatis quisquam voluptatibus aut ut sunt et. Modi suscipit perspiciatis vitae debitis non nihil. Voluptas et quis ducimus asperiores culpa nulla ut.','2011-07-16 11:42:47'),(61,100,37,'Asperiores dignissimos adipisci sit. Ratione et velit nostrum ipsum vel. Voluptatem ab voluptas consequuntur porro et. Minima perferendis consequatur earum qui deleniti deserunt mollitia ipsum.','1981-04-24 05:25:22'),(62,9,23,'Distinctio tenetur eaque id natus autem accusantium. Laborum dicta eum aut modi beatae eos.','1993-01-11 03:10:17'),(63,43,91,'Libero maiores magni eaque quae qui sapiente velit. Doloremque officiis ea mollitia doloribus nobis rerum rerum. Dignissimos aut molestias dolor. Qui unde velit ducimus id at voluptate quis praesentium.','1978-05-19 03:49:33'),(64,96,93,'Expedita quia laboriosam officia inventore. Enim aut numquam aut. Est explicabo facilis sed sint qui. Amet laborum et et et nulla aut deleniti.','2008-04-09 13:35:38'),(65,81,56,'Perspiciatis sit maxime doloribus culpa. Iure alias qui minima culpa. Perferendis quis consequuntur debitis et possimus et eos.','1997-04-10 20:21:34'),(66,3,71,'Sint et mollitia quidem quidem recusandae temporibus quas maxime. In illo earum amet sit asperiores. Nihil sit perferendis sapiente accusamus. Quis ab odio et totam nesciunt eos nam aut.','1998-08-29 22:12:41'),(67,19,35,'Eveniet eveniet voluptatem molestiae harum molestiae voluptas. Expedita commodi consequuntur rem est sint quia est. Aut nisi qui libero accusamus sunt et consequatur sed. Ut deserunt sit cupiditate laudantium.','1977-04-28 07:40:36'),(68,76,5,'Libero non voluptate sed ab dolore aut. Voluptas quia pariatur ad alias exercitationem corrupti. Asperiores eum quos assumenda odio omnis vero non. Dolores nemo cumque quidem iure voluptas fuga.','2011-06-18 06:26:12'),(69,14,9,'Ut in officiis et quis corrupti dolores ut. Et placeat ut nam similique natus expedita. Omnis aperiam ipsam dolorum culpa qui molestiae ea et. Neque odit nostrum veritatis.','1998-10-15 03:35:10'),(70,85,10,'Sed omnis et ratione distinctio aut dolorem. Nemo odit aut saepe eaque molestiae eum ut. Molestias qui error natus natus dolore.','2017-08-10 18:57:17'),(71,80,12,'Qui eum excepturi voluptas eveniet libero. Sit nostrum sit cum tempore qui hic culpa. Amet quia eum debitis nesciunt provident est ut. Officia dolores nostrum sint ut.','2016-12-07 23:12:12'),(72,73,2,'Voluptas iste sunt aut. Voluptas suscipit quia repellat optio explicabo asperiores. Voluptas ullam ut laboriosam deleniti non eius reiciendis dolore.','1998-07-24 21:53:08'),(73,89,44,'Est eos est quisquam omnis impedit laboriosam. Rerum vero voluptatem quos aut in dicta. Neque dignissimos aut dolore natus reiciendis ut qui fugiat.','1992-09-03 07:31:07'),(74,73,55,'Iure id temporibus dolore hic est exercitationem. Velit nam consequuntur eos voluptatem voluptatum. Aspernatur saepe sed eum fuga quia quod aut.','2017-03-14 03:37:05'),(75,7,63,'Ad veritatis animi minima accusantium tempora aspernatur deleniti. Veniam animi voluptatem velit aspernatur qui. A ut recusandae culpa totam velit eum. Sit amet quas laborum earum et eos unde.','1996-08-22 19:49:12'),(76,81,7,'Voluptas expedita similique explicabo quidem tenetur ut earum. Enim blanditiis est ab dicta voluptatem veritatis veritatis.','2013-08-13 05:21:41'),(77,100,90,'Architecto animi molestiae doloribus iste reprehenderit. Reprehenderit perferendis repudiandae amet numquam voluptatem. Recusandae aut omnis quidem cupiditate dolores nesciunt ex. Consequatur voluptatem vel blanditiis est. Sint tenetur sed eligendi pariatur consequuntur.','2005-07-02 21:24:40'),(78,29,43,'Eum libero omnis commodi recusandae recusandae aut. Animi dolorem voluptatum tenetur et fuga qui. Laudantium aut labore voluptas corporis adipisci.','1986-08-16 04:28:43'),(79,80,24,'Nostrum adipisci illum rem perspiciatis. Temporibus vel molestiae sunt suscipit rerum. Enim assumenda beatae animi quam occaecati ratione consequatur. Omnis minima in sint dignissimos maxime molestias.','1997-05-04 05:43:20'),(80,35,61,'In nam totam alias dolorem quisquam sint quia. Officia ipsum quod quis ab in velit quo. Maiores voluptatum et totam officia temporibus id velit.','2000-10-28 12:39:19'),(81,80,38,'Illum repellat ea autem. Reiciendis nobis id quas dolor quaerat perspiciatis beatae.','2005-02-16 22:15:14'),(82,32,98,'Voluptas qui qui nulla quas asperiores consequuntur. Labore sed molestiae unde sint et vitae. Rerum id asperiores omnis eveniet.','1980-04-20 03:34:55'),(83,72,7,'Velit sunt molestiae sit et. Mollitia reprehenderit consequatur odio aliquid consequuntur voluptatem accusantium. Assumenda aut excepturi iste ut temporibus quis magni.','1984-01-09 03:16:30'),(84,3,86,'Hic asperiores reiciendis ea cum. Aut molestiae deleniti aut delectus. Autem harum rerum ut a. Sint qui sed exercitationem totam.','1991-09-16 16:24:45'),(85,16,87,'Est veniam id dignissimos ea nostrum neque. Alias ex cupiditate incidunt hic eos ex in. Nam dicta dolor saepe ut rem et enim.','1978-06-08 02:32:41'),(86,96,95,'Facilis fuga est voluptatem vel voluptatem libero. Amet quia omnis asperiores architecto nihil.','1994-04-09 01:04:50'),(87,99,68,'Eius totam voluptatum eius ut qui ex. Et reprehenderit corrupti quia. Doloremque saepe dolore magni libero sed magnam minima. Reprehenderit vitae fugit iusto necessitatibus voluptatem fuga est.','1995-12-11 18:11:28'),(88,97,88,'Nisi distinctio aut sed praesentium laborum aut non. Rerum modi suscipit aperiam molestiae. Qui accusamus dolore fugiat repudiandae consequatur.','1985-01-08 16:02:51'),(89,12,69,'Alias quibusdam et ut quae. Assumenda sunt fuga numquam iusto. Sapiente eligendi dolorum provident sit.','1994-03-27 21:38:21'),(90,43,18,'Amet eveniet corrupti voluptatem iusto. Repellat nulla sed minima. Deserunt consequuntur quasi veritatis voluptatem ratione earum fuga. Et quos quis eum sed est unde ratione.','1980-05-03 14:52:48'),(91,32,23,'Exercitationem id omnis et non ut cumque adipisci. Repellat quia quaerat qui occaecati aliquid reiciendis et. Rem ea magnam quae quod enim. Et non cumque omnis quo. Dolor odio vitae sit perferendis.','2004-05-24 14:32:21'),(92,24,32,'Aut est maxime quasi mollitia distinctio ut repudiandae. Tempora eligendi culpa eos. Qui non minima ipsa perferendis possimus atque at. Omnis sed iste doloremque soluta suscipit corrupti.','1987-08-01 18:26:02'),(93,12,53,'Eos iste iusto dolores est et. Corporis animi at voluptatem cum veritatis illo. Eum est alias error ea quasi rerum.','2000-05-07 18:26:50'),(94,75,92,'Facilis odio animi numquam qui est omnis consequatur. Quam labore voluptas expedita velit et.','2008-02-07 23:02:37'),(95,77,10,'Harum id quaerat porro. Beatae deserunt consequatur sit voluptatem sit. Reprehenderit quidem recusandae ab eum dignissimos sed aut. Possimus voluptatem porro at maiores repellendus ipsum.','1990-07-09 16:16:35'),(96,52,56,'Quo at quisquam aperiam molestiae. Aperiam ullam incidunt et voluptatem corrupti pariatur temporibus. Soluta eaque non vero nihil.','1998-06-07 10:37:33'),(97,47,83,'Voluptates ipsam corrupti dolor. Odio optio magnam maxime a dolorem. Vel est magni soluta voluptatem ab voluptatem voluptas enim. Aut rem possimus occaecati repudiandae deserunt.','2014-09-26 20:47:19'),(98,53,19,'Sint sit error enim similique. Consequuntur similique facere rerum distinctio.','1995-08-26 04:01:26'),(99,90,56,'Aut neque nostrum aut fugit nobis esse. Pariatur consequatur modi delectus est aut. Asperiores quidem labore magnam impedit.','1978-03-20 08:33:19'),(100,4,5,'Incidunt sunt possimus ut et. Voluptatem et alias earum iure adipisci suscipit et autem. Voluptatibus officia nihil culpa aut omnis.','1981-08-15 17:44:54');
/*!40000 ALTER TABLE `messages` ENABLE KEYS */;
UNLOCK TABLES;

--
-- Table structure for table `photo_albums`
--

DROP TABLE IF EXISTS `photo_albums`;
/*!40101 SET @saved_cs_client     = @@character_set_client */;
/*!50503 SET character_set_client = utf8mb4 */;
CREATE TABLE `photo_albums` (
  `id` bigint unsigned NOT NULL AUTO_INCREMENT,
  `name` varchar(255) CHARACTER SET utf8 COLLATE utf8_unicode_ci DEFAULT NULL,
  `user_id` bigint unsigned NOT NULL,
  PRIMARY KEY (`id`),
  UNIQUE KEY `id` (`id`),
  KEY `user_id` (`user_id`),
  CONSTRAINT `photo_albums_ibfk_1` FOREIGN KEY (`user_id`) REFERENCES `users` (`id`)
) ENGINE=InnoDB AUTO_INCREMENT=101 DEFAULT CHARSET=utf8 COLLATE=utf8_unicode_ci;
/*!40101 SET character_set_client = @saved_cs_client */;

--
-- Dumping data for table `photo_albums`
--

LOCK TABLES `photo_albums` WRITE;
/*!40000 ALTER TABLE `photo_albums` DISABLE KEYS */;
INSERT INTO `photo_albums` VALUES (1,'Aut optio illum ut quaerat et enim.',1),(2,'A distinctio beatae ut sit sapiente voluptate explicabo dicta.',2),(3,'Consequatur qui quis enim dolorum mollitia et dolorem sed.',3),(4,'Mollitia at consequuntur molestias consequatur harum impedit at.',4),(5,'In ratione rerum id velit ipsa et ullam.',5),(6,'Pariatur provident itaque quam nisi ipsam culpa.',6),(7,'Ex sit ipsam beatae impedit quibusdam.',7),(8,'Id tenetur quia nihil aut non.',8),(9,'Facilis dolores sequi recusandae possimus blanditiis laudantium consectetur eius.',9),(10,'In ducimus ipsam ut nisi labore nihil nisi quia.',10),(11,'Quasi qui cum qui tempora velit.',11),(12,'Et alias quos nihil dolor.',12),(13,'Enim aut in qui ipsum architecto earum.',13),(14,'Omnis voluptatibus eveniet inventore voluptatem.',14),(15,'Reiciendis doloremque consequatur asperiores quia sint.',15),(16,'Autem est harum nesciunt sapiente consectetur ad non.',16),(17,'Consequatur incidunt harum et molestiae.',17),(18,'Molestiae aut ad sapiente tempore et corporis aspernatur nisi.',18),(19,'Sed sed eum aut aperiam.',19),(20,'Eaque omnis dolorem consequatur saepe saepe.',20),(21,'Debitis ut aliquam inventore tenetur fugit qui minima odit.',21),(22,'Vero sed qui quia ut et recusandae eius pariatur.',22),(23,'Iure amet et ut quas doloremque.',23),(24,'Nihil earum quaerat omnis vel nam vero.',24),(25,'Amet ratione ut ea.',25),(26,'Illo nam totam qui qui libero magnam non quis.',26),(27,'Omnis perferendis molestiae reprehenderit commodi praesentium voluptate accusantium.',27),(28,'Iusto aperiam unde impedit et et reprehenderit rerum.',28),(29,'Magni consequatur nostrum iste consequuntur autem.',29),(30,'Impedit nemo quam nulla quam reiciendis voluptas.',30),(31,'Odit aut at consequatur porro ea vel.',31),(32,'Excepturi quae ex harum voluptas aspernatur.',32),(33,'Architecto voluptatem deserunt debitis corporis possimus culpa.',33),(34,'Rerum aut aliquam ab veritatis quia iste ut.',34),(35,'Voluptatem suscipit tempore tempore est placeat.',35),(36,'Non tempora explicabo alias facilis.',36),(37,'Qui ipsa doloribus est sit ut.',37),(38,'Rerum tempora velit excepturi quis eum.',38),(39,'Est quisquam dolor vero aut.',39),(40,'Sit accusantium sit repellendus laudantium deserunt et.',40),(41,'Soluta non quaerat quaerat ut.',41),(42,'Et natus aliquid fugiat et at.',42),(43,'Nulla illum tenetur distinctio qui perspiciatis.',43),(44,'Ut pariatur voluptatem sed suscipit ea ipsam quia.',44),(45,'Unde non nam et.',45),(46,'Quisquam exercitationem vel consectetur earum.',46),(47,'Beatae assumenda nihil dolorem totam.',47),(48,'Voluptatum sed quam incidunt pariatur.',48),(49,'Dolor tempore corrupti voluptate recusandae sint non eius impedit.',49),(50,'Rem officiis error accusamus non quaerat consequatur ullam et.',50),(51,'Accusamus eius animi delectus excepturi.',51),(52,'Ipsam et unde molestiae autem explicabo.',52),(53,'Ea dolorem neque et vel velit aliquid.',53),(54,'Consequatur labore est id eaque omnis accusantium illo aperiam.',54),(55,'Totam sint voluptatem magnam dolor molestiae at velit architecto.',55),(56,'Possimus assumenda dolorum voluptatem distinctio consequatur aut.',56),(57,'Quia sint nostrum quia.',57),(58,'Quis et corporis fugiat minima.',58),(59,'Laborum cum consequuntur consequatur soluta.',59),(60,'Est dolorem alias veritatis ut est.',60),(61,'Et alias aut et recusandae quia.',61),(62,'Sequi delectus aut voluptate libero eos.',62),(63,'Iure dignissimos ipsa placeat consequatur et.',63),(64,'Sit ut doloremque voluptates consequatur et quisquam.',64),(65,'Qui quidem vel facilis quod.',65),(66,'Eum voluptatem eos omnis quo voluptas.',66),(67,'Hic deleniti fuga cum et.',67),(68,'Delectus dolorem assumenda voluptatibus eveniet possimus itaque sit.',68),(69,'Animi repudiandae voluptatem molestias corrupti itaque.',69),(70,'Repellendus explicabo ea maiores accusamus molestiae fuga omnis.',70),(71,'Tempore est sit similique quidem voluptate error.',71),(72,'Quia voluptate est veniam officiis vero.',72),(73,'Nostrum aut impedit cum deserunt similique autem sed.',73),(74,'Ab similique placeat corrupti cupiditate sed est.',74),(75,'Quis necessitatibus et pariatur et consequatur eius aut.',75),(76,'Eaque vel voluptas aut itaque enim modi.',76),(77,'Aut sunt sequi ducimus expedita ea expedita.',77),(78,'Facilis molestias aliquid itaque est ut.',78),(79,'Ea totam ea sunt eum praesentium fugiat maxime laudantium.',79),(80,'Explicabo mollitia enim illo ab.',80),(81,'Impedit nihil officiis possimus et et.',81),(82,'Ullam recusandae repudiandae aliquam quod.',82),(83,'Recusandae quia occaecati quia quia est mollitia.',83),(84,'Magnam iste labore aliquid sit sint.',84),(85,'Placeat officiis aliquam excepturi ratione magnam consequatur quia.',85),(86,'Delectus et quam possimus eum porro magnam.',86),(87,'Sed voluptatem ratione eius sed facere est libero laborum.',87),(88,'Aspernatur voluptatibus error odio rerum consequuntur quasi corrupti.',88),(89,'Explicabo non sed hic qui consectetur.',89),(90,'Voluptas numquam voluptas odio quo ad asperiores ut.',90),(91,'Officia est rerum quidem expedita.',91),(92,'Qui vel ipsam ipsam voluptas.',92),(93,'Veniam itaque doloremque laborum quia cupiditate earum.',93),(94,'Voluptatum dolores necessitatibus possimus doloremque quidem.',94),(95,'Accusantium est saepe voluptas autem velit ipsam saepe vero.',95),(96,'Fuga delectus tempore quod.',96),(97,'Consequatur dolores laboriosam nemo cumque nesciunt.',97),(98,'Quaerat qui consequatur omnis et id dolor sunt.',98),(99,'Dolores qui ea architecto debitis voluptatem.',99),(100,'Autem aut et consequuntur temporibus qui inventore eius.',100);
/*!40000 ALTER TABLE `photo_albums` ENABLE KEYS */;
UNLOCK TABLES;

--
-- Table structure for table `photos`
--

DROP TABLE IF EXISTS `photos`;
/*!40101 SET @saved_cs_client     = @@character_set_client */;
/*!50503 SET character_set_client = utf8mb4 */;
CREATE TABLE `photos` (
  `id` bigint unsigned NOT NULL AUTO_INCREMENT,
  `album_id` bigint unsigned NOT NULL,
  `media_id` bigint unsigned NOT NULL,
  PRIMARY KEY (`id`),
  KEY `album_id` (`album_id`),
  KEY `media_id` (`media_id`),
  CONSTRAINT `photos_ibfk_1` FOREIGN KEY (`album_id`) REFERENCES `photo_albums` (`id`),
  CONSTRAINT `photos_ibfk_2` FOREIGN KEY (`media_id`) REFERENCES `media` (`id`)
) ENGINE=InnoDB AUTO_INCREMENT=101 DEFAULT CHARSET=utf8 COLLATE=utf8_unicode_ci;
/*!40101 SET character_set_client = @saved_cs_client */;

--
-- Dumping data for table `photos`
--

LOCK TABLES `photos` WRITE;
/*!40000 ALTER TABLE `photos` DISABLE KEYS */;
INSERT INTO `photos` VALUES (1,27,1),(2,95,2),(3,83,3),(4,85,4),(5,45,5),(6,47,6),(7,26,7),(8,4,8),(9,84,9),(10,87,10),(11,82,11),(12,23,12),(13,32,13),(14,71,14),(15,43,15),(16,92,16),(17,90,17),(18,45,18),(19,56,19),(20,30,20),(21,95,21),(22,100,22),(23,5,23),(24,63,24),(25,90,25),(26,63,26),(27,95,27),(28,96,28),(29,9,29),(30,95,30),(31,28,31),(32,36,32),(33,89,33),(34,11,34),(35,21,35),(36,33,36),(37,57,37),(38,46,38),(39,37,39),(40,40,40),(41,33,41),(42,19,42),(43,62,43),(44,65,44),(45,90,45),(46,5,46),(47,56,47),(48,80,48),(49,49,49),(50,12,50),(51,9,51),(52,44,52),(53,12,53),(54,14,54),(55,7,55),(56,1,56),(57,76,57),(58,2,58),(59,97,59),(60,85,60),(61,96,61),(62,24,62),(63,21,63),(64,85,64),(65,35,65),(66,41,66),(67,17,67),(68,91,68),(69,87,69),(70,54,70),(71,31,71),(72,19,72),(73,73,73),(74,93,74),(75,83,75),(76,62,76),(77,97,77),(78,39,78),(79,41,79),(80,46,80),(81,51,81),(82,50,82),(83,90,83),(84,62,84),(85,64,85),(86,97,86),(87,63,87),(88,40,88),(89,98,89),(90,59,90),(91,24,91),(92,93,92),(93,83,93),(94,45,94),(95,77,95),(96,18,96),(97,85,97),(98,94,98),(99,8,99),(100,71,100);
/*!40000 ALTER TABLE `photos` ENABLE KEYS */;
UNLOCK TABLES;

--
-- Table structure for table `posts`
--

DROP TABLE IF EXISTS `posts`;
/*!40101 SET @saved_cs_client     = @@character_set_client */;
/*!50503 SET character_set_client = utf8mb4 */;
CREATE TABLE `posts` (
  `id` bigint unsigned NOT NULL AUTO_INCREMENT,
  `title` varchar(150) DEFAULT NULL COMMENT 'заголовок к посту',
  `body` text COMMENT 'текст к посту',
  `user_id` bigint unsigned NOT NULL,
  `media_id` bigint unsigned NOT NULL COMMENT 'медиафайл к посту',
  `metadata` json DEFAULT NULL,
  `created_at` datetime DEFAULT CURRENT_TIMESTAMP,
  `updated_at` datetime DEFAULT CURRENT_TIMESTAMP ON UPDATE CURRENT_TIMESTAMP,
  PRIMARY KEY (`id`),
  UNIQUE KEY `id` (`id`),
  KEY `media_id` (`media_id`),
  KEY `user_idx` (`user_id`),
  KEY `title_idx` (`title`),
  CONSTRAINT `posts_ibfk_1` FOREIGN KEY (`user_id`) REFERENCES `users` (`id`),
  CONSTRAINT `posts_ibfk_2` FOREIGN KEY (`media_id`) REFERENCES `media` (`id`)
) ENGINE=InnoDB DEFAULT CHARSET=utf8mb4 COLLATE=utf8mb4_0900_ai_ci;
/*!40101 SET character_set_client = @saved_cs_client */;

--
-- Dumping data for table `posts`
--

LOCK TABLES `posts` WRITE;
/*!40000 ALTER TABLE `posts` DISABLE KEYS */;
/*!40000 ALTER TABLE `posts` ENABLE KEYS */;
UNLOCK TABLES;

--
-- Table structure for table `profiles`
--

DROP TABLE IF EXISTS `profiles`;
/*!40101 SET @saved_cs_client     = @@character_set_client */;
/*!50503 SET character_set_client = utf8mb4 */;
CREATE TABLE `profiles` (
  `user_id` bigint unsigned NOT NULL AUTO_INCREMENT,
  `gender` char(1) CHARACTER SET utf8 COLLATE utf8_unicode_ci DEFAULT NULL,
  `birthday` datetime DEFAULT NULL,
  `photo_id` bigint unsigned DEFAULT NULL,
  `created_at` datetime DEFAULT CURRENT_TIMESTAMP,
  `hometown` varchar(100) CHARACTER SET utf8 COLLATE utf8_unicode_ci DEFAULT NULL,
  PRIMARY KEY (`user_id`),
  CONSTRAINT `profiles_ibfk_1` FOREIGN KEY (`user_id`) REFERENCES `users` (`id`)
) ENGINE=InnoDB AUTO_INCREMENT=101 DEFAULT CHARSET=utf8 COLLATE=utf8_unicode_ci;
/*!40101 SET character_set_client = @saved_cs_client */;

--
-- Dumping data for table `profiles`
--

LOCK TABLES `profiles` WRITE;
/*!40000 ALTER TABLE `profiles` DISABLE KEYS */;
INSERT INTO `profiles` VALUES (1,'m','2013-02-21 00:50:20',1,'2004-03-17 14:49:08',' London'),(2,'m','1972-09-11 15:00:47',2,'2003-11-27 01:42:55',' Berlin'),(3,'m','1991-11-15 12:10:28',3,'2014-03-10 09:46:07',' Berlin'),(4,'f','2003-07-09 09:41:08',4,'2017-09-30 14:29:41',' Berlin'),(5,'m','1988-06-15 11:15:58',5,'2010-03-05 14:40:24',' London'),(6,'m','2005-02-19 23:26:39',6,'1973-10-13 21:53:16','Moscow'),(7,'f','1977-04-17 01:32:45',7,'2003-09-12 04:42:55','Moscow'),(8,'m','1991-05-05 00:23:17',8,'1974-07-21 23:57:30','Moscow'),(9,'f','1993-09-23 07:03:08',9,'1970-08-04 14:50:29',' Berlin'),(10,'m','1993-09-30 03:51:29',10,'2003-11-14 20:18:48',' Berlin'),(11,'f','2012-09-09 11:32:23',11,'2003-08-13 15:08:40',' Berlin'),(12,'f','1975-08-19 05:26:33',12,'2008-03-26 10:49:09',' Berlin'),(13,'f','2002-07-13 02:46:54',13,'2014-05-23 14:56:51','Moscow'),(14,'f','1983-06-25 23:12:31',14,'1988-08-26 23:36:36','Moscow'),(15,'f','1976-09-07 17:38:04',15,'1993-06-28 12:03:19','Moscow'),(16,'f','1975-11-26 14:47:37',16,'1973-08-20 18:39:05',' Berlin'),(17,'f','1988-07-28 04:42:28',17,'2005-07-08 21:12:34',' Berlin'),(18,'m','2016-12-02 12:03:46',18,'1991-11-13 08:55:19',' London'),(19,'f','1985-01-15 17:13:43',19,'1981-01-10 03:49:33',' London'),(20,'m','2000-01-03 19:27:42',20,'2019-01-13 18:11:05',' London'),(21,'m','2019-08-11 00:11:15',21,'1983-08-03 19:48:36',' London'),(22,'f','2019-04-17 00:50:18',22,'1977-06-28 05:49:10',' Berlin'),(23,'m','1992-08-27 11:44:56',23,'2008-01-19 10:58:33',' London'),(24,'f','1983-04-15 17:19:23',24,'2017-07-17 18:08:09','Moscow'),(25,'f','2002-02-13 11:16:19',25,'1980-12-12 23:36:06',' Berlin'),(26,'m','1972-10-08 06:18:31',26,'1995-09-05 14:19:21',' Berlin'),(27,'m','1993-05-01 15:50:21',27,'2000-05-16 23:26:28',' London'),(28,'f','2003-02-20 18:38:36',28,'1997-09-19 05:56:47',' Berlin'),(29,'m','1987-05-28 10:23:15',29,'2016-08-07 11:17:17',' London'),(30,'f','1997-12-11 00:16:37',30,'2001-03-19 11:24:15','Moscow'),(31,'f','2019-09-24 16:10:27',31,'1988-07-31 03:44:10','Moscow'),(32,'m','2004-05-11 06:06:11',32,'1999-09-17 11:04:31',' Berlin'),(33,'m','2011-08-28 03:21:52',33,'2002-07-31 10:30:23',' London'),(34,'f','2003-07-15 00:03:30',34,'1998-03-23 18:46:32',' London'),(35,'m','1987-04-16 22:59:44',35,'2004-05-26 18:17:47',' London'),(36,'f','2014-07-18 16:00:54',36,'1975-04-20 00:48:43','Moscow'),(37,'f','1990-06-16 08:45:45',37,'1996-04-09 01:22:42','Moscow'),(38,'m','1979-11-30 15:32:51',38,'2000-12-07 12:19:43',' Berlin'),(39,'m','2017-03-04 06:44:05',39,'2009-06-17 03:56:26',' London'),(40,'m','2019-02-10 10:27:40',40,'2003-11-29 06:25:59','Moscow'),(41,'m','2019-03-07 09:53:17',41,'1996-05-25 04:32:05',' Berlin'),(42,'m','1995-12-05 05:43:34',42,'1994-02-13 20:48:20',' London'),(43,'m','1996-02-19 12:55:45',43,'2013-01-01 15:54:21','Moscow'),(44,'m','2014-10-06 13:25:44',44,'1970-10-21 18:22:38',' Berlin'),(45,'f','1996-06-06 22:28:07',45,'2004-08-14 09:44:18',' Berlin'),(46,'m','1974-06-03 21:48:04',46,'1987-06-24 11:55:29',' London'),(47,'f','2011-03-26 21:02:33',47,'2008-08-14 11:51:09',' London'),(48,'f','1997-04-07 05:41:29',48,'2008-01-17 17:58:58',' London'),(49,'f','2017-09-19 21:27:08',49,'1986-07-08 06:55:12',' London'),(50,'m','2009-12-28 18:30:47',50,'2000-10-05 21:47:38',' Berlin'),(51,'m','1996-04-14 10:57:32',51,'1999-11-14 22:40:49',' London'),(52,'m','2005-12-07 11:42:23',52,'2019-08-03 03:27:36',' Berlin'),(53,'m','1974-09-15 09:47:51',53,'2008-10-26 22:07:11','Moscow'),(54,'f','2005-07-03 05:07:03',54,'2019-01-08 03:47:39','Moscow'),(55,'f','2019-12-21 06:08:14',55,'1980-01-26 14:14:42',' Berlin'),(56,'m','1979-03-03 03:52:03',56,'1988-01-14 00:42:18','Moscow'),(57,'f','1978-03-12 04:50:44',57,'1983-01-23 08:18:15','Moscow'),(58,'m','2016-09-18 14:47:37',58,'2006-04-23 22:15:29','Moscow'),(59,'f','1994-07-12 13:37:25',59,'2008-03-31 18:33:51',' London'),(60,'m','2007-10-25 11:22:14',60,'1978-10-20 16:07:37','Moscow'),(61,'m','2000-07-29 12:53:22',61,'1970-07-22 06:23:10',' London'),(62,'f','1978-06-18 17:50:30',62,'1972-05-06 08:03:41',' London'),(63,'m','2014-12-27 08:02:58',63,'1992-02-12 18:13:49',' Berlin'),(64,'m','1983-07-26 15:49:40',64,'2012-04-04 18:25:24',' Berlin'),(65,'f','2000-07-14 15:15:13',65,'1979-02-13 02:31:11','Moscow'),(66,'m','1999-09-11 12:56:41',66,'1975-08-07 10:23:39',' Berlin'),(67,'m','1992-12-20 16:48:59',67,'1994-06-21 11:54:43','Moscow'),(68,'f','2009-10-29 23:33:36',68,'2015-07-03 01:33:28','Moscow'),(69,'m','1995-06-03 09:51:52',69,'1970-03-31 13:13:49','Moscow'),(70,'m','1996-12-14 22:15:30',70,'2014-05-17 13:38:49','Moscow'),(71,'m','1979-10-25 10:18:33',71,'2010-12-07 07:21:36',' London'),(72,'f','2015-10-11 07:07:04',72,'1994-09-08 14:12:01','Moscow'),(73,'m','1992-11-27 02:48:39',73,'1992-03-21 20:44:50',' Berlin'),(74,'f','2016-04-11 13:18:09',74,'2004-05-27 10:08:06',' Berlin'),(75,'f','1981-11-09 00:45:30',75,'2020-02-24 04:30:15',' London'),(76,'f','1982-10-31 00:54:38',76,'2016-08-19 17:36:24',' Berlin'),(77,'m','2006-10-12 21:41:16',77,'2005-06-27 01:25:46',' London'),(78,'m','1971-04-06 16:08:50',78,'2019-01-06 03:34:36','Moscow'),(79,'m','1985-09-23 17:38:58',79,'2002-02-03 02:24:46','Moscow'),(80,'m','2004-12-05 22:11:45',80,'2002-05-07 06:52:30',' London'),(81,'f','2015-05-06 05:42:33',81,'1995-09-14 05:05:37','Moscow'),(82,'f','2011-02-24 17:34:06',82,'1985-01-25 23:42:04','Moscow'),(83,'m','1999-12-25 08:30:20',83,'2017-02-09 16:04:03','Moscow'),(84,'m','1971-04-18 20:15:07',84,'1998-03-18 04:40:19','Moscow'),(85,'f','1984-07-08 20:30:40',85,'2011-05-16 01:45:48',' Berlin'),(86,'f','2013-05-07 20:08:58',86,'2000-04-17 06:42:39',' Berlin'),(87,'f','2003-12-17 22:37:00',87,'2010-08-30 22:50:01',' London'),(88,'m','2018-03-05 20:02:57',88,'2006-08-10 12:04:09',' London'),(89,'m','1973-08-27 05:56:41',89,'2008-09-05 14:56:27',' Berlin'),(90,'m','1981-03-15 04:14:10',90,'1980-08-22 10:43:45',' London'),(91,'m','1975-01-22 01:35:17',91,'2019-10-12 19:16:48','Moscow'),(92,'m','2012-06-21 02:42:48',92,'1989-10-07 20:31:50',' London'),(93,'m','1978-05-06 14:44:35',93,'1974-08-21 22:17:55','Moscow'),(94,'m','1990-03-04 01:53:56',94,'2015-01-13 23:56:31','Moscow'),(95,'f','1975-07-05 14:30:53',95,'1995-06-03 02:59:02',' Berlin'),(96,'m','1970-06-04 23:30:13',96,'1981-02-23 00:35:23','Moscow'),(97,'f','2012-10-12 17:40:27',97,'2005-07-25 22:50:52',' London'),(98,'f','1997-11-02 01:15:34',98,'1982-06-26 14:55:34',' London'),(99,'m','1990-07-01 13:04:08',99,'1993-06-17 23:36:08',' London'),(100,'f','1981-06-04 19:17:29',100,'1980-12-09 23:06:57',' London');
/*!40000 ALTER TABLE `profiles` ENABLE KEYS */;
UNLOCK TABLES;

--
-- Table structure for table `users`
--

DROP TABLE IF EXISTS `users`;
/*!40101 SET @saved_cs_client     = @@character_set_client */;
/*!50503 SET character_set_client = utf8mb4 */;
CREATE TABLE `users` (
  `id` bigint unsigned NOT NULL AUTO_INCREMENT,
  `firstname` varchar(50) CHARACTER SET utf8 COLLATE utf8_unicode_ci DEFAULT NULL,
  `lastname` varchar(50) CHARACTER SET utf8 COLLATE utf8_unicode_ci DEFAULT NULL,
  `email` varchar(100) CHARACTER SET utf8 COLLATE utf8_unicode_ci DEFAULT NULL,
  `phone` bigint DEFAULT NULL,
  PRIMARY KEY (`id`),
  UNIQUE KEY `email` (`email`),
  KEY `users_phone_index` (`phone`),
  KEY `users_name_index` (`firstname`,`lastname`)
) ENGINE=InnoDB AUTO_INCREMENT=101 DEFAULT CHARSET=utf8 COLLATE=utf8_unicode_ci;
/*!40101 SET character_set_client = @saved_cs_client */;

--
-- Dumping data for table `users`
--

LOCK TABLES `users` WRITE;
/*!40000 ALTER TABLE `users` DISABLE KEYS */;
INSERT INTO `users` VALUES (1,'Ellis','Lowe','ischroeder@example.com',389),(2,'Darrel','Gutkowski','candido47@example.com',1),(3,'Else','Greenfelder','gisselle31@example.net',89953),(4,'Kobe','Hilll','altenwerth.brandyn@example.org',484436),(5,'Hattie','Cartwright','fabiola.rodriguez@example.net',1),(6,'Ines','Johnston','nicola27@example.com',0),(7,'Norma','Hudson','eryn.upton@example.org',950),(8,'Shea','Sawayn','ned91@example.com',1),(9,'Gennaro','Price','qstiedemann@example.net',776),(10,'Angela','Schulist','zion.brown@example.net',3786624750),(11,'Elinore','Bogan','robyn.morissette@example.org',0),(12,'Adrien','Weber','dawn36@example.org',0),(13,'Ronaldo','Mayer','effie52@example.com',0),(14,'Alberto','Medhurst','mosciski.marion@example.net',0),(15,'Deontae','Ruecker','laura78@example.net',0),(16,'Clementina','Kuhlman','jpaucek@example.org',547),(17,'Kristin','Schmeler','reichert.rylan@example.org',1),(18,'Stuart','Dickinson','rodolfo77@example.org',33),(19,'Rossie','Olson','ymccullough@example.net',0),(20,'Nickolas','Daniel','olga.blick@example.com',1291338779),(21,'Jolie','Gulgowski','macejkovic.florence@example.org',367687),(22,'Nikolas','Kemmer','dbraun@example.net',0),(23,'Sandrine','Stanton','dudley.koelpin@example.org',1),(24,'Janis','Ferry','bo72@example.org',726011),(25,'Merritt','Deckow','btromp@example.com',7893490206),(26,'Richmond','DuBuque','jarod15@example.net',7372),(27,'Trystan','Volkman','johnathan93@example.com',305),(28,'Bryon','Rolfson','rahul.schinner@example.com',178),(29,'Hertha','Spencer','xward@example.org',5700003654),(30,'Alysa','Roob','baron.hahn@example.org',0),(31,'Shanny','Krajcik','buford.kihn@example.com',621),(32,'Lukas','Rodriguez','upton.andres@example.com',0),(33,'Charles','Hickle','wabernathy@example.net',1),(34,'Enola','Schmitt','abbott.amelia@example.net',9826317065),(35,'Aliyah','OKon','werner.kertzmann@example.net',383),(36,'Baylee','Koelpin','edietrich@example.org',831007),(37,'Rashawn','Smitham','lhalvorson@example.com',1),(38,'Rae','Shanahan','esther84@example.net',443623),(39,'Nikolas','Hoppe','kwhite@example.org',1),(40,'Destiny','Crooks','lenora.jenkins@example.com',0),(41,'Yvonne','Rowe','arnaldo54@example.net',261598),(42,'Coleman','Konopelski','yost.wade@example.com',938803),(43,'Veronica','Schneider','xhagenes@example.org',49),(44,'Frankie','Weimann','saige51@example.org',322678),(45,'Rosetta','Bernhard','bankunding@example.com',937353),(46,'Erna','Harber','lkunze@example.net',8709166672),(47,'Dejah','Green','jaylon.okuneva@example.org',0),(48,'Nick','Ledner','maxwell.jast@example.com',1),(49,'Graham','Bosco','casey.waelchi@example.org',871),(50,'Garland','Welch','zackery85@example.com',0),(51,'Colt','Stiedemann','rjacobson@example.org',875),(52,'Frankie','Hilll','garrison72@example.net',1),(53,'Lavon','Stamm','kallie42@example.org',289780),(54,'Kieran','Lynch','ernesto44@example.com',873),(55,'Fred','Miller','vida58@example.com',529),(56,'Brendon','Shields','beer.jerald@example.net',877),(57,'Sebastian','Upton','kolson@example.org',388564),(58,'Casper','Greenfelder','mitchell.cristian@example.org',439),(59,'Camron','Zieme','xflatley@example.com',1),(60,'Sophia','McGlynn','wpowlowski@example.net',65647),(61,'Evan','Flatley','khalvorson@example.net',0),(62,'Jerome','Schneider','ydoyle@example.org',776),(63,'Aleen','Stokes','gloria83@example.org',1),(64,'Deven','Ferry','koelpin.boris@example.com',549642),(65,'Rossie','Connelly','batz.gracie@example.org',1),(66,'Lea','Torphy','addison.schimmel@example.com',1),(67,'Anissa','Monahan','jaskolski.meaghan@example.net',1075964218),(68,'Aimee','Gibson','cleta.sauer@example.org',324),(69,'Geo','Rogahn','yasmine58@example.org',879215),(70,'Katlyn','Johnston','wdoyle@example.net',2380754364),(71,'Zoie','Breitenberg','ehilpert@example.org',558),(72,'Ernestine','Simonis','mcdermott.heather@example.org',5984323870),(73,'Dax','Schmidt','fay55@example.net',0),(74,'Anthony','Cormier','ereilly@example.org',49565),(75,'Kaleb','OHara','skoss@example.org',252941),(76,'Clark','Kunde','alicia.hackett@example.net',88),(77,'Ally','Mante','demario77@example.com',749549),(78,'Jude','Kassulke','kaylah89@example.org',11435),(79,'Nick','Schumm','vicky.homenick@example.net',0),(80,'Kayleigh','Thiel','keanu.witting@example.org',0),(81,'Lonie','Moore','usipes@example.net',834823),(82,'Retta','Lebsack','deborah.rowe@example.net',871563),(83,'Melody','Langosh','pfeffer.emmett@example.org',1),(84,'Milo','Feeney','bradtke.estelle@example.com',8612289480),(85,'Myles','Crooks','constantin95@example.net',0),(86,'Irwin','Quitzon','otto.halvorson@example.com',923931),(87,'Valentine','Adams','edyth.nicolas@example.com',856461),(88,'Fiona','Nikolaus','wstanton@example.com',122),(89,'Jayme','Boyer','adams.garfield@example.org',776),(90,'Gregory','Rath','wade.rath@example.org',553),(91,'Kaia','Hills','runolfsdottir.adelbert@example.com',541),(92,'Jalyn','Hodkiewicz','schmeler.nicolette@example.net',1),(93,'Shemar','Mohr','ybeatty@example.com',94),(94,'Elroy','Parker','grimes.tod@example.com',1826560736),(95,'William','Kreiger','nlesch@example.org',128),(96,'Dane','Breitenberg','crona.elinore@example.org',7676254701),(97,'Brain','Stoltenberg','irempel@example.com',1),(98,'Isac','Kshlerin','peter63@example.com',0),(99,'Blaise','Pagac','mwaters@example.org',581),(100,'Jamey','Ullrich','ooberbrunner@example.org',1);
/*!40000 ALTER TABLE `users` ENABLE KEYS */;
UNLOCK TABLES;

--
-- Table structure for table `users_communities`
--

DROP TABLE IF EXISTS `users_communities`;
/*!40101 SET @saved_cs_client     = @@character_set_client */;
/*!50503 SET character_set_client = utf8mb4 */;
CREATE TABLE `users_communities` (
  `user_id` bigint unsigned NOT NULL,
  `community_id` bigint unsigned NOT NULL,
  PRIMARY KEY (`user_id`,`community_id`),
  KEY `community_id` (`community_id`),
  CONSTRAINT `users_communities_ibfk_1` FOREIGN KEY (`user_id`) REFERENCES `users` (`id`),
  CONSTRAINT `users_communities_ibfk_2` FOREIGN KEY (`community_id`) REFERENCES `communities` (`id`)
) ENGINE=InnoDB DEFAULT CHARSET=utf8 COLLATE=utf8_unicode_ci;
/*!40101 SET character_set_client = @saved_cs_client */;

--
-- Dumping data for table `users_communities`
--

LOCK TABLES `users_communities` WRITE;
/*!40000 ALTER TABLE `users_communities` DISABLE KEYS */;
INSERT INTO `users_communities` VALUES (20,1),(76,2),(34,3),(41,3),(100,4),(39,5),(40,6),(100,6),(87,8),(32,9),(74,9),(17,10),(33,10),(38,10),(92,16),(72,17),(92,17),(30,20),(18,22),(58,25),(63,27),(80,28),(31,31),(54,31),(63,34),(13,36),(49,36),(59,37),(56,38),(14,40),(32,40),(16,41),(49,41),(63,43),(80,43),(64,47),(73,48),(78,50),(32,51),(55,51),(59,51),(93,51),(35,53),(54,53),(63,54),(2,55),(14,56),(9,58),(87,58),(53,59),(68,62),(4,63),(76,63),(85,63),(89,63),(9,64),(62,64),(76,64),(78,64),(14,65),(40,65),(95,65),(11,67),(18,69),(61,69),(26,70),(89,70),(51,71),(37,72),(19,74),(78,76),(85,76),(91,76),(96,76),(70,78),(96,78),(25,80),(64,80),(60,81),(27,82),(66,82),(28,84),(8,86),(14,86),(54,86),(16,89),(7,90),(39,90),(22,91),(68,91),(50,94),(14,96),(17,96),(86,97),(34,98),(48,98),(66,98),(3,100),(59,100);
/*!40000 ALTER TABLE `users_communities` ENABLE KEYS */;
UNLOCK TABLES;

--
-- Dumping routines for database 'vk'
--
/*!40103 SET TIME_ZONE=@OLD_TIME_ZONE */;

/*!40101 SET SQL_MODE=@OLD_SQL_MODE */;
/*!40014 SET FOREIGN_KEY_CHECKS=@OLD_FOREIGN_KEY_CHECKS */;
/*!40014 SET UNIQUE_CHECKS=@OLD_UNIQUE_CHECKS */;
/*!40101 SET CHARACTER_SET_CLIENT=@OLD_CHARACTER_SET_CLIENT */;
/*!40101 SET CHARACTER_SET_RESULTS=@OLD_CHARACTER_SET_RESULTS */;
/*!40101 SET COLLATION_CONNECTION=@OLD_COLLATION_CONNECTION */;
/*!40111 SET SQL_NOTES=@OLD_SQL_NOTES */;

-- Dump completed on 2020-06-01  2:33:55
