drop database if exists vk;
create database vk;

use vk;

#
# TABLE STRUCTURE FOR: users
#

DROP TABLE IF EXISTS `users`;

CREATE TABLE `users` (
  `id` bigint(20) unsigned NOT NULL AUTO_INCREMENT,
  `firstname` varchar(50) COLLATE utf8_unicode_ci DEFAULT NULL,
  `lastname` varchar(50) COLLATE utf8_unicode_ci DEFAULT NULL,
  `email` varchar(100) COLLATE utf8_unicode_ci DEFAULT NULL,
  `phone` bigint(20) DEFAULT NULL,
  PRIMARY KEY (`id`),
  UNIQUE KEY `email` (`email`),
  KEY `users_phone_index` (`phone`),
  KEY `users_name_index` (`firstname`,`lastname`)
) ENGINE=InnoDB AUTO_INCREMENT=101 DEFAULT CHARSET=utf8 COLLATE=utf8_unicode_ci;

INSERT INTO `users` (`id`, `firstname`, `lastname`, `email`, `phone`) VALUES ('1', 'Ellis', 'Lowe', 'ischroeder@example.com', '389');
INSERT INTO `users` (`id`, `firstname`, `lastname`, `email`, `phone`) VALUES ('2', 'Darrel', 'Gutkowski', 'candido47@example.com', '1');
INSERT INTO `users` (`id`, `firstname`, `lastname`, `email`, `phone`) VALUES ('3', 'Else', 'Greenfelder', 'gisselle31@example.net', '89953');
INSERT INTO `users` (`id`, `firstname`, `lastname`, `email`, `phone`) VALUES ('4', 'Kobe', 'Hilll', 'altenwerth.brandyn@example.org', '484436');
INSERT INTO `users` (`id`, `firstname`, `lastname`, `email`, `phone`) VALUES ('5', 'Hattie', 'Cartwright', 'fabiola.rodriguez@example.net', '1');
INSERT INTO `users` (`id`, `firstname`, `lastname`, `email`, `phone`) VALUES ('6', 'Ines', 'Johnston', 'nicola27@example.com', '0');
INSERT INTO `users` (`id`, `firstname`, `lastname`, `email`, `phone`) VALUES ('7', 'Norma', 'Hudson', 'eryn.upton@example.org', '950');
INSERT INTO `users` (`id`, `firstname`, `lastname`, `email`, `phone`) VALUES ('8', 'Shea', 'Sawayn', 'ned91@example.com', '1');
INSERT INTO `users` (`id`, `firstname`, `lastname`, `email`, `phone`) VALUES ('9', 'Gennaro', 'Price', 'qstiedemann@example.net', '776');
INSERT INTO `users` (`id`, `firstname`, `lastname`, `email`, `phone`) VALUES ('10', 'Angela', 'Schulist', 'zion.brown@example.net', '3786624750');
INSERT INTO `users` (`id`, `firstname`, `lastname`, `email`, `phone`) VALUES ('11', 'Elinore', 'Bogan', 'robyn.morissette@example.org', '0');
INSERT INTO `users` (`id`, `firstname`, `lastname`, `email`, `phone`) VALUES ('12', 'Adrien', 'Weber', 'dawn36@example.org', '0');
INSERT INTO `users` (`id`, `firstname`, `lastname`, `email`, `phone`) VALUES ('13', 'Ronaldo', 'Mayer', 'effie52@example.com', '0');
INSERT INTO `users` (`id`, `firstname`, `lastname`, `email`, `phone`) VALUES ('14', 'Alberto', 'Medhurst', 'mosciski.marion@example.net', '0');
INSERT INTO `users` (`id`, `firstname`, `lastname`, `email`, `phone`) VALUES ('15', 'Deontae', 'Ruecker', 'laura78@example.net', '0');
INSERT INTO `users` (`id`, `firstname`, `lastname`, `email`, `phone`) VALUES ('16', 'Clementina', 'Kuhlman', 'jpaucek@example.org', '547');
INSERT INTO `users` (`id`, `firstname`, `lastname`, `email`, `phone`) VALUES ('17', 'Kristin', 'Schmeler', 'reichert.rylan@example.org', '1');
INSERT INTO `users` (`id`, `firstname`, `lastname`, `email`, `phone`) VALUES ('18', 'Stuart', 'Dickinson', 'rodolfo77@example.org', '33');
INSERT INTO `users` (`id`, `firstname`, `lastname`, `email`, `phone`) VALUES ('19', 'Rossie', 'Olson', 'ymccullough@example.net', '0');
INSERT INTO `users` (`id`, `firstname`, `lastname`, `email`, `phone`) VALUES ('20', 'Nickolas', 'Daniel', 'olga.blick@example.com', '1291338779');
INSERT INTO `users` (`id`, `firstname`, `lastname`, `email`, `phone`) VALUES ('21', 'Jolie', 'Gulgowski', 'macejkovic.florence@example.org', '367687');
INSERT INTO `users` (`id`, `firstname`, `lastname`, `email`, `phone`) VALUES ('22', 'Nikolas', 'Kemmer', 'dbraun@example.net', '0');
INSERT INTO `users` (`id`, `firstname`, `lastname`, `email`, `phone`) VALUES ('23', 'Sandrine', 'Stanton', 'dudley.koelpin@example.org', '1');
INSERT INTO `users` (`id`, `firstname`, `lastname`, `email`, `phone`) VALUES ('24', 'Janis', 'Ferry', 'bo72@example.org', '726011');
INSERT INTO `users` (`id`, `firstname`, `lastname`, `email`, `phone`) VALUES ('25', 'Merritt', 'Deckow', 'btromp@example.com', '7893490206');
INSERT INTO `users` (`id`, `firstname`, `lastname`, `email`, `phone`) VALUES ('26', 'Richmond', 'DuBuque', 'jarod15@example.net', '7372');
INSERT INTO `users` (`id`, `firstname`, `lastname`, `email`, `phone`) VALUES ('27', 'Trystan', 'Volkman', 'johnathan93@example.com', '305');
INSERT INTO `users` (`id`, `firstname`, `lastname`, `email`, `phone`) VALUES ('28', 'Bryon', 'Rolfson', 'rahul.schinner@example.com', '178');
INSERT INTO `users` (`id`, `firstname`, `lastname`, `email`, `phone`) VALUES ('29', 'Hertha', 'Spencer', 'xward@example.org', '5700003654');
INSERT INTO `users` (`id`, `firstname`, `lastname`, `email`, `phone`) VALUES ('30', 'Alysa', 'Roob', 'baron.hahn@example.org', '0');
INSERT INTO `users` (`id`, `firstname`, `lastname`, `email`, `phone`) VALUES ('31', 'Shanny', 'Krajcik', 'buford.kihn@example.com', '621');
INSERT INTO `users` (`id`, `firstname`, `lastname`, `email`, `phone`) VALUES ('32', 'Lukas', 'Rodriguez', 'upton.andres@example.com', '0');
INSERT INTO `users` (`id`, `firstname`, `lastname`, `email`, `phone`) VALUES ('33', 'Charles', 'Hickle', 'wabernathy@example.net', '1');
INSERT INTO `users` (`id`, `firstname`, `lastname`, `email`, `phone`) VALUES ('34', 'Enola', 'Schmitt', 'abbott.amelia@example.net', '9826317065');
INSERT INTO `users` (`id`, `firstname`, `lastname`, `email`, `phone`) VALUES ('35', 'Aliyah', 'OKon', 'werner.kertzmann@example.net', '383');
INSERT INTO `users` (`id`, `firstname`, `lastname`, `email`, `phone`) VALUES ('36', 'Baylee', 'Koelpin', 'edietrich@example.org', '831007');
INSERT INTO `users` (`id`, `firstname`, `lastname`, `email`, `phone`) VALUES ('37', 'Rashawn', 'Smitham', 'lhalvorson@example.com', '1');
INSERT INTO `users` (`id`, `firstname`, `lastname`, `email`, `phone`) VALUES ('38', 'Rae', 'Shanahan', 'esther84@example.net', '443623');
INSERT INTO `users` (`id`, `firstname`, `lastname`, `email`, `phone`) VALUES ('39', 'Nikolas', 'Hoppe', 'kwhite@example.org', '1');
INSERT INTO `users` (`id`, `firstname`, `lastname`, `email`, `phone`) VALUES ('40', 'Destiny', 'Crooks', 'lenora.jenkins@example.com', '0');
INSERT INTO `users` (`id`, `firstname`, `lastname`, `email`, `phone`) VALUES ('41', 'Yvonne', 'Rowe', 'arnaldo54@example.net', '261598');
INSERT INTO `users` (`id`, `firstname`, `lastname`, `email`, `phone`) VALUES ('42', 'Coleman', 'Konopelski', 'yost.wade@example.com', '938803');
INSERT INTO `users` (`id`, `firstname`, `lastname`, `email`, `phone`) VALUES ('43', 'Veronica', 'Schneider', 'xhagenes@example.org', '49');
INSERT INTO `users` (`id`, `firstname`, `lastname`, `email`, `phone`) VALUES ('44', 'Frankie', 'Weimann', 'saige51@example.org', '322678');
INSERT INTO `users` (`id`, `firstname`, `lastname`, `email`, `phone`) VALUES ('45', 'Rosetta', 'Bernhard', 'bankunding@example.com', '937353');
INSERT INTO `users` (`id`, `firstname`, `lastname`, `email`, `phone`) VALUES ('46', 'Erna', 'Harber', 'lkunze@example.net', '8709166672');
INSERT INTO `users` (`id`, `firstname`, `lastname`, `email`, `phone`) VALUES ('47', 'Dejah', 'Green', 'jaylon.okuneva@example.org', '0');
INSERT INTO `users` (`id`, `firstname`, `lastname`, `email`, `phone`) VALUES ('48', 'Nick', 'Ledner', 'maxwell.jast@example.com', '1');
INSERT INTO `users` (`id`, `firstname`, `lastname`, `email`, `phone`) VALUES ('49', 'Graham', 'Bosco', 'casey.waelchi@example.org', '871');
INSERT INTO `users` (`id`, `firstname`, `lastname`, `email`, `phone`) VALUES ('50', 'Garland', 'Welch', 'zackery85@example.com', '0');
INSERT INTO `users` (`id`, `firstname`, `lastname`, `email`, `phone`) VALUES ('51', 'Colt', 'Stiedemann', 'rjacobson@example.org', '875');
INSERT INTO `users` (`id`, `firstname`, `lastname`, `email`, `phone`) VALUES ('52', 'Frankie', 'Hilll', 'garrison72@example.net', '1');
INSERT INTO `users` (`id`, `firstname`, `lastname`, `email`, `phone`) VALUES ('53', 'Lavon', 'Stamm', 'kallie42@example.org', '289780');
INSERT INTO `users` (`id`, `firstname`, `lastname`, `email`, `phone`) VALUES ('54', 'Kieran', 'Lynch', 'ernesto44@example.com', '873');
INSERT INTO `users` (`id`, `firstname`, `lastname`, `email`, `phone`) VALUES ('55', 'Fred', 'Miller', 'vida58@example.com', '529');
INSERT INTO `users` (`id`, `firstname`, `lastname`, `email`, `phone`) VALUES ('56', 'Brendon', 'Shields', 'beer.jerald@example.net', '877');
INSERT INTO `users` (`id`, `firstname`, `lastname`, `email`, `phone`) VALUES ('57', 'Sebastian', 'Upton', 'kolson@example.org', '388564');
INSERT INTO `users` (`id`, `firstname`, `lastname`, `email`, `phone`) VALUES ('58', 'Casper', 'Greenfelder', 'mitchell.cristian@example.org', '439');
INSERT INTO `users` (`id`, `firstname`, `lastname`, `email`, `phone`) VALUES ('59', 'Camron', 'Zieme', 'xflatley@example.com', '1');
INSERT INTO `users` (`id`, `firstname`, `lastname`, `email`, `phone`) VALUES ('60', 'Sophia', 'McGlynn', 'wpowlowski@example.net', '65647');
INSERT INTO `users` (`id`, `firstname`, `lastname`, `email`, `phone`) VALUES ('61', 'Evan', 'Flatley', 'khalvorson@example.net', '0');
INSERT INTO `users` (`id`, `firstname`, `lastname`, `email`, `phone`) VALUES ('62', 'Jerome', 'Schneider', 'ydoyle@example.org', '776');
INSERT INTO `users` (`id`, `firstname`, `lastname`, `email`, `phone`) VALUES ('63', 'Aleen', 'Stokes', 'gloria83@example.org', '1');
INSERT INTO `users` (`id`, `firstname`, `lastname`, `email`, `phone`) VALUES ('64', 'Deven', 'Ferry', 'koelpin.boris@example.com', '549642');
INSERT INTO `users` (`id`, `firstname`, `lastname`, `email`, `phone`) VALUES ('65', 'Rossie', 'Connelly', 'batz.gracie@example.org', '1');
INSERT INTO `users` (`id`, `firstname`, `lastname`, `email`, `phone`) VALUES ('66', 'Lea', 'Torphy', 'addison.schimmel@example.com', '1');
INSERT INTO `users` (`id`, `firstname`, `lastname`, `email`, `phone`) VALUES ('67', 'Anissa', 'Monahan', 'jaskolski.meaghan@example.net', '1075964218');
INSERT INTO `users` (`id`, `firstname`, `lastname`, `email`, `phone`) VALUES ('68', 'Aimee', 'Gibson', 'cleta.sauer@example.org', '324');
INSERT INTO `users` (`id`, `firstname`, `lastname`, `email`, `phone`) VALUES ('69', 'Geo', 'Rogahn', 'yasmine58@example.org', '879215');
INSERT INTO `users` (`id`, `firstname`, `lastname`, `email`, `phone`) VALUES ('70', 'Katlyn', 'Johnston', 'wdoyle@example.net', '2380754364');
INSERT INTO `users` (`id`, `firstname`, `lastname`, `email`, `phone`) VALUES ('71', 'Zoie', 'Breitenberg', 'ehilpert@example.org', '558');
INSERT INTO `users` (`id`, `firstname`, `lastname`, `email`, `phone`) VALUES ('72', 'Ernestine', 'Simonis', 'mcdermott.heather@example.org', '5984323870');
INSERT INTO `users` (`id`, `firstname`, `lastname`, `email`, `phone`) VALUES ('73', 'Dax', 'Schmidt', 'fay55@example.net', '0');
INSERT INTO `users` (`id`, `firstname`, `lastname`, `email`, `phone`) VALUES ('74', 'Anthony', 'Cormier', 'ereilly@example.org', '49565');
INSERT INTO `users` (`id`, `firstname`, `lastname`, `email`, `phone`) VALUES ('75', 'Kaleb', 'OHara', 'skoss@example.org', '252941');
INSERT INTO `users` (`id`, `firstname`, `lastname`, `email`, `phone`) VALUES ('76', 'Clark', 'Kunde', 'alicia.hackett@example.net', '88');
INSERT INTO `users` (`id`, `firstname`, `lastname`, `email`, `phone`) VALUES ('77', 'Ally', 'Mante', 'demario77@example.com', '749549');
INSERT INTO `users` (`id`, `firstname`, `lastname`, `email`, `phone`) VALUES ('78', 'Jude', 'Kassulke', 'kaylah89@example.org', '11435');
INSERT INTO `users` (`id`, `firstname`, `lastname`, `email`, `phone`) VALUES ('79', 'Nick', 'Schumm', 'vicky.homenick@example.net', '0');
INSERT INTO `users` (`id`, `firstname`, `lastname`, `email`, `phone`) VALUES ('80', 'Kayleigh', 'Thiel', 'keanu.witting@example.org', '0');
INSERT INTO `users` (`id`, `firstname`, `lastname`, `email`, `phone`) VALUES ('81', 'Lonie', 'Moore', 'usipes@example.net', '834823');
INSERT INTO `users` (`id`, `firstname`, `lastname`, `email`, `phone`) VALUES ('82', 'Retta', 'Lebsack', 'deborah.rowe@example.net', '871563');
INSERT INTO `users` (`id`, `firstname`, `lastname`, `email`, `phone`) VALUES ('83', 'Melody', 'Langosh', 'pfeffer.emmett@example.org', '1');
INSERT INTO `users` (`id`, `firstname`, `lastname`, `email`, `phone`) VALUES ('84', 'Milo', 'Feeney', 'bradtke.estelle@example.com', '8612289480');
INSERT INTO `users` (`id`, `firstname`, `lastname`, `email`, `phone`) VALUES ('85', 'Myles', 'Crooks', 'constantin95@example.net', '0');
INSERT INTO `users` (`id`, `firstname`, `lastname`, `email`, `phone`) VALUES ('86', 'Irwin', 'Quitzon', 'otto.halvorson@example.com', '923931');
INSERT INTO `users` (`id`, `firstname`, `lastname`, `email`, `phone`) VALUES ('87', 'Valentine', 'Adams', 'edyth.nicolas@example.com', '856461');
INSERT INTO `users` (`id`, `firstname`, `lastname`, `email`, `phone`) VALUES ('88', 'Fiona', 'Nikolaus', 'wstanton@example.com', '122');
INSERT INTO `users` (`id`, `firstname`, `lastname`, `email`, `phone`) VALUES ('89', 'Jayme', 'Boyer', 'adams.garfield@example.org', '776');
INSERT INTO `users` (`id`, `firstname`, `lastname`, `email`, `phone`) VALUES ('90', 'Gregory', 'Rath', 'wade.rath@example.org', '553');
INSERT INTO `users` (`id`, `firstname`, `lastname`, `email`, `phone`) VALUES ('91', 'Kaia', 'Hills', 'runolfsdottir.adelbert@example.com', '541');
INSERT INTO `users` (`id`, `firstname`, `lastname`, `email`, `phone`) VALUES ('92', 'Jalyn', 'Hodkiewicz', 'schmeler.nicolette@example.net', '1');
INSERT INTO `users` (`id`, `firstname`, `lastname`, `email`, `phone`) VALUES ('93', 'Shemar', 'Mohr', 'ybeatty@example.com', '94');
INSERT INTO `users` (`id`, `firstname`, `lastname`, `email`, `phone`) VALUES ('94', 'Elroy', 'Parker', 'grimes.tod@example.com', '1826560736');
INSERT INTO `users` (`id`, `firstname`, `lastname`, `email`, `phone`) VALUES ('95', 'William', 'Kreiger', 'nlesch@example.org', '128');
INSERT INTO `users` (`id`, `firstname`, `lastname`, `email`, `phone`) VALUES ('96', 'Dane', 'Breitenberg', 'crona.elinore@example.org', '7676254701');
INSERT INTO `users` (`id`, `firstname`, `lastname`, `email`, `phone`) VALUES ('97', 'Brain', 'Stoltenberg', 'irempel@example.com', '1');
INSERT INTO `users` (`id`, `firstname`, `lastname`, `email`, `phone`) VALUES ('98', 'Isac', 'Kshlerin', 'peter63@example.com', '0');
INSERT INTO `users` (`id`, `firstname`, `lastname`, `email`, `phone`) VALUES ('99', 'Blaise', 'Pagac', 'mwaters@example.org', '581');
INSERT INTO `users` (`id`, `firstname`, `lastname`, `email`, `phone`) VALUES ('100', 'Jamey', 'Ullrich', 'ooberbrunner@example.org', '1');



#
# TABLE STRUCTURE FOR: communities
#

DROP TABLE IF EXISTS `communities`;

CREATE TABLE `communities` (
  `id` bigint(20) unsigned NOT NULL AUTO_INCREMENT,
  `name` varchar(150) COLLATE utf8_unicode_ci DEFAULT NULL,
  PRIMARY KEY (`id`),
  KEY `communities_name_index` (`name`)
) ENGINE=InnoDB AUTO_INCREMENT=101 DEFAULT CHARSET=utf8 COLLATE=utf8_unicode_ci;

INSERT INTO `communities` (`id`, `name`) VALUES ('88', 'A quaerat libero non et.');
INSERT INTO `communities` (`id`, `name`) VALUES ('52', 'Ad non molestiae nulla earum voluptas et.');
INSERT INTO `communities` (`id`, `name`) VALUES ('80', 'Alias voluptas quos laboriosam velit ut.');
INSERT INTO `communities` (`id`, `name`) VALUES ('58', 'Aliquid repudiandae id tempore ab suscipit.');
INSERT INTO `communities` (`id`, `name`) VALUES ('46', 'Animi qui inventore est fugiat expedita vel.');
INSERT INTO `communities` (`id`, `name`) VALUES ('6', 'Architecto voluptas laboriosam sint labore commodi labore.');
INSERT INTO `communities` (`id`, `name`) VALUES ('94', 'Aspernatur illum fugit sunt sit occaecati.');
INSERT INTO `communities` (`id`, `name`) VALUES ('92', 'Assumenda debitis beatae debitis quo aliquid facere et reiciendis.');
INSERT INTO `communities` (`id`, `name`) VALUES ('35', 'At et aut hic et saepe eveniet.');
INSERT INTO `communities` (`id`, `name`) VALUES ('64', 'Atque et provident est magnam ea.');
INSERT INTO `communities` (`id`, `name`) VALUES ('11', 'Aut sequi sed saepe voluptas.');
INSERT INTO `communities` (`id`, `name`) VALUES ('89', 'Aut voluptatem assumenda ullam fugit.');
INSERT INTO `communities` (`id`, `name`) VALUES ('51', 'Beatae sit cumque sit quasi.');
INSERT INTO `communities` (`id`, `name`) VALUES ('40', 'Blanditiis ad consequatur excepturi qui in.');
INSERT INTO `communities` (`id`, `name`) VALUES ('81', 'Blanditiis nulla in eius ut quaerat nihil reiciendis.');
INSERT INTO `communities` (`id`, `name`) VALUES ('60', 'Blanditiis velit qui quia similique tenetur eos.');
INSERT INTO `communities` (`id`, `name`) VALUES ('45', 'Culpa cumque dolorum quo.');
INSERT INTO `communities` (`id`, `name`) VALUES ('87', 'Cupiditate a id magnam ab aliquid aperiam itaque.');
INSERT INTO `communities` (`id`, `name`) VALUES ('73', 'Dignissimos consequatur modi corrupti molestiae adipisci et porro.');
INSERT INTO `communities` (`id`, `name`) VALUES ('14', 'Dolore qui fugiat rem vel error animi dolores vero.');
INSERT INTO `communities` (`id`, `name`) VALUES ('86', 'Dolorem culpa tempora quidem aut beatae esse autem vero.');
INSERT INTO `communities` (`id`, `name`) VALUES ('27', 'Dolorem iste laudantium est et.');
INSERT INTO `communities` (`id`, `name`) VALUES ('31', 'Dolores adipisci sapiente eos fuga dolores quos.');
INSERT INTO `communities` (`id`, `name`) VALUES ('100', 'Dolores voluptatem accusantium quam reprehenderit.');
INSERT INTO `communities` (`id`, `name`) VALUES ('4', 'Doloribus dolorum eos rem maiores voluptas et alias qui.');
INSERT INTO `communities` (`id`, `name`) VALUES ('12', 'Ea dicta qui eos deleniti.');
INSERT INTO `communities` (`id`, `name`) VALUES ('28', 'Eius ratione libero inventore magni iure quo provident.');
INSERT INTO `communities` (`id`, `name`) VALUES ('96', 'Est blanditiis voluptates voluptas dignissimos quod et.');
INSERT INTO `communities` (`id`, `name`) VALUES ('1', 'Est consequuntur natus itaque at vel.');
INSERT INTO `communities` (`id`, `name`) VALUES ('41', 'Est voluptas et vel ab commodi.');
INSERT INTO `communities` (`id`, `name`) VALUES ('16', 'Et blanditiis possimus veniam pariatur non.');
INSERT INTO `communities` (`id`, `name`) VALUES ('70', 'Et et voluptatem voluptatem accusantium ut.');
INSERT INTO `communities` (`id`, `name`) VALUES ('83', 'Et iste animi impedit exercitationem quidem consequatur omnis sint.');
INSERT INTO `communities` (`id`, `name`) VALUES ('53', 'Eum cupiditate sed aliquam aut voluptatem corrupti.');
INSERT INTO `communities` (`id`, `name`) VALUES ('98', 'Eum omnis quasi libero voluptate vitae in vero.');
INSERT INTO `communities` (`id`, `name`) VALUES ('59', 'Eveniet amet placeat perspiciatis repellendus illo eaque.');
INSERT INTO `communities` (`id`, `name`) VALUES ('55', 'Facilis veniam vero est molestiae.');
INSERT INTO `communities` (`id`, `name`) VALUES ('63', 'Fugiat nisi veniam quas aliquam numquam.');
INSERT INTO `communities` (`id`, `name`) VALUES ('65', 'Fugiat reprehenderit quam in odio occaecati.');
INSERT INTO `communities` (`id`, `name`) VALUES ('47', 'Fugiat voluptates delectus harum ipsum hic voluptatem.');
INSERT INTO `communities` (`id`, `name`) VALUES ('22', 'Harum quia corrupti ab.');
INSERT INTO `communities` (`id`, `name`) VALUES ('21', 'Hic minima id natus accusamus.');
INSERT INTO `communities` (`id`, `name`) VALUES ('13', 'Id aut dolore cupiditate perspiciatis architecto.');
INSERT INTO `communities` (`id`, `name`) VALUES ('8', 'Id saepe porro facilis alias.');
INSERT INTO `communities` (`id`, `name`) VALUES ('54', 'Illo cum assumenda aut odit cum dolor.');
INSERT INTO `communities` (`id`, `name`) VALUES ('95', 'Illum quam sit quaerat in eaque et quod aut.');
INSERT INTO `communities` (`id`, `name`) VALUES ('19', 'In vel provident sed dolores maxime quia.');
INSERT INTO `communities` (`id`, `name`) VALUES ('56', 'Ipsam pariatur dicta nisi officia.');
INSERT INTO `communities` (`id`, `name`) VALUES ('77', 'Iste ducimus illum dolores vero minima.');
INSERT INTO `communities` (`id`, `name`) VALUES ('84', 'Iure et rem velit ut consectetur in nostrum.');
INSERT INTO `communities` (`id`, `name`) VALUES ('78', 'Iure quisquam sit optio vero vitae.');
INSERT INTO `communities` (`id`, `name`) VALUES ('5', 'Laboriosam et officia ea est.');
INSERT INTO `communities` (`id`, `name`) VALUES ('76', 'Laborum dolor dolor qui deserunt.');
INSERT INTO `communities` (`id`, `name`) VALUES ('17', 'Laborum porro ut et atque quis.');
INSERT INTO `communities` (`id`, `name`) VALUES ('44', 'Magni eveniet veniam odio deleniti.');
INSERT INTO `communities` (`id`, `name`) VALUES ('85', 'Minima facilis accusamus iure id.');
INSERT INTO `communities` (`id`, `name`) VALUES ('23', 'Minus blanditiis quos deserunt sed facere.');
INSERT INTO `communities` (`id`, `name`) VALUES ('74', 'Modi consequatur voluptatem sunt et qui quod voluptatem.');
INSERT INTO `communities` (`id`, `name`) VALUES ('30', 'Modi ipsam qui incidunt ab asperiores ipsa dolor.');
INSERT INTO `communities` (`id`, `name`) VALUES ('91', 'Molestiae non dolores blanditiis distinctio.');
INSERT INTO `communities` (`id`, `name`) VALUES ('99', 'Molestiae voluptatem et consectetur beatae harum pariatur.');
INSERT INTO `communities` (`id`, `name`) VALUES ('39', 'Molestias ullam neque dolorem quia architecto.');
INSERT INTO `communities` (`id`, `name`) VALUES ('38', 'Nam porro dolore earum dolorem.');
INSERT INTO `communities` (`id`, `name`) VALUES ('67', 'Natus a a qui quaerat dolore dolorem sint.');
INSERT INTO `communities` (`id`, `name`) VALUES ('34', 'Non nemo vel in sit est qui quibusdam provident.');
INSERT INTO `communities` (`id`, `name`) VALUES ('9', 'Omnis id totam voluptatem voluptatem quasi.');
INSERT INTO `communities` (`id`, `name`) VALUES ('49', 'Omnis id ut aperiam.');
INSERT INTO `communities` (`id`, `name`) VALUES ('25', 'Omnis omnis ratione debitis voluptatem molestiae aut.');
INSERT INTO `communities` (`id`, `name`) VALUES ('43', 'Optio odio quidem asperiores nihil.');
INSERT INTO `communities` (`id`, `name`) VALUES ('42', 'Perferendis et nobis cumque a nobis laudantium qui.');
INSERT INTO `communities` (`id`, `name`) VALUES ('3', 'Perspiciatis at ut in itaque iusto vero adipisci voluptatem.');
INSERT INTO `communities` (`id`, `name`) VALUES ('50', 'Possimus perferendis dicta iure a quia aperiam aut.');
INSERT INTO `communities` (`id`, `name`) VALUES ('66', 'Possimus quia sequi quia qui similique autem.');
INSERT INTO `communities` (`id`, `name`) VALUES ('93', 'Quae sit quaerat nam eveniet et qui mollitia.');
INSERT INTO `communities` (`id`, `name`) VALUES ('57', 'Quam sit at ipsum expedita.');
INSERT INTO `communities` (`id`, `name`) VALUES ('62', 'Qui nobis quibusdam id maxime praesentium.');
INSERT INTO `communities` (`id`, `name`) VALUES ('68', 'Quia autem doloribus laboriosam officiis consequatur.');
INSERT INTO `communities` (`id`, `name`) VALUES ('61', 'Quis optio beatae debitis modi ipsa.');
INSERT INTO `communities` (`id`, `name`) VALUES ('71', 'Quo ab harum dicta perspiciatis magni fugiat vero.');
INSERT INTO `communities` (`id`, `name`) VALUES ('7', 'Quod qui sunt doloribus sunt maxime ut accusantium.');
INSERT INTO `communities` (`id`, `name`) VALUES ('48', 'Quos consectetur veritatis illum quo.');
INSERT INTO `communities` (`id`, `name`) VALUES ('75', 'Recusandae voluptatem molestias quia aut qui pariatur.');
INSERT INTO `communities` (`id`, `name`) VALUES ('79', 'Reiciendis porro magnam odio voluptates vel.');
INSERT INTO `communities` (`id`, `name`) VALUES ('10', 'Rem recusandae minima recusandae repellat.');
INSERT INTO `communities` (`id`, `name`) VALUES ('82', 'Repellat ipsa esse laboriosam nemo voluptas veniam enim.');
INSERT INTO `communities` (`id`, `name`) VALUES ('20', 'Rerum consequatur autem qui hic inventore.');
INSERT INTO `communities` (`id`, `name`) VALUES ('72', 'Saepe consectetur doloremque esse ut ad.');
INSERT INTO `communities` (`id`, `name`) VALUES ('36', 'Sed rerum atque et dolores sit illo expedita non.');
INSERT INTO `communities` (`id`, `name`) VALUES ('97', 'Sequi corrupti debitis neque quae quam.');
INSERT INTO `communities` (`id`, `name`) VALUES ('29', 'Sint doloremque cum est laborum saepe aspernatur.');
INSERT INTO `communities` (`id`, `name`) VALUES ('90', 'Sint est dolor aut rerum rerum.');
INSERT INTO `communities` (`id`, `name`) VALUES ('2', 'Sint sint dicta et rerum ex dolor voluptatem.');
INSERT INTO `communities` (`id`, `name`) VALUES ('24', 'Sit recusandae ex beatae reprehenderit nesciunt earum voluptates.');
INSERT INTO `communities` (`id`, `name`) VALUES ('26', 'Soluta accusamus consequuntur dolorum dolore.');
INSERT INTO `communities` (`id`, `name`) VALUES ('32', 'Soluta magni vel maiores sit facere nostrum praesentium.');
INSERT INTO `communities` (`id`, `name`) VALUES ('18', 'Tempore sed perspiciatis excepturi ducimus quia architecto deserunt.');
INSERT INTO `communities` (`id`, `name`) VALUES ('33', 'Ut qui magni laboriosam commodi distinctio.');
INSERT INTO `communities` (`id`, `name`) VALUES ('69', 'Voluptas error quia voluptatum quo mollitia alias omnis.');
INSERT INTO `communities` (`id`, `name`) VALUES ('15', 'Voluptatem at et expedita laboriosam voluptatibus at.');
INSERT INTO `communities` (`id`, `name`) VALUES ('37', 'Voluptatem nihil aperiam illo.');


#
# TABLE STRUCTURE FOR: friend_requests
#

DROP TABLE IF EXISTS `friend_requests`;

CREATE TABLE `friend_requests` (
  `initiation_user_id` bigint(20) unsigned NOT NULL,
  `target_user_id` bigint(20) unsigned NOT NULL,
  `status` enum('requested','approved','decline','unfriended') COLLATE utf8_unicode_ci DEFAULT 'requested',
  `requested_at` datetime DEFAULT current_timestamp(),
  `confirmed_at` datetime DEFAULT current_timestamp(),
  PRIMARY KEY (`initiation_user_id`,`target_user_id`),
  KEY `initiation_user_id_index` (`initiation_user_id`),
  KEY `target_user_id_id_index` (`target_user_id`),
  CONSTRAINT `friend_requests_ibfk_1` FOREIGN KEY (`initiation_user_id`) REFERENCES `users` (`id`),
  CONSTRAINT `friend_requests_ibfk_2` FOREIGN KEY (`target_user_id`) REFERENCES `users` (`id`)
) ENGINE=InnoDB DEFAULT CHARSET=utf8 COLLATE=utf8_unicode_ci;

INSERT INTO `friend_requests` (`initiation_user_id`, `target_user_id`, `status`, `requested_at`, `confirmed_at`) VALUES ('1', '8', 'approved', '2005-02-21 01:58:29', '1995-01-10 19:03:49');
INSERT INTO `friend_requests` (`initiation_user_id`, `target_user_id`, `status`, `requested_at`, `confirmed_at`) VALUES ('2', '86', 'unfriended', '1979-08-04 15:36:39', '1971-01-06 16:55:08');
INSERT INTO `friend_requests` (`initiation_user_id`, `target_user_id`, `status`, `requested_at`, `confirmed_at`) VALUES ('5', '14', 'decline', '2005-06-02 23:21:21', '1998-06-27 03:58:05');
INSERT INTO `friend_requests` (`initiation_user_id`, `target_user_id`, `status`, `requested_at`, `confirmed_at`) VALUES ('5', '52', 'approved', '1993-02-10 08:30:02', '2010-10-11 06:58:46');
INSERT INTO `friend_requests` (`initiation_user_id`, `target_user_id`, `status`, `requested_at`, `confirmed_at`) VALUES ('6', '7', 'approved', '2011-11-23 12:02:35', '2018-04-25 00:31:55');
INSERT INTO `friend_requests` (`initiation_user_id`, `target_user_id`, `status`, `requested_at`, `confirmed_at`) VALUES ('6', '89', 'unfriended', '1985-07-29 04:38:36', '1973-09-22 03:09:52');
INSERT INTO `friend_requests` (`initiation_user_id`, `target_user_id`, `status`, `requested_at`, `confirmed_at`) VALUES ('8', '3', 'requested', '1997-08-22 15:23:38', '1985-08-21 18:35:43');
INSERT INTO `friend_requests` (`initiation_user_id`, `target_user_id`, `status`, `requested_at`, `confirmed_at`) VALUES ('8', '56', 'unfriended', '1986-04-02 23:17:15', '2014-08-12 17:55:01');
INSERT INTO `friend_requests` (`initiation_user_id`, `target_user_id`, `status`, `requested_at`, `confirmed_at`) VALUES ('13', '100', 'unfriended', '1985-06-21 00:58:10', '2009-07-29 00:57:21');
INSERT INTO `friend_requests` (`initiation_user_id`, `target_user_id`, `status`, `requested_at`, `confirmed_at`) VALUES ('14', '51', 'requested', '1971-08-18 09:50:23', '2015-10-02 16:36:31');
INSERT INTO `friend_requests` (`initiation_user_id`, `target_user_id`, `status`, `requested_at`, `confirmed_at`) VALUES ('15', '99', 'requested', '1970-01-26 00:49:57', '2011-12-12 04:12:51');
INSERT INTO `friend_requests` (`initiation_user_id`, `target_user_id`, `status`, `requested_at`, `confirmed_at`) VALUES ('16', '16', 'requested', '2014-07-09 00:01:46', '2015-01-23 17:02:14');
INSERT INTO `friend_requests` (`initiation_user_id`, `target_user_id`, `status`, `requested_at`, `confirmed_at`) VALUES ('17', '45', 'unfriended', '2004-10-25 18:42:56', '2001-03-12 22:04:54');
INSERT INTO `friend_requests` (`initiation_user_id`, `target_user_id`, `status`, `requested_at`, `confirmed_at`) VALUES ('18', '32', 'requested', '1989-10-15 18:36:05', '2015-03-13 13:24:49');
INSERT INTO `friend_requests` (`initiation_user_id`, `target_user_id`, `status`, `requested_at`, `confirmed_at`) VALUES ('19', '2', 'unfriended', '1995-06-18 00:08:20', '2003-05-06 19:20:40');
INSERT INTO `friend_requests` (`initiation_user_id`, `target_user_id`, `status`, `requested_at`, `confirmed_at`) VALUES ('19', '38', 'unfriended', '1992-07-04 09:30:33', '2010-02-06 01:07:27');
INSERT INTO `friend_requests` (`initiation_user_id`, `target_user_id`, `status`, `requested_at`, `confirmed_at`) VALUES ('19', '97', 'approved', '2004-09-17 03:32:45', '1991-03-19 01:37:50');
INSERT INTO `friend_requests` (`initiation_user_id`, `target_user_id`, `status`, `requested_at`, `confirmed_at`) VALUES ('21', '69', 'decline', '2019-04-02 19:51:33', '1996-09-09 21:37:07');
INSERT INTO `friend_requests` (`initiation_user_id`, `target_user_id`, `status`, `requested_at`, `confirmed_at`) VALUES ('22', '31', 'requested', '1980-11-13 11:56:15', '1970-11-08 08:28:01');
INSERT INTO `friend_requests` (`initiation_user_id`, `target_user_id`, `status`, `requested_at`, `confirmed_at`) VALUES ('23', '30', 'requested', '1988-01-18 16:05:08', '1984-03-14 11:40:18');
INSERT INTO `friend_requests` (`initiation_user_id`, `target_user_id`, `status`, `requested_at`, `confirmed_at`) VALUES ('24', '47', 'requested', '1982-11-30 16:53:52', '1972-04-19 19:31:21');
INSERT INTO `friend_requests` (`initiation_user_id`, `target_user_id`, `status`, `requested_at`, `confirmed_at`) VALUES ('25', '55', 'requested', '2015-10-01 06:15:12', '1979-02-01 10:00:58');
INSERT INTO `friend_requests` (`initiation_user_id`, `target_user_id`, `status`, `requested_at`, `confirmed_at`) VALUES ('27', '94', 'requested', '1999-12-28 11:24:32', '2003-12-09 08:47:18');
INSERT INTO `friend_requests` (`initiation_user_id`, `target_user_id`, `status`, `requested_at`, `confirmed_at`) VALUES ('27', '97', 'unfriended', '2002-06-13 18:57:20', '2018-11-02 06:38:06');
INSERT INTO `friend_requests` (`initiation_user_id`, `target_user_id`, `status`, `requested_at`, `confirmed_at`) VALUES ('28', '60', 'decline', '2013-05-12 18:52:06', '1978-03-09 23:06:38');
INSERT INTO `friend_requests` (`initiation_user_id`, `target_user_id`, `status`, `requested_at`, `confirmed_at`) VALUES ('29', '26', 'decline', '1976-04-16 15:43:32', '2012-01-02 23:15:19');
INSERT INTO `friend_requests` (`initiation_user_id`, `target_user_id`, `status`, `requested_at`, `confirmed_at`) VALUES ('29', '29', 'unfriended', '1982-11-09 06:52:02', '1999-03-06 19:03:00');
INSERT INTO `friend_requests` (`initiation_user_id`, `target_user_id`, `status`, `requested_at`, `confirmed_at`) VALUES ('32', '89', 'decline', '1973-09-30 11:19:52', '2018-05-20 05:23:15');
INSERT INTO `friend_requests` (`initiation_user_id`, `target_user_id`, `status`, `requested_at`, `confirmed_at`) VALUES ('32', '90', 'decline', '1974-05-11 04:17:34', '1977-07-18 03:07:21');
INSERT INTO `friend_requests` (`initiation_user_id`, `target_user_id`, `status`, `requested_at`, `confirmed_at`) VALUES ('33', '8', 'approved', '2014-01-04 08:32:08', '1972-11-07 19:27:05');
INSERT INTO `friend_requests` (`initiation_user_id`, `target_user_id`, `status`, `requested_at`, `confirmed_at`) VALUES ('34', '86', 'unfriended', '1984-11-05 00:36:35', '2010-03-02 19:08:12');
INSERT INTO `friend_requests` (`initiation_user_id`, `target_user_id`, `status`, `requested_at`, `confirmed_at`) VALUES ('35', '48', 'decline', '1999-11-07 00:11:53', '1970-02-22 02:13:55');
INSERT INTO `friend_requests` (`initiation_user_id`, `target_user_id`, `status`, `requested_at`, `confirmed_at`) VALUES ('35', '97', 'decline', '2008-05-12 02:11:57', '1989-09-15 02:57:20');
INSERT INTO `friend_requests` (`initiation_user_id`, `target_user_id`, `status`, `requested_at`, `confirmed_at`) VALUES ('36', '51', 'approved', '1986-10-11 20:59:13', '2015-12-02 18:10:03');
INSERT INTO `friend_requests` (`initiation_user_id`, `target_user_id`, `status`, `requested_at`, `confirmed_at`) VALUES ('36', '87', 'requested', '2006-02-09 06:13:27', '2014-08-06 09:59:36');
INSERT INTO `friend_requests` (`initiation_user_id`, `target_user_id`, `status`, `requested_at`, `confirmed_at`) VALUES ('37', '51', 'decline', '2006-07-17 09:36:51', '1997-06-28 02:27:56');
INSERT INTO `friend_requests` (`initiation_user_id`, `target_user_id`, `status`, `requested_at`, `confirmed_at`) VALUES ('37', '83', 'unfriended', '2002-05-21 08:33:16', '2003-10-03 22:39:41');
INSERT INTO `friend_requests` (`initiation_user_id`, `target_user_id`, `status`, `requested_at`, `confirmed_at`) VALUES ('38', '97', 'approved', '2002-03-15 16:49:07', '1995-11-08 19:47:45');
INSERT INTO `friend_requests` (`initiation_user_id`, `target_user_id`, `status`, `requested_at`, `confirmed_at`) VALUES ('44', '74', 'requested', '1981-02-16 16:55:20', '1976-01-14 17:44:07');
INSERT INTO `friend_requests` (`initiation_user_id`, `target_user_id`, `status`, `requested_at`, `confirmed_at`) VALUES ('46', '16', 'decline', '1990-10-05 04:12:52', '1993-05-11 04:42:15');
INSERT INTO `friend_requests` (`initiation_user_id`, `target_user_id`, `status`, `requested_at`, `confirmed_at`) VALUES ('46', '27', 'decline', '2006-08-07 18:36:36', '2007-12-24 22:27:10');
INSERT INTO `friend_requests` (`initiation_user_id`, `target_user_id`, `status`, `requested_at`, `confirmed_at`) VALUES ('46', '84', 'requested', '1987-04-21 21:34:56', '1991-09-22 20:59:47');
INSERT INTO `friend_requests` (`initiation_user_id`, `target_user_id`, `status`, `requested_at`, `confirmed_at`) VALUES ('49', '58', 'unfriended', '1989-03-24 13:41:36', '1999-10-11 05:04:56');
INSERT INTO `friend_requests` (`initiation_user_id`, `target_user_id`, `status`, `requested_at`, `confirmed_at`) VALUES ('50', '82', 'approved', '1988-03-29 17:06:35', '2011-02-23 14:25:04');
INSERT INTO `friend_requests` (`initiation_user_id`, `target_user_id`, `status`, `requested_at`, `confirmed_at`) VALUES ('51', '72', 'requested', '1970-10-21 15:44:46', '1992-10-05 02:05:06');
INSERT INTO `friend_requests` (`initiation_user_id`, `target_user_id`, `status`, `requested_at`, `confirmed_at`) VALUES ('52', '24', 'approved', '2000-08-02 23:36:58', '1990-03-27 06:56:32');
INSERT INTO `friend_requests` (`initiation_user_id`, `target_user_id`, `status`, `requested_at`, `confirmed_at`) VALUES ('52', '100', 'approved', '1990-03-04 10:33:25', '1996-10-15 16:26:34');
INSERT INTO `friend_requests` (`initiation_user_id`, `target_user_id`, `status`, `requested_at`, `confirmed_at`) VALUES ('53', '63', 'decline', '2007-09-17 18:43:22', '1996-02-06 10:41:26');
INSERT INTO `friend_requests` (`initiation_user_id`, `target_user_id`, `status`, `requested_at`, `confirmed_at`) VALUES ('54', '29', 'decline', '2016-09-09 16:00:47', '2016-07-27 22:00:44');
INSERT INTO `friend_requests` (`initiation_user_id`, `target_user_id`, `status`, `requested_at`, `confirmed_at`) VALUES ('55', '45', 'unfriended', '2008-03-19 04:24:56', '2019-12-28 03:48:18');
INSERT INTO `friend_requests` (`initiation_user_id`, `target_user_id`, `status`, `requested_at`, `confirmed_at`) VALUES ('56', '26', 'unfriended', '2011-03-17 20:43:35', '2018-01-12 08:04:00');
INSERT INTO `friend_requests` (`initiation_user_id`, `target_user_id`, `status`, `requested_at`, `confirmed_at`) VALUES ('59', '74', 'requested', '2002-10-30 11:37:45', '1988-02-24 03:56:28');
INSERT INTO `friend_requests` (`initiation_user_id`, `target_user_id`, `status`, `requested_at`, `confirmed_at`) VALUES ('63', '6', 'approved', '2015-11-20 02:40:16', '2015-12-13 02:58:21');
INSERT INTO `friend_requests` (`initiation_user_id`, `target_user_id`, `status`, `requested_at`, `confirmed_at`) VALUES ('63', '67', 'requested', '2002-08-17 08:04:50', '2004-09-16 17:00:43');
INSERT INTO `friend_requests` (`initiation_user_id`, `target_user_id`, `status`, `requested_at`, `confirmed_at`) VALUES ('63', '71', 'approved', '2002-10-10 01:17:16', '2007-06-18 07:40:01');
INSERT INTO `friend_requests` (`initiation_user_id`, `target_user_id`, `status`, `requested_at`, `confirmed_at`) VALUES ('64', '97', 'approved', '2004-04-17 22:47:15', '2012-12-20 22:39:10');
INSERT INTO `friend_requests` (`initiation_user_id`, `target_user_id`, `status`, `requested_at`, `confirmed_at`) VALUES ('65', '7', 'unfriended', '2015-05-18 06:09:55', '1991-05-29 03:48:13');
INSERT INTO `friend_requests` (`initiation_user_id`, `target_user_id`, `status`, `requested_at`, `confirmed_at`) VALUES ('67', '70', 'requested', '1986-03-23 10:30:02', '1986-02-25 08:05:42');
INSERT INTO `friend_requests` (`initiation_user_id`, `target_user_id`, `status`, `requested_at`, `confirmed_at`) VALUES ('67', '95', 'unfriended', '1982-07-28 19:24:53', '1984-09-02 16:06:08');
INSERT INTO `friend_requests` (`initiation_user_id`, `target_user_id`, `status`, `requested_at`, `confirmed_at`) VALUES ('68', '8', 'unfriended', '1986-10-06 09:20:18', '1971-03-23 08:58:29');
INSERT INTO `friend_requests` (`initiation_user_id`, `target_user_id`, `status`, `requested_at`, `confirmed_at`) VALUES ('69', '46', 'unfriended', '1999-10-27 18:48:53', '1982-04-01 10:00:54');
INSERT INTO `friend_requests` (`initiation_user_id`, `target_user_id`, `status`, `requested_at`, `confirmed_at`) VALUES ('71', '1', 'approved', '2001-04-13 07:30:45', '1970-01-03 12:00:34');
INSERT INTO `friend_requests` (`initiation_user_id`, `target_user_id`, `status`, `requested_at`, `confirmed_at`) VALUES ('71', '20', 'requested', '2017-04-18 15:52:31', '1994-05-02 07:24:37');
INSERT INTO `friend_requests` (`initiation_user_id`, `target_user_id`, `status`, `requested_at`, `confirmed_at`) VALUES ('71', '29', 'approved', '2018-11-10 01:50:55', '1999-12-19 21:13:30');
INSERT INTO `friend_requests` (`initiation_user_id`, `target_user_id`, `status`, `requested_at`, `confirmed_at`) VALUES ('71', '62', 'requested', '2018-04-22 18:35:29', '1983-09-11 05:25:10');
INSERT INTO `friend_requests` (`initiation_user_id`, `target_user_id`, `status`, `requested_at`, `confirmed_at`) VALUES ('73', '37', 'decline', '2011-05-24 16:13:48', '1987-09-26 00:11:43');
INSERT INTO `friend_requests` (`initiation_user_id`, `target_user_id`, `status`, `requested_at`, `confirmed_at`) VALUES ('73', '78', 'requested', '1997-10-14 02:06:03', '2016-06-02 10:02:28');
INSERT INTO `friend_requests` (`initiation_user_id`, `target_user_id`, `status`, `requested_at`, `confirmed_at`) VALUES ('74', '27', 'unfriended', '1989-07-10 23:50:43', '1980-01-16 06:00:49');
INSERT INTO `friend_requests` (`initiation_user_id`, `target_user_id`, `status`, `requested_at`, `confirmed_at`) VALUES ('74', '54', 'approved', '1998-01-31 13:01:44', '1994-12-22 03:41:18');
INSERT INTO `friend_requests` (`initiation_user_id`, `target_user_id`, `status`, `requested_at`, `confirmed_at`) VALUES ('74', '87', 'unfriended', '1999-05-30 02:08:59', '2019-08-14 22:53:57');
INSERT INTO `friend_requests` (`initiation_user_id`, `target_user_id`, `status`, `requested_at`, `confirmed_at`) VALUES ('76', '35', 'requested', '1978-05-25 21:23:03', '1974-08-09 08:51:27');
INSERT INTO `friend_requests` (`initiation_user_id`, `target_user_id`, `status`, `requested_at`, `confirmed_at`) VALUES ('79', '1', 'unfriended', '2011-01-04 16:44:35', '1977-11-25 20:47:46');
INSERT INTO `friend_requests` (`initiation_user_id`, `target_user_id`, `status`, `requested_at`, `confirmed_at`) VALUES ('79', '28', 'approved', '1979-11-03 18:11:08', '2017-01-29 14:28:54');
INSERT INTO `friend_requests` (`initiation_user_id`, `target_user_id`, `status`, `requested_at`, `confirmed_at`) VALUES ('79', '57', 'approved', '1994-06-24 04:09:40', '1987-11-09 00:03:20');
INSERT INTO `friend_requests` (`initiation_user_id`, `target_user_id`, `status`, `requested_at`, `confirmed_at`) VALUES ('79', '75', 'decline', '1972-05-21 15:37:47', '2019-04-07 01:36:59');
INSERT INTO `friend_requests` (`initiation_user_id`, `target_user_id`, `status`, `requested_at`, `confirmed_at`) VALUES ('80', '16', 'approved', '1975-02-11 06:38:45', '2004-05-12 07:56:16');
INSERT INTO `friend_requests` (`initiation_user_id`, `target_user_id`, `status`, `requested_at`, `confirmed_at`) VALUES ('80', '71', 'decline', '1989-02-17 14:50:39', '2019-04-08 21:51:56');
INSERT INTO `friend_requests` (`initiation_user_id`, `target_user_id`, `status`, `requested_at`, `confirmed_at`) VALUES ('81', '72', 'requested', '1995-08-02 15:38:09', '1993-08-12 01:27:16');
INSERT INTO `friend_requests` (`initiation_user_id`, `target_user_id`, `status`, `requested_at`, `confirmed_at`) VALUES ('82', '42', 'requested', '2009-04-10 19:52:52', '2004-10-12 19:24:00');
INSERT INTO `friend_requests` (`initiation_user_id`, `target_user_id`, `status`, `requested_at`, `confirmed_at`) VALUES ('82', '45', 'approved', '1973-01-08 23:26:27', '1997-04-24 20:08:30');
INSERT INTO `friend_requests` (`initiation_user_id`, `target_user_id`, `status`, `requested_at`, `confirmed_at`) VALUES ('83', '87', 'unfriended', '1978-03-04 01:06:38', '1973-08-13 06:02:15');
INSERT INTO `friend_requests` (`initiation_user_id`, `target_user_id`, `status`, `requested_at`, `confirmed_at`) VALUES ('84', '78', 'unfriended', '1978-04-08 13:27:51', '2013-08-16 04:33:26');
INSERT INTO `friend_requests` (`initiation_user_id`, `target_user_id`, `status`, `requested_at`, `confirmed_at`) VALUES ('84', '91', 'decline', '2005-11-18 04:19:56', '2011-08-30 04:49:24');
INSERT INTO `friend_requests` (`initiation_user_id`, `target_user_id`, `status`, `requested_at`, `confirmed_at`) VALUES ('86', '3', 'requested', '1979-11-11 16:19:17', '2015-09-29 04:08:11');
INSERT INTO `friend_requests` (`initiation_user_id`, `target_user_id`, `status`, `requested_at`, `confirmed_at`) VALUES ('87', '11', 'decline', '2006-09-17 12:50:36', '2014-05-09 16:25:05');
INSERT INTO `friend_requests` (`initiation_user_id`, `target_user_id`, `status`, `requested_at`, `confirmed_at`) VALUES ('87', '56', 'decline', '1981-06-11 12:25:22', '2004-09-01 08:17:33');
INSERT INTO `friend_requests` (`initiation_user_id`, `target_user_id`, `status`, `requested_at`, `confirmed_at`) VALUES ('88', '45', 'requested', '1986-11-19 07:58:30', '2008-11-08 05:41:08');
INSERT INTO `friend_requests` (`initiation_user_id`, `target_user_id`, `status`, `requested_at`, `confirmed_at`) VALUES ('89', '7', 'unfriended', '2012-02-20 10:46:59', '1971-09-03 00:32:04');
INSERT INTO `friend_requests` (`initiation_user_id`, `target_user_id`, `status`, `requested_at`, `confirmed_at`) VALUES ('89', '87', 'decline', '1989-12-22 19:44:58', '1977-08-12 03:13:07');
INSERT INTO `friend_requests` (`initiation_user_id`, `target_user_id`, `status`, `requested_at`, `confirmed_at`) VALUES ('91', '61', 'requested', '1976-03-05 10:13:51', '2011-03-16 10:03:10');
INSERT INTO `friend_requests` (`initiation_user_id`, `target_user_id`, `status`, `requested_at`, `confirmed_at`) VALUES ('92', '14', 'requested', '1994-01-27 15:55:36', '2001-03-05 10:51:36');
INSERT INTO `friend_requests` (`initiation_user_id`, `target_user_id`, `status`, `requested_at`, `confirmed_at`) VALUES ('92', '89', 'decline', '1980-09-18 22:03:39', '2010-11-09 05:57:18');
INSERT INTO `friend_requests` (`initiation_user_id`, `target_user_id`, `status`, `requested_at`, `confirmed_at`) VALUES ('92', '97', 'requested', '1989-11-18 06:29:52', '1995-11-25 02:45:30');
INSERT INTO `friend_requests` (`initiation_user_id`, `target_user_id`, `status`, `requested_at`, `confirmed_at`) VALUES ('93', '8', 'unfriended', '1970-05-04 09:24:49', '1981-03-10 17:57:48');
INSERT INTO `friend_requests` (`initiation_user_id`, `target_user_id`, `status`, `requested_at`, `confirmed_at`) VALUES ('94', '36', 'unfriended', '2006-01-15 20:32:18', '1990-08-04 20:01:22');
INSERT INTO `friend_requests` (`initiation_user_id`, `target_user_id`, `status`, `requested_at`, `confirmed_at`) VALUES ('95', '88', 'unfriended', '1995-08-08 16:30:37', '2005-05-29 03:36:03');
INSERT INTO `friend_requests` (`initiation_user_id`, `target_user_id`, `status`, `requested_at`, `confirmed_at`) VALUES ('96', '23', 'requested', '1988-02-17 02:27:34', '2011-10-12 02:21:18');
INSERT INTO `friend_requests` (`initiation_user_id`, `target_user_id`, `status`, `requested_at`, `confirmed_at`) VALUES ('96', '100', 'approved', '1973-12-26 04:49:59', '1988-06-11 06:40:52');
INSERT INTO `friend_requests` (`initiation_user_id`, `target_user_id`, `status`, `requested_at`, `confirmed_at`) VALUES ('98', '5', 'requested', '1970-01-14 13:57:35', '2002-04-02 13:24:17');
INSERT INTO `friend_requests` (`initiation_user_id`, `target_user_id`, `status`, `requested_at`, `confirmed_at`) VALUES ('99', '89', 'decline', '2008-09-01 07:28:15', '1995-06-30 16:04:04');


#
# TABLE STRUCTURE FOR: media_types
#

DROP TABLE IF EXISTS `media_types`;

CREATE TABLE `media_types` (
  `id` bigint(20) unsigned NOT NULL AUTO_INCREMENT,
  `name` varchar(255) COLLATE utf8_unicode_ci DEFAULT NULL,
  `created_at` datetime DEFAULT current_timestamp(),
  `updated_at` datetime DEFAULT current_timestamp() ON UPDATE current_timestamp(),
  PRIMARY KEY (`id`)
) ENGINE=InnoDB AUTO_INCREMENT=6 DEFAULT CHARSET=utf8 COLLATE=utf8_unicode_ci;

INSERT INTO `media_types` (`id`, `name`, `created_at`, `updated_at`) VALUES ('1', ' application', '2003-08-26 10:26:30', '2014-12-21 09:58:35');
INSERT INTO `media_types` (`id`, `name`, `created_at`, `updated_at`) VALUES ('2', 'video', '2019-02-11 13:13:33', '1983-03-10 07:37:44');
INSERT INTO `media_types` (`id`, `name`, `created_at`, `updated_at`) VALUES ('3', ' multipart', '1985-08-17 23:47:06', '2016-12-22 10:41:56');
INSERT INTO `media_types` (`id`, `name`, `created_at`, `updated_at`) VALUES ('4', ' audio', '1985-05-19 23:52:10', '2013-02-12 23:54:44');
INSERT INTO `media_types` (`id`, `name`, `created_at`, `updated_at`) VALUES ('5', ' image', '1984-12-12 17:33:16', '1982-04-09 15:19:44');

#
# TABLE STRUCTURE FOR: media
#

DROP TABLE IF EXISTS `media`;

CREATE TABLE `media` (
  `id` bigint(20) unsigned NOT NULL AUTO_INCREMENT,
  `media_type_id` bigint(20) unsigned NOT NULL,
  `user_id` bigint(20) unsigned NOT NULL,
  `body` text COLLATE utf8_unicode_ci DEFAULT NULL,
  `filename` varchar(255) COLLATE utf8_unicode_ci DEFAULT NULL,
  `size` int(11) DEFAULT NULL,
  `metadata` longtext CHARACTER SET utf8mb4 COLLATE utf8mb4_bin DEFAULT NULL CHECK (json_valid(`metadata`)),
  `created_at` datetime DEFAULT current_timestamp(),
  `updated_at` datetime DEFAULT current_timestamp() ON UPDATE current_timestamp(),
  PRIMARY KEY (`id`),
  KEY `user_id` (`user_id`),
  KEY `media_type_id` (`media_type_id`),
  CONSTRAINT `media_ibfk_1` FOREIGN KEY (`user_id`) REFERENCES `users` (`id`),
  CONSTRAINT `media_ibfk_2` FOREIGN KEY (`media_type_id`) REFERENCES `media_types` (`id`)
) ENGINE=InnoDB AUTO_INCREMENT=101 DEFAULT CHARSET=utf8 COLLATE=utf8_unicode_ci;

INSERT INTO `media` (`id`, `media_type_id`, `user_id`, `body`, `filename`, `size`, `metadata`, `created_at`, `updated_at`) VALUES ('1', '1', '1', 'Hic et consectetur magnam quo et. Omnis doloribus natus accusamus aspernatur.', 'eaque', 11043, NULL, '1985-12-17 17:10:25', '1971-11-01 00:00:00');
INSERT INTO `media` (`id`, `media_type_id`, `user_id`, `body`, `filename`, `size`, `metadata`, `created_at`, `updated_at`) VALUES ('2', '2', '2', 'Officia qui nemo quibusdam aut perferendis. Illo quia quam et consequuntur voluptatem sed eos alias. Laborum ratione ratione molestiae quis quia et.', 'tempore', 70803, NULL, '2012-04-30 14:42:03', '1973-10-11 00:00:00');
INSERT INTO `media` (`id`, `media_type_id`, `user_id`, `body`, `filename`, `size`, `metadata`, `created_at`, `updated_at`) VALUES ('3', '3', '3', 'Vel atque ut eum sequi aperiam. Neque blanditiis velit earum quasi harum. Voluptas autem quae magni nulla qui perspiciatis.', 'debitis', 326299158, NULL, '1992-11-03 09:28:18', '1997-06-30 00:00:00');
INSERT INTO `media` (`id`, `media_type_id`, `user_id`, `body`, `filename`, `size`, `metadata`, `created_at`, `updated_at`) VALUES ('4', '4', '4', 'Omnis et quasi est hic tempora eveniet. Qui commodi dolor nostrum. Aliquid omnis ex est vero explicabo ut necessitatibus modi.', 'eos', 9265605, NULL, '1992-02-16 14:44:08', '1985-06-21 00:00:00');
INSERT INTO `media` (`id`, `media_type_id`, `user_id`, `body`, `filename`, `size`, `metadata`, `created_at`, `updated_at`) VALUES ('5', '5', '5', 'Quae sit numquam libero recusandae deserunt. Officiis vitae sequi repellat qui. Voluptatem nesciunt aut id ut.', 'quis', 389090, NULL, '1981-02-23 16:26:18', '1980-05-23 00:00:00');
INSERT INTO `media` (`id`, `media_type_id`, `user_id`, `body`, `filename`, `size`, `metadata`, `created_at`, `updated_at`) VALUES ('6', '1', '6', 'Non nihil veritatis minima consequatur exercitationem. Fugiat recusandae necessitatibus aliquid. Deserunt ex voluptas pariatur doloremque repellat ipsa ipsum. Earum id vitae magni ea totam.', 'non', 256804, NULL, '1980-10-11 00:40:48', '1986-07-20 00:00:00');
INSERT INTO `media` (`id`, `media_type_id`, `user_id`, `body`, `filename`, `size`, `metadata`, `created_at`, `updated_at`) VALUES ('7', '2', '7', 'Doloremque id sit recusandae ducimus. Recusandae earum magni consequatur dolorum. Omnis repellat ipsa odit. Fugit eaque quis non voluptas hic omnis.', 'nisi', 1, NULL, '1999-04-06 19:20:34', '2017-09-12 00:00:00');
INSERT INTO `media` (`id`, `media_type_id`, `user_id`, `body`, `filename`, `size`, `metadata`, `created_at`, `updated_at`) VALUES ('8', '3', '8', 'Voluptatibus quo dolor aut. Aspernatur molestias eum doloremque est sunt id. Enim placeat odit neque voluptatibus voluptatem quia architecto. Expedita pariatur voluptatem est voluptas in sit recusandae.', 'recusandae', 35, NULL, '1988-11-25 12:53:50', '1987-06-27 00:00:00');
INSERT INTO `media` (`id`, `media_type_id`, `user_id`, `body`, `filename`, `size`, `metadata`, `created_at`, `updated_at`) VALUES ('9', '4', '9', 'Sed et quasi asperiores consequuntur maxime blanditiis. Sunt recusandae omnis qui totam vel atque id. Mollitia iusto nesciunt magni eos qui assumenda.', 'enim', 0, NULL, '1984-08-24 22:18:03', '1984-01-17 00:00:00');
INSERT INTO `media` (`id`, `media_type_id`, `user_id`, `body`, `filename`, `size`, `metadata`, `created_at`, `updated_at`) VALUES ('10', '5', '10', 'Vero dolor natus eveniet. Eius molestiae aspernatur quam eius. Omnis est et nihil et. Ea dolorum est ipsa quos accusantium voluptatem.', 'et', 44, NULL, '2014-02-16 18:57:27', '1991-09-17 00:00:00');
INSERT INTO `media` (`id`, `media_type_id`, `user_id`, `body`, `filename`, `size`, `metadata`, `created_at`, `updated_at`) VALUES ('11', '1', '11', 'Perferendis sed consectetur quaerat vitae debitis dolor consequuntur aut. Reprehenderit ut sed ea iste eius earum. Doloribus sed laboriosam sunt placeat repellendus maxime minus excepturi.', 'ut', 59346003, NULL, '2008-08-17 00:50:51', '1992-11-20 00:00:00');
INSERT INTO `media` (`id`, `media_type_id`, `user_id`, `body`, `filename`, `size`, `metadata`, `created_at`, `updated_at`) VALUES ('12', '2', '12', 'Beatae sunt tempora ea eos. Repellat sed reprehenderit consequatur suscipit cum. Optio placeat velit tempora qui suscipit iste ut.', 'ipsam', 1, NULL, '1997-09-27 17:17:05', '2003-09-11 00:00:00');
INSERT INTO `media` (`id`, `media_type_id`, `user_id`, `body`, `filename`, `size`, `metadata`, `created_at`, `updated_at`) VALUES ('13', '3', '13', 'Est praesentium et voluptatibus delectus vero nulla. Sapiente amet iste blanditiis quisquam. Error ut voluptate rerum molestias possimus. Consequatur ut sed ad.', 'cum', 640, NULL, '1974-01-23 01:01:03', '1974-03-13 00:00:00');
INSERT INTO `media` (`id`, `media_type_id`, `user_id`, `body`, `filename`, `size`, `metadata`, `created_at`, `updated_at`) VALUES ('14', '4', '14', 'Odit magnam similique qui voluptatibus impedit aliquam. Dolore adipisci rerum error ut quam dolorum error qui. Et libero voluptatibus dignissimos veniam. Minima tempore deserunt ut qui sed in dolores.', 'voluptatem', 1603198, NULL, '1995-06-27 12:10:55', '1984-10-18 00:00:00');
INSERT INTO `media` (`id`, `media_type_id`, `user_id`, `body`, `filename`, `size`, `metadata`, `created_at`, `updated_at`) VALUES ('15', '5', '15', 'Fugiat alias eum ea officia ut eligendi modi. Dolores perferendis similique temporibus voluptatem iure.', 'qui', 1892, NULL, '2012-04-28 22:28:43', '1990-04-06 00:00:00');
INSERT INTO `media` (`id`, `media_type_id`, `user_id`, `body`, `filename`, `size`, `metadata`, `created_at`, `updated_at`) VALUES ('16', '1', '16', 'Sunt reprehenderit esse fugit libero. Aut et tempore est ut. Ut nulla expedita velit numquam suscipit.', 'quod', 2418, NULL, '1980-08-02 10:13:27', '2019-02-15 00:00:00');
INSERT INTO `media` (`id`, `media_type_id`, `user_id`, `body`, `filename`, `size`, `metadata`, `created_at`, `updated_at`) VALUES ('17', '2', '17', 'Cum ut aut qui sit enim labore in. Id voluptate quibusdam fugit dolorem necessitatibus nisi. Quod dignissimos occaecati omnis sunt.', 'quibusdam', 1, NULL, '1997-10-29 19:15:31', '1987-05-30 00:00:00');
INSERT INTO `media` (`id`, `media_type_id`, `user_id`, `body`, `filename`, `size`, `metadata`, `created_at`, `updated_at`) VALUES ('18', '3', '18', 'Aut voluptas assumenda et voluptatem inventore. Optio quia sed qui. Et omnis eum non.', 'perferendis', 0, NULL, '1996-12-18 05:07:04', '2012-10-29 00:00:00');
INSERT INTO `media` (`id`, `media_type_id`, `user_id`, `body`, `filename`, `size`, `metadata`, `created_at`, `updated_at`) VALUES ('19', '4', '19', 'Ex eos dolor sapiente ut. Exercitationem praesentium molestiae ex accusamus. Odio a vitae dignissimos perferendis nulla ipsa. Qui amet nihil deleniti provident. Qui velit quo nihil dolore.', 'facere', 11, NULL, '1983-06-07 05:27:49', '2002-07-19 00:00:00');
INSERT INTO `media` (`id`, `media_type_id`, `user_id`, `body`, `filename`, `size`, `metadata`, `created_at`, `updated_at`) VALUES ('20', '5', '20', 'Iste quod est ipsam. Dolor suscipit quia voluptas rerum reprehenderit similique cumque. Consequatur eos voluptas commodi nihil veniam. Magni iste nulla ipsam illo et fugit.', 'rerum', 1, NULL, '1971-02-21 21:42:58', '1992-04-06 00:00:00');
INSERT INTO `media` (`id`, `media_type_id`, `user_id`, `body`, `filename`, `size`, `metadata`, `created_at`, `updated_at`) VALUES ('21', '1', '21', 'Culpa aut illum eius est. Quidem perferendis et omnis voluptatem. Veniam consequatur nisi sed a ut. Velit eligendi facere exercitationem magnam labore illo enim est.', 'et', 1, NULL, '2020-04-17 08:51:22', '1981-03-14 00:00:00');
INSERT INTO `media` (`id`, `media_type_id`, `user_id`, `body`, `filename`, `size`, `metadata`, `created_at`, `updated_at`) VALUES ('22', '2', '22', 'Debitis et ut dolore consequatur voluptatibus perferendis sed. Ut id sapiente inventore dicta cum cumque mollitia explicabo. Qui nemo et et qui et consequatur illum. Quisquam optio expedita est iure deleniti quo.', 'aut', 1, NULL, '1995-09-12 20:42:03', '2015-08-18 00:00:00');
INSERT INTO `media` (`id`, `media_type_id`, `user_id`, `body`, `filename`, `size`, `metadata`, `created_at`, `updated_at`) VALUES ('23', '3', '23', 'Voluptatum eveniet perspiciatis aperiam voluptatem enim animi dolore. Veniam doloremque ad provident ullam ut aut. In illo quaerat voluptas et nostrum laboriosam. Similique et facilis quos neque.', 'nobis', 6, NULL, '2007-11-22 22:37:28', '1993-11-21 00:00:00');
INSERT INTO `media` (`id`, `media_type_id`, `user_id`, `body`, `filename`, `size`, `metadata`, `created_at`, `updated_at`) VALUES ('24', '4', '24', 'At quaerat ratione exercitationem sit amet. Et necessitatibus dolor ab quis impedit. Itaque in dolor modi nemo ipsa nihil sed.', 'tenetur', 185282315, NULL, '1997-10-24 02:28:38', '1997-09-28 00:00:00');
INSERT INTO `media` (`id`, `media_type_id`, `user_id`, `body`, `filename`, `size`, `metadata`, `created_at`, `updated_at`) VALUES ('25', '5', '25', 'Ad inventore nemo ex et fugiat. Nulla quia voluptate non eum eaque magnam. Maxime necessitatibus dolor veritatis.', 'inventore', 0, NULL, '1978-03-15 20:23:12', '1988-12-25 00:00:00');
INSERT INTO `media` (`id`, `media_type_id`, `user_id`, `body`, `filename`, `size`, `metadata`, `created_at`, `updated_at`) VALUES ('26', '1', '26', 'Harum sit voluptatum beatae nesciunt alias omnis accusamus. Cum velit necessitatibus dolores nesciunt placeat reprehenderit et. Quod recusandae quia ab sed perspiciatis.', 'accusamus', 118945091, NULL, '1975-04-26 00:50:02', '1987-08-28 00:00:00');
INSERT INTO `media` (`id`, `media_type_id`, `user_id`, `body`, `filename`, `size`, `metadata`, `created_at`, `updated_at`) VALUES ('27', '2', '27', 'Facilis facere eum fugit est voluptatem et nemo. Neque libero dolorem iusto debitis architecto. Voluptatem facilis iusto adipisci rerum aut. Alias iusto magnam et temporibus neque quia.', 'et', 4237614, NULL, '1977-09-13 20:09:09', '1996-03-26 00:00:00');
INSERT INTO `media` (`id`, `media_type_id`, `user_id`, `body`, `filename`, `size`, `metadata`, `created_at`, `updated_at`) VALUES ('28', '3', '28', 'Voluptatem ad in ab et. Autem et placeat et delectus quod consequatur dolores. Odit quia ut minus omnis facilis. Illo perferendis esse aut iure eaque nulla dolor.', 'quas', 325, NULL, '2000-01-06 13:20:02', '2001-07-22 00:00:00');
INSERT INTO `media` (`id`, `media_type_id`, `user_id`, `body`, `filename`, `size`, `metadata`, `created_at`, `updated_at`) VALUES ('29', '4', '29', 'Suscipit deserunt sed aut rerum. Aut ea et laudantium ipsa aut facilis eveniet. Beatae aliquid incidunt autem porro veritatis debitis. Vero omnis voluptate incidunt assumenda.', 'quasi', 34, NULL, '2016-01-28 18:05:35', '1971-01-19 00:00:00');
INSERT INTO `media` (`id`, `media_type_id`, `user_id`, `body`, `filename`, `size`, `metadata`, `created_at`, `updated_at`) VALUES ('30', '5', '30', 'Recusandae maiores fugit quisquam molestiae facere iste. Id porro esse magnam et eveniet cupiditate. Porro omnis qui voluptatem et sequi dignissimos et. Aliquid sunt esse enim dignissimos.', 'voluptatem', 4942303, NULL, '2018-08-14 12:59:40', '2003-02-24 00:00:00');
INSERT INTO `media` (`id`, `media_type_id`, `user_id`, `body`, `filename`, `size`, `metadata`, `created_at`, `updated_at`) VALUES ('31', '1', '31', 'Eius quaerat sed voluptas consequuntur. Quod dignissimos voluptate eum. Soluta aut eos ab labore quidem reiciendis dolorem id.', 'modi', 742379739, NULL, '1984-10-19 20:26:29', '2018-11-04 00:00:00');
INSERT INTO `media` (`id`, `media_type_id`, `user_id`, `body`, `filename`, `size`, `metadata`, `created_at`, `updated_at`) VALUES ('32', '2', '32', 'Quam unde sed sint voluptate reprehenderit numquam ipsum enim. Nemo at saepe qui voluptate voluptatem porro nesciunt. Libero fuga hic eius in quae. Qui cupiditate qui quas qui.', 'qui', 28212777, NULL, '2006-01-13 04:16:05', '1970-09-24 00:00:00');
INSERT INTO `media` (`id`, `media_type_id`, `user_id`, `body`, `filename`, `size`, `metadata`, `created_at`, `updated_at`) VALUES ('33', '3', '33', 'Enim id ut est architecto. Vitae ipsam qui voluptatem qui fugit. Ut in pariatur voluptatibus.', 'sint', 48, NULL, '1985-08-23 02:03:24', '1991-05-10 00:00:00');
INSERT INTO `media` (`id`, `media_type_id`, `user_id`, `body`, `filename`, `size`, `metadata`, `created_at`, `updated_at`) VALUES ('34', '4', '34', 'Autem autem nulla quos optio. Sapiente et repellendus sit quia est iure qui. Perferendis quasi itaque illo placeat.', 'nihil', 403818, NULL, '1997-05-28 04:18:00', '1985-02-14 00:00:00');
INSERT INTO `media` (`id`, `media_type_id`, `user_id`, `body`, `filename`, `size`, `metadata`, `created_at`, `updated_at`) VALUES ('35', '5', '35', 'Sunt sequi tempore architecto ut molestiae consequatur. Quia ad qui beatae et. Voluptatem laborum odio atque tenetur doloremque velit. Fugit quo et sit vero laboriosam.', 'et', 5, NULL, '1996-08-23 23:06:37', '1970-11-09 00:00:00');
INSERT INTO `media` (`id`, `media_type_id`, `user_id`, `body`, `filename`, `size`, `metadata`, `created_at`, `updated_at`) VALUES ('36', '1', '36', 'Quis natus nisi voluptate sit ut vel. Ea recusandae cum qui qui. Aut magni nesciunt qui necessitatibus reprehenderit. Odio ipsam qui alias aut. Est eos omnis exercitationem.', 'ad', 16635091, NULL, '1984-08-05 09:48:18', '1990-04-30 00:00:00');
INSERT INTO `media` (`id`, `media_type_id`, `user_id`, `body`, `filename`, `size`, `metadata`, `created_at`, `updated_at`) VALUES ('37', '2', '37', 'Est eos et et perspiciatis odio quisquam modi possimus. Suscipit ducimus optio incidunt ab repellendus doloremque. Dolorem et eligendi impedit at sed. Reprehenderit excepturi illo quis est.', 'laboriosam', 71040820, NULL, '2004-06-15 19:28:28', '1976-03-31 00:00:00');
INSERT INTO `media` (`id`, `media_type_id`, `user_id`, `body`, `filename`, `size`, `metadata`, `created_at`, `updated_at`) VALUES ('38', '3', '38', 'Error et sunt et sit et sed necessitatibus. Enim quos enim possimus ad temporibus. Ut voluptas non sunt enim. Est vel perferendis accusamus molestiae et dolore.', 'vel', 622, NULL, '1984-03-08 07:57:18', '2008-03-15 00:00:00');
INSERT INTO `media` (`id`, `media_type_id`, `user_id`, `body`, `filename`, `size`, `metadata`, `created_at`, `updated_at`) VALUES ('39', '4', '39', 'Facilis sapiente ab aut sit dolore aut. Omnis quia molestiae rerum necessitatibus mollitia inventore porro. Dolor eligendi excepturi accusamus voluptatem excepturi voluptatem. Voluptatibus excepturi vero dolores sit.', 'magni', 1, NULL, '1986-09-18 14:58:54', '1970-08-20 00:00:00');
INSERT INTO `media` (`id`, `media_type_id`, `user_id`, `body`, `filename`, `size`, `metadata`, `created_at`, `updated_at`) VALUES ('40', '5', '40', 'Sunt unde error cum sunt labore facilis officiis. Ipsam aut fugit est minus quaerat maiores nobis harum. Explicabo magni perferendis sapiente.', 'cumque', 50, NULL, '2016-01-04 23:12:55', '2005-10-15 00:00:00');
INSERT INTO `media` (`id`, `media_type_id`, `user_id`, `body`, `filename`, `size`, `metadata`, `created_at`, `updated_at`) VALUES ('41', '1', '41', 'Voluptas quos est numquam qui. Cumque deleniti quisquam non facere nostrum et. Illo ut maiores quia vel libero quis totam. Placeat expedita in sit eius similique cupiditate ad ducimus.', 'totam', 1, NULL, '2011-02-13 06:49:18', '2009-07-24 00:00:00');
INSERT INTO `media` (`id`, `media_type_id`, `user_id`, `body`, `filename`, `size`, `metadata`, `created_at`, `updated_at`) VALUES ('42', '2', '42', 'Necessitatibus nihil enim consequuntur enim ratione. Cum labore laborum molestiae impedit autem. Sunt cupiditate nostrum quia sint molestiae nemo ex. Et necessitatibus sed quibusdam fugit numquam et.', 'quia', 101397182, NULL, '2012-03-20 08:04:53', '1995-09-10 00:00:00');
INSERT INTO `media` (`id`, `media_type_id`, `user_id`, `body`, `filename`, `size`, `metadata`, `created_at`, `updated_at`) VALUES ('43', '3', '43', 'Cumque voluptatum ea voluptatem sint quis. Voluptates mollitia ipsum vero nisi soluta reprehenderit nobis. Expedita ut suscipit voluptates. Tenetur ut labore dolorum sit.', 'dicta', 861, NULL, '2017-06-04 23:33:52', '1996-10-09 00:00:00');
INSERT INTO `media` (`id`, `media_type_id`, `user_id`, `body`, `filename`, `size`, `metadata`, `created_at`, `updated_at`) VALUES ('44', '4', '44', 'Explicabo perspiciatis molestiae et pariatur delectus inventore id. Voluptatem voluptatem non facere excepturi dicta laboriosam ex. Dicta dolor eveniet beatae perferendis.', 'neque', 6, NULL, '1974-03-05 18:33:15', '2010-08-07 00:00:00');
INSERT INTO `media` (`id`, `media_type_id`, `user_id`, `body`, `filename`, `size`, `metadata`, `created_at`, `updated_at`) VALUES ('45', '5', '45', 'Similique a enim vel perferendis. Quia et quis totam debitis quisquam. In explicabo cum nihil.', 'impedit', 24, NULL, '2002-04-06 19:15:20', '2009-11-02 00:00:00');
INSERT INTO `media` (`id`, `media_type_id`, `user_id`, `body`, `filename`, `size`, `metadata`, `created_at`, `updated_at`) VALUES ('46', '1', '46', 'Placeat magni quam suscipit hic ea dignissimos ut. Quisquam debitis aut commodi sed tenetur. Et voluptatibus facilis aut minima impedit. Praesentium quibusdam autem laboriosam.', 'aut', 8204260, NULL, '1994-10-29 14:13:06', '2003-05-20 00:00:00');
INSERT INTO `media` (`id`, `media_type_id`, `user_id`, `body`, `filename`, `size`, `metadata`, `created_at`, `updated_at`) VALUES ('47', '2', '47', 'Repellendus recusandae ab tempora. Labore error qui dolore labore. Eveniet amet eius amet.', 'ut', 246035064, NULL, '2011-03-05 06:22:56', '2011-05-12 00:00:00');
INSERT INTO `media` (`id`, `media_type_id`, `user_id`, `body`, `filename`, `size`, `metadata`, `created_at`, `updated_at`) VALUES ('48', '3', '48', 'Vero aut architecto in excepturi et. Nihil eum illum minima est sit. Quo libero culpa voluptatem consequuntur. Eligendi quibusdam ut est enim corporis optio officia.', 'nihil', 402770292, NULL, '1979-06-09 00:26:34', '2019-05-06 00:00:00');
INSERT INTO `media` (`id`, `media_type_id`, `user_id`, `body`, `filename`, `size`, `metadata`, `created_at`, `updated_at`) VALUES ('49', '4', '49', 'Et in voluptates ut et perferendis repellendus ipsam incidunt. Dolores explicabo voluptatem dolores ut doloremque commodi. Sed qui esse doloribus repudiandae rerum et distinctio sed.', 'qui', 1574182, NULL, '1977-09-17 17:45:02', '1982-08-26 00:00:00');
INSERT INTO `media` (`id`, `media_type_id`, `user_id`, `body`, `filename`, `size`, `metadata`, `created_at`, `updated_at`) VALUES ('50', '5', '50', 'Neque iusto et nobis odit debitis architecto. Eos qui vitae est incidunt. Et fugiat molestiae atque et delectus. Soluta laudantium quidem nihil. Illum repellat sed qui ea dolor quas.', 'illum', 46216, NULL, '2005-06-19 15:28:12', '2007-09-01 00:00:00');
INSERT INTO `media` (`id`, `media_type_id`, `user_id`, `body`, `filename`, `size`, `metadata`, `created_at`, `updated_at`) VALUES ('51', '1', '51', 'Quibusdam ipsam aspernatur explicabo eveniet dignissimos. Porro quas distinctio voluptas reiciendis hic. Aspernatur ea nisi sapiente qui esse.', 'saepe', 220, NULL, '2005-08-12 17:10:14', '1971-03-20 00:00:00');
INSERT INTO `media` (`id`, `media_type_id`, `user_id`, `body`, `filename`, `size`, `metadata`, `created_at`, `updated_at`) VALUES ('52', '2', '52', 'Rerum aut dolor et dolor. Explicabo ut praesentium voluptatem occaecati in.', 'odio', 55248407, NULL, '1977-11-15 16:55:18', '2014-07-29 00:00:00');
INSERT INTO `media` (`id`, `media_type_id`, `user_id`, `body`, `filename`, `size`, `metadata`, `created_at`, `updated_at`) VALUES ('53', '3', '53', 'Tenetur quaerat earum quisquam iste esse dignissimos tempore facilis. Et laboriosam blanditiis quas voluptates. Sapiente aut et quo ex itaque quia natus.', 'rerum', 37659942, NULL, '2006-03-25 02:03:55', '1975-08-09 00:00:00');
INSERT INTO `media` (`id`, `media_type_id`, `user_id`, `body`, `filename`, `size`, `metadata`, `created_at`, `updated_at`) VALUES ('54', '4', '54', 'Officia nulla porro odio ducimus dolore deleniti. Aut dolor ab impedit eos est. In iure omnis eaque magni voluptatibus est occaecati est.', 'sapiente', 117, NULL, '1988-09-16 22:19:03', '2018-10-31 00:00:00');
INSERT INTO `media` (`id`, `media_type_id`, `user_id`, `body`, `filename`, `size`, `metadata`, `created_at`, `updated_at`) VALUES ('55', '5', '55', 'Illum necessitatibus vel enim maxime. Quasi repellendus dolores aut aut adipisci consequatur.', 'voluptatibus', 71983, NULL, '1982-09-09 22:51:18', '1980-07-07 00:00:00');
INSERT INTO `media` (`id`, `media_type_id`, `user_id`, `body`, `filename`, `size`, `metadata`, `created_at`, `updated_at`) VALUES ('56', '1', '56', 'Est dolorem laborum quia voluptas voluptas quo. Maiores aut aut facere nemo et aliquid. Accusantium harum iusto harum non. Ex placeat ex quo.', 'enim', 1883638, NULL, '1998-02-05 05:49:15', '2008-02-14 00:00:00');
INSERT INTO `media` (`id`, `media_type_id`, `user_id`, `body`, `filename`, `size`, `metadata`, `created_at`, `updated_at`) VALUES ('57', '2', '57', 'Odit quia autem id et est voluptatem. Est distinctio ut adipisci est corrupti. Dolorem eum quia reprehenderit occaecati. Omnis et mollitia beatae error esse eligendi tempora. Quod minus vel repudiandae et temporibus aut hic ipsum.', 'qui', 2, NULL, '1995-04-17 17:46:02', '2018-01-25 00:00:00');
INSERT INTO `media` (`id`, `media_type_id`, `user_id`, `body`, `filename`, `size`, `metadata`, `created_at`, `updated_at`) VALUES ('58', '3', '58', 'Soluta provident id totam accusantium magni a assumenda. Eligendi minus quisquam non dolorem libero. Eius quod dolores aut impedit aliquam.', 'occaecati', 2, NULL, '1980-04-01 05:20:13', '1979-03-07 00:00:00');
INSERT INTO `media` (`id`, `media_type_id`, `user_id`, `body`, `filename`, `size`, `metadata`, `created_at`, `updated_at`) VALUES ('59', '4', '59', 'Unde sit sed ipsa ad dolor et similique iste. Perspiciatis omnis laboriosam et pariatur. Deleniti eos ducimus cumque facere est. In est itaque exercitationem.', 'non', 0, NULL, '2014-09-01 10:41:35', '2005-10-26 00:00:00');
INSERT INTO `media` (`id`, `media_type_id`, `user_id`, `body`, `filename`, `size`, `metadata`, `created_at`, `updated_at`) VALUES ('60', '5', '60', 'Delectus quia expedita hic quia. Temporibus et facere neque eligendi quidem. Earum dolor nihil ducimus earum soluta sed illo.', 'nihil', 3017, NULL, '2014-10-25 06:58:16', '2013-06-10 00:00:00');
INSERT INTO `media` (`id`, `media_type_id`, `user_id`, `body`, `filename`, `size`, `metadata`, `created_at`, `updated_at`) VALUES ('61', '1', '61', 'Voluptatem quo voluptas et. Voluptates et in voluptatem dicta dignissimos. Consequatur illo molestias voluptatem sed accusamus animi.', 'quos', 43965321, NULL, '1976-11-29 16:36:16', '1996-01-04 00:00:00');
INSERT INTO `media` (`id`, `media_type_id`, `user_id`, `body`, `filename`, `size`, `metadata`, `created_at`, `updated_at`) VALUES ('62', '2', '62', 'Sit modi provident tempore quia quia asperiores praesentium. Et quaerat quis quos eligendi quasi. Quia autem molestiae et hic perspiciatis commodi temporibus quia.', 'qui', 219, NULL, '1977-06-29 16:59:40', '1983-10-12 00:00:00');
INSERT INTO `media` (`id`, `media_type_id`, `user_id`, `body`, `filename`, `size`, `metadata`, `created_at`, `updated_at`) VALUES ('63', '3', '63', 'Natus quasi enim asperiores et consequatur accusamus. Quod hic vel non in. Illo consequatur illo laboriosam dolores nihil maxime. Est cumque quos fugiat numquam consequuntur. Quaerat recusandae et voluptates qui et ut animi.', 'ex', 478275, NULL, '2008-10-11 14:34:46', '1987-12-02 00:00:00');
INSERT INTO `media` (`id`, `media_type_id`, `user_id`, `body`, `filename`, `size`, `metadata`, `created_at`, `updated_at`) VALUES ('64', '4', '64', 'Aspernatur optio et enim qui cupiditate iste. Molestias omnis deserunt veniam incidunt ut voluptatibus. Exercitationem placeat ut quis ut. Id impedit rem velit accusamus rerum.', 'dolorem', 690, NULL, '1975-12-13 18:16:41', '1976-07-05 00:00:00');
INSERT INTO `media` (`id`, `media_type_id`, `user_id`, `body`, `filename`, `size`, `metadata`, `created_at`, `updated_at`) VALUES ('65', '5', '65', 'Voluptas ex sit vel laborum pariatur dignissimos. Aperiam ducimus officia est fugit rerum. Sed id sequi quis voluptatem facilis facere.', 'ut', 476358, NULL, '2010-08-11 20:07:57', '1993-08-16 00:00:00');
INSERT INTO `media` (`id`, `media_type_id`, `user_id`, `body`, `filename`, `size`, `metadata`, `created_at`, `updated_at`) VALUES ('66', '1', '66', 'Molestias deserunt rerum vel dolor. Ratione animi rerum est repellat. Error ut repellendus exercitationem rerum ullam qui.', 'inventore', 29347, NULL, '1996-02-05 20:16:24', '1973-12-20 00:00:00');
INSERT INTO `media` (`id`, `media_type_id`, `user_id`, `body`, `filename`, `size`, `metadata`, `created_at`, `updated_at`) VALUES ('67', '2', '67', 'Vitae voluptatum velit inventore quod velit nesciunt. Quod vero vero porro. Nemo dolorem vel at nemo cumque aliquid aspernatur.', 'molestiae', 2634, NULL, '2013-12-06 00:38:31', '2017-01-18 00:00:00');
INSERT INTO `media` (`id`, `media_type_id`, `user_id`, `body`, `filename`, `size`, `metadata`, `created_at`, `updated_at`) VALUES ('68', '3', '68', 'Dolor natus eveniet cupiditate veniam pariatur. Nisi omnis fugit dolores id consequatur aut distinctio. Vel officia suscipit et harum suscipit.', 'voluptas', 1761900, NULL, '1993-11-23 19:15:35', '2003-05-14 00:00:00');
INSERT INTO `media` (`id`, `media_type_id`, `user_id`, `body`, `filename`, `size`, `metadata`, `created_at`, `updated_at`) VALUES ('69', '4', '69', 'Quis nostrum libero recusandae sunt et assumenda. Qui sit tempora unde voluptatem et assumenda dicta. Id corporis in aut facere.', 'earum', 2, NULL, '1993-01-26 06:34:21', '1974-05-18 00:00:00');
INSERT INTO `media` (`id`, `media_type_id`, `user_id`, `body`, `filename`, `size`, `metadata`, `created_at`, `updated_at`) VALUES ('70', '5', '70', 'Voluptatibus rerum fuga tenetur eaque occaecati aperiam. Aut sed quia sequi qui. Deleniti nam optio omnis ut. Totam et quia eum non.', 'excepturi', 92, NULL, '2009-08-16 22:50:35', '1990-04-25 00:00:00');
INSERT INTO `media` (`id`, `media_type_id`, `user_id`, `body`, `filename`, `size`, `metadata`, `created_at`, `updated_at`) VALUES ('71', '1', '71', 'Suscipit perferendis ea aut illum omnis voluptatem. Et labore amet amet nemo suscipit aliquam. Porro quae ipsam voluptatum quaerat. Doloribus nisi tempora aut sequi ipsa veniam omnis. Rerum ut iure eaque placeat.', 'possimus', 1, NULL, '1997-02-09 20:26:03', '2016-08-28 00:00:00');
INSERT INTO `media` (`id`, `media_type_id`, `user_id`, `body`, `filename`, `size`, `metadata`, `created_at`, `updated_at`) VALUES ('72', '2', '72', 'In amet ratione eos sunt unde rem. Et dolores illum quis. Laborum ut voluptatem sit accusamus exercitationem qui dolor.', 'est', 19656654, NULL, '1981-08-26 05:37:00', '2015-07-01 00:00:00');
INSERT INTO `media` (`id`, `media_type_id`, `user_id`, `body`, `filename`, `size`, `metadata`, `created_at`, `updated_at`) VALUES ('73', '3', '73', 'Voluptatum debitis qui saepe quidem corrupti voluptatem officia. Aperiam voluptatibus unde voluptatum corrupti quis.', 'eos', 13478613, NULL, '2013-04-26 19:47:25', '1984-02-18 00:00:00');
INSERT INTO `media` (`id`, `media_type_id`, `user_id`, `body`, `filename`, `size`, `metadata`, `created_at`, `updated_at`) VALUES ('74', '4', '74', 'Necessitatibus sit magni reprehenderit quia. Illo reprehenderit ut aut ut. Tempora eum ex omnis tempore laborum.', 'tenetur', 26658680, NULL, '1998-02-03 02:57:39', '2000-02-09 00:00:00');
INSERT INTO `media` (`id`, `media_type_id`, `user_id`, `body`, `filename`, `size`, `metadata`, `created_at`, `updated_at`) VALUES ('75', '5', '75', 'Dicta dolorem occaecati nisi maiores quibusdam. Sit et velit expedita reprehenderit rerum pariatur exercitationem. Enim quia voluptates qui fugiat vel.', 'sit', 23964944, NULL, '2004-03-28 10:34:10', '1971-12-29 00:00:00');
INSERT INTO `media` (`id`, `media_type_id`, `user_id`, `body`, `filename`, `size`, `metadata`, `created_at`, `updated_at`) VALUES ('76', '1', '76', 'Qui sunt nobis aut id. Voluptatem et odio dolorem quis vel. Non aut est quos hic sit. Totam distinctio dolorem quia est.', 'aspernatur', 3230889, NULL, '1979-01-28 08:45:14', '1996-10-26 00:00:00');
INSERT INTO `media` (`id`, `media_type_id`, `user_id`, `body`, `filename`, `size`, `metadata`, `created_at`, `updated_at`) VALUES ('77', '2', '77', 'In voluptas officia consequatur qui. Ipsum eaque voluptate vitae. Consequatur ut aut cupiditate voluptatem commodi dolorum.', 'ipsa', 260, NULL, '1983-08-19 08:58:34', '2006-07-15 00:00:00');
INSERT INTO `media` (`id`, `media_type_id`, `user_id`, `body`, `filename`, `size`, `metadata`, `created_at`, `updated_at`) VALUES ('78', '3', '78', 'Voluptatem consectetur qui sunt rerum accusantium. Qui nihil temporibus veritatis ullam quo perferendis. Debitis alias qui consequatur autem. Tenetur veritatis dolores quas excepturi nihil sequi aut eius. Necessitatibus dignissimos recusandae atque ut sed.', 'temporibus', 96, NULL, '2007-06-03 04:31:21', '1998-11-27 00:00:00');
INSERT INTO `media` (`id`, `media_type_id`, `user_id`, `body`, `filename`, `size`, `metadata`, `created_at`, `updated_at`) VALUES ('79', '4', '79', 'Perferendis reiciendis deleniti consequuntur blanditiis qui. Voluptas sunt perspiciatis nulla commodi aliquid in minima. Optio qui consectetur odit maxime optio in. Quisquam dolorem laboriosam eum qui iure tenetur. Placeat et odio sed explicabo et nemo in reiciendis.', 'atque', 58716, NULL, '1989-08-28 14:46:22', '2002-11-14 00:00:00');
INSERT INTO `media` (`id`, `media_type_id`, `user_id`, `body`, `filename`, `size`, `metadata`, `created_at`, `updated_at`) VALUES ('80', '5', '80', 'Est delectus ut voluptatem veniam et minima sapiente. Repudiandae est sunt voluptatem dolor aut atque. Illum in eligendi iure et.', 'beatae', 14, NULL, '1998-09-26 13:21:57', '1982-08-31 00:00:00');
INSERT INTO `media` (`id`, `media_type_id`, `user_id`, `body`, `filename`, `size`, `metadata`, `created_at`, `updated_at`) VALUES ('81', '1', '81', 'Non rerum praesentium accusantium vero. Dolor ratione unde repudiandae quidem. Recusandae velit ut optio eligendi at animi. Eius ut alias eius aperiam eius. Qui repellat laborum est voluptatem provident.', 'nihil', 447588515, NULL, '1990-03-28 20:17:37', '2004-03-08 00:00:00');
INSERT INTO `media` (`id`, `media_type_id`, `user_id`, `body`, `filename`, `size`, `metadata`, `created_at`, `updated_at`) VALUES ('82', '2', '82', 'In officiis velit sed quis eius et voluptatem pariatur. Et ratione voluptatum quo molestiae sint aperiam. Unde dolorem ullam et consequatur perferendis quis a. Incidunt fugiat aspernatur quia quia.', 'impedit', 4174889, NULL, '1976-05-23 16:41:50', '1973-04-22 00:00:00');
INSERT INTO `media` (`id`, `media_type_id`, `user_id`, `body`, `filename`, `size`, `metadata`, `created_at`, `updated_at`) VALUES ('83', '3', '83', 'Ut fugiat aliquam omnis velit sit nam id. Hic reprehenderit quod tenetur numquam.', 'iste', 50087, NULL, '2012-06-16 09:10:52', '2017-12-18 00:00:00');
INSERT INTO `media` (`id`, `media_type_id`, `user_id`, `body`, `filename`, `size`, `metadata`, `created_at`, `updated_at`) VALUES ('84', '4', '84', 'Est inventore aut nisi minima aut. Consequatur placeat nihil quaerat. Sunt dolor sit perspiciatis magnam. Non dolorem delectus eum nihil incidunt.', 'dolorem', 900, NULL, '1978-10-28 09:45:55', '1988-07-01 00:00:00');
INSERT INTO `media` (`id`, `media_type_id`, `user_id`, `body`, `filename`, `size`, `metadata`, `created_at`, `updated_at`) VALUES ('85', '5', '85', 'Qui est minima sequi doloremque. Molestias sit fugiat et. Aut eum accusantium ex quo.', 'itaque', 70, NULL, '2017-03-31 11:17:37', '2007-10-18 00:00:00');
INSERT INTO `media` (`id`, `media_type_id`, `user_id`, `body`, `filename`, `size`, `metadata`, `created_at`, `updated_at`) VALUES ('86', '1', '86', 'Temporibus est optio asperiores quae. Placeat maiores quae eaque minima quis est aut. Facilis fugiat atque corporis qui ea inventore error harum. Animi qui doloribus ut dicta quos possimus.', 'eum', 533560, NULL, '1990-07-13 09:11:52', '1976-03-04 00:00:00');
INSERT INTO `media` (`id`, `media_type_id`, `user_id`, `body`, `filename`, `size`, `metadata`, `created_at`, `updated_at`) VALUES ('87', '2', '87', 'Veniam cumque porro vitae eum est odit. Incidunt possimus aut natus blanditiis dicta cupiditate quasi. Molestias ducimus illo dolores assumenda.', 'recusandae', 87921, NULL, '2008-10-02 23:48:01', '2003-09-27 00:00:00');
INSERT INTO `media` (`id`, `media_type_id`, `user_id`, `body`, `filename`, `size`, `metadata`, `created_at`, `updated_at`) VALUES ('88', '3', '88', 'Repudiandae sint ex exercitationem molestiae labore autem. Magni illum et libero deserunt cumque non. Similique illum veniam ab et qui. Placeat maiores molestiae possimus hic omnis qui. Culpa velit fugiat a in totam id.', 'quia', 347, NULL, '1996-05-16 23:01:47', '2000-11-25 00:00:00');
INSERT INTO `media` (`id`, `media_type_id`, `user_id`, `body`, `filename`, `size`, `metadata`, `created_at`, `updated_at`) VALUES ('89', '4', '89', 'Voluptate voluptas sunt atque quos. Deleniti reprehenderit repudiandae laboriosam nihil consequatur officiis porro. Aliquam quidem nihil aut repellat eum et illum.', 'quaerat', 17, NULL, '2019-12-29 06:51:22', '1976-08-11 00:00:00');
INSERT INTO `media` (`id`, `media_type_id`, `user_id`, `body`, `filename`, `size`, `metadata`, `created_at`, `updated_at`) VALUES ('90', '5', '90', 'Sed ullam autem quia. Quia rerum sequi voluptatum voluptate dolorem vero. Rem aut et quis numquam magnam. Perspiciatis nihil quo consequatur veritatis.', 'esse', 288465781, NULL, '1990-09-11 02:18:26', '2002-12-26 00:00:00');
INSERT INTO `media` (`id`, `media_type_id`, `user_id`, `body`, `filename`, `size`, `metadata`, `created_at`, `updated_at`) VALUES ('91', '1', '91', 'Rerum distinctio sed magnam nulla ullam. Commodi provident mollitia distinctio quam rerum. Dolorem molestias corporis asperiores magni nostrum sit natus.', 'tempora', 2347, NULL, '2000-02-27 14:16:11', '1997-05-16 00:00:00');
INSERT INTO `media` (`id`, `media_type_id`, `user_id`, `body`, `filename`, `size`, `metadata`, `created_at`, `updated_at`) VALUES ('92', '2', '92', 'Perferendis earum repellendus iusto sapiente et est. Corrupti qui nemo sint aut quia ut modi. Dolores est inventore et nihil natus nesciunt soluta. Deleniti omnis ut delectus repellat quidem beatae.', 'culpa', 318473018, NULL, '2011-03-17 04:52:35', '1983-05-28 00:00:00');
INSERT INTO `media` (`id`, `media_type_id`, `user_id`, `body`, `filename`, `size`, `metadata`, `created_at`, `updated_at`) VALUES ('93', '3', '93', 'Quidem adipisci blanditiis quia id sed odit. Aut error omnis aut. Non debitis aut dolores vel cupiditate est porro. Quisquam et ipsam aut aut voluptatem.', 'eum', 6, NULL, '2006-12-22 12:27:14', '2017-02-22 00:00:00');
INSERT INTO `media` (`id`, `media_type_id`, `user_id`, `body`, `filename`, `size`, `metadata`, `created_at`, `updated_at`) VALUES ('94', '4', '94', 'Distinctio deleniti occaecati hic qui. Officiis praesentium dolores sed atque et id commodi repellat. Sunt dicta rerum ex consequatur rerum nostrum delectus. Harum ut accusamus cumque et iure. Molestiae porro mollitia incidunt.', 'occaecati', 117308280, NULL, '1975-10-02 22:29:18', '2014-04-04 00:00:00');
INSERT INTO `media` (`id`, `media_type_id`, `user_id`, `body`, `filename`, `size`, `metadata`, `created_at`, `updated_at`) VALUES ('95', '5', '95', 'Voluptatem quibusdam quidem explicabo quo qui nemo. Recusandae rerum amet minima.', 'id', 155380944, NULL, '1999-09-09 06:59:11', '1993-02-19 00:00:00');
INSERT INTO `media` (`id`, `media_type_id`, `user_id`, `body`, `filename`, `size`, `metadata`, `created_at`, `updated_at`) VALUES ('96', '1', '96', 'Nisi alias esse maiores veritatis aut autem. Minus sit magnam aspernatur nulla. Ut sunt cupiditate sed quidem fugit ea sit. Molestiae illo ratione non a. Sit illo consequatur distinctio aut voluptatibus vel sit.', 'eligendi', 11709395, NULL, '2003-03-19 22:35:40', '2013-12-20 00:00:00');
INSERT INTO `media` (`id`, `media_type_id`, `user_id`, `body`, `filename`, `size`, `metadata`, `created_at`, `updated_at`) VALUES ('97', '2', '97', 'Velit repellat aut accusamus sed id. Rerum nam tempore tempore exercitationem vel recusandae odio ad. Aut autem sed consequuntur cumque omnis.', 'consequatur', 579209023, NULL, '1976-01-24 07:30:57', '2016-01-15 00:00:00');
INSERT INTO `media` (`id`, `media_type_id`, `user_id`, `body`, `filename`, `size`, `metadata`, `created_at`, `updated_at`) VALUES ('98', '3', '98', 'Omnis ea vitae ab consequatur. Reiciendis nam quod nulla iusto illo omnis. Tempore est ipsa omnis impedit et. Quas quisquam consequuntur odio non similique occaecati.', 'rerum', 15458801, NULL, '1987-07-04 12:40:50', '1984-02-16 00:00:00');
INSERT INTO `media` (`id`, `media_type_id`, `user_id`, `body`, `filename`, `size`, `metadata`, `created_at`, `updated_at`) VALUES ('99', '4', '99', 'Consequatur deleniti quasi quibusdam aut aut rerum autem. Praesentium tenetur ut ut eum quis voluptates. Non praesentium qui quia quasi. Quia consequatur est illum itaque debitis est ut.', 'aut', 43040887, NULL, '2019-07-13 18:05:02', '1981-01-12 00:00:00');
INSERT INTO `media` (`id`, `media_type_id`, `user_id`, `body`, `filename`, `size`, `metadata`, `created_at`, `updated_at`) VALUES ('100', '5', '100', 'Cumque rem distinctio reprehenderit. Eum quo cumque reprehenderit in vitae magnam.', 'voluptatem', 4, NULL, '2001-09-21 08:41:44', '2003-07-11 00:00:00');


#
# TABLE STRUCTURE FOR: likes
#

DROP TABLE IF EXISTS `likes`;

CREATE TABLE `likes` (
  `user_id` bigint(20) unsigned NOT NULL,
  `media_id` bigint(20) unsigned NOT NULL,
  `created_at` datetime DEFAULT current_timestamp(),
  KEY `user_id` (`user_id`),
  KEY `media_id` (`media_id`),
  CONSTRAINT `likes_ibfk_1` FOREIGN KEY (`user_id`) REFERENCES `users` (`id`),
  CONSTRAINT `likes_ibfk_2` FOREIGN KEY (`media_id`) REFERENCES `media` (`id`)
) ENGINE=InnoDB DEFAULT CHARSET=utf8 COLLATE=utf8_unicode_ci;

INSERT INTO `likes` (`user_id`, `media_id`, `created_at`) VALUES ('81', '82', '1993-05-10 06:47:08');
INSERT INTO `likes` (`user_id`, `media_id`, `created_at`) VALUES ('99', '16', '2012-07-10 15:20:33');
INSERT INTO `likes` (`user_id`, `media_id`, `created_at`) VALUES ('11', '13', '2003-11-11 09:35:01');
INSERT INTO `likes` (`user_id`, `media_id`, `created_at`) VALUES ('94', '17', '2018-02-26 08:38:38');
INSERT INTO `likes` (`user_id`, `media_id`, `created_at`) VALUES ('13', '27', '2016-07-12 17:52:46');
INSERT INTO `likes` (`user_id`, `media_id`, `created_at`) VALUES ('32', '34', '1994-07-23 11:20:33');
INSERT INTO `likes` (`user_id`, `media_id`, `created_at`) VALUES ('96', '94', '2010-10-08 18:33:49');
INSERT INTO `likes` (`user_id`, `media_id`, `created_at`) VALUES ('91', '54', '1998-02-11 09:18:13');
INSERT INTO `likes` (`user_id`, `media_id`, `created_at`) VALUES ('63', '93', '2014-09-30 10:00:01');
INSERT INTO `likes` (`user_id`, `media_id`, `created_at`) VALUES ('8', '88', '2001-07-28 18:12:52');
INSERT INTO `likes` (`user_id`, `media_id`, `created_at`) VALUES ('85', '17', '1992-10-30 00:29:09');
INSERT INTO `likes` (`user_id`, `media_id`, `created_at`) VALUES ('25', '9', '2013-10-21 12:17:06');
INSERT INTO `likes` (`user_id`, `media_id`, `created_at`) VALUES ('99', '82', '1989-07-05 19:04:44');
INSERT INTO `likes` (`user_id`, `media_id`, `created_at`) VALUES ('33', '51', '2000-07-27 20:50:15');
INSERT INTO `likes` (`user_id`, `media_id`, `created_at`) VALUES ('21', '86', '2001-04-08 08:04:58');
INSERT INTO `likes` (`user_id`, `media_id`, `created_at`) VALUES ('38', '1', '1990-01-14 08:37:19');
INSERT INTO `likes` (`user_id`, `media_id`, `created_at`) VALUES ('68', '36', '1977-05-10 03:44:45');
INSERT INTO `likes` (`user_id`, `media_id`, `created_at`) VALUES ('17', '78', '2006-03-14 14:52:14');
INSERT INTO `likes` (`user_id`, `media_id`, `created_at`) VALUES ('49', '11', '1979-10-01 12:20:51');
INSERT INTO `likes` (`user_id`, `media_id`, `created_at`) VALUES ('94', '62', '1974-11-16 19:26:49');
INSERT INTO `likes` (`user_id`, `media_id`, `created_at`) VALUES ('37', '26', '1997-05-21 06:32:47');
INSERT INTO `likes` (`user_id`, `media_id`, `created_at`) VALUES ('95', '33', '1989-05-31 16:48:32');
INSERT INTO `likes` (`user_id`, `media_id`, `created_at`) VALUES ('20', '86', '1974-02-17 15:27:46');
INSERT INTO `likes` (`user_id`, `media_id`, `created_at`) VALUES ('86', '82', '1993-03-26 09:05:21');
INSERT INTO `likes` (`user_id`, `media_id`, `created_at`) VALUES ('78', '93', '1987-10-10 09:13:28');
INSERT INTO `likes` (`user_id`, `media_id`, `created_at`) VALUES ('69', '62', '2003-06-05 18:19:12');
INSERT INTO `likes` (`user_id`, `media_id`, `created_at`) VALUES ('10', '94', '2008-11-04 11:02:20');
INSERT INTO `likes` (`user_id`, `media_id`, `created_at`) VALUES ('71', '8', '1989-09-20 14:36:43');
INSERT INTO `likes` (`user_id`, `media_id`, `created_at`) VALUES ('76', '3', '1985-09-08 05:21:48');
INSERT INTO `likes` (`user_id`, `media_id`, `created_at`) VALUES ('58', '96', '1999-11-28 04:23:13');
INSERT INTO `likes` (`user_id`, `media_id`, `created_at`) VALUES ('88', '96', '2017-04-28 03:20:14');
INSERT INTO `likes` (`user_id`, `media_id`, `created_at`) VALUES ('97', '56', '2017-12-01 21:28:51');
INSERT INTO `likes` (`user_id`, `media_id`, `created_at`) VALUES ('32', '13', '1976-08-24 11:22:17');
INSERT INTO `likes` (`user_id`, `media_id`, `created_at`) VALUES ('33', '81', '2008-12-04 00:34:00');
INSERT INTO `likes` (`user_id`, `media_id`, `created_at`) VALUES ('23', '27', '2004-08-06 21:21:22');
INSERT INTO `likes` (`user_id`, `media_id`, `created_at`) VALUES ('42', '59', '1995-08-18 02:33:24');
INSERT INTO `likes` (`user_id`, `media_id`, `created_at`) VALUES ('53', '37', '1987-02-04 12:51:31');
INSERT INTO `likes` (`user_id`, `media_id`, `created_at`) VALUES ('92', '72', '1990-01-19 08:51:38');
INSERT INTO `likes` (`user_id`, `media_id`, `created_at`) VALUES ('22', '77', '1996-02-28 20:54:00');
INSERT INTO `likes` (`user_id`, `media_id`, `created_at`) VALUES ('53', '99', '2003-10-25 00:15:26');
INSERT INTO `likes` (`user_id`, `media_id`, `created_at`) VALUES ('70', '22', '2004-01-04 18:53:52');
INSERT INTO `likes` (`user_id`, `media_id`, `created_at`) VALUES ('61', '79', '1993-05-11 12:16:10');
INSERT INTO `likes` (`user_id`, `media_id`, `created_at`) VALUES ('15', '31', '1992-11-27 05:55:36');
INSERT INTO `likes` (`user_id`, `media_id`, `created_at`) VALUES ('87', '91', '1999-04-11 17:09:54');
INSERT INTO `likes` (`user_id`, `media_id`, `created_at`) VALUES ('33', '45', '1983-03-02 12:12:53');
INSERT INTO `likes` (`user_id`, `media_id`, `created_at`) VALUES ('86', '21', '2014-08-22 22:21:44');
INSERT INTO `likes` (`user_id`, `media_id`, `created_at`) VALUES ('40', '83', '2019-10-22 23:46:41');
INSERT INTO `likes` (`user_id`, `media_id`, `created_at`) VALUES ('76', '71', '2003-09-11 15:00:46');
INSERT INTO `likes` (`user_id`, `media_id`, `created_at`) VALUES ('95', '9', '1978-06-02 06:09:50');
INSERT INTO `likes` (`user_id`, `media_id`, `created_at`) VALUES ('51', '18', '1992-05-20 00:22:23');
INSERT INTO `likes` (`user_id`, `media_id`, `created_at`) VALUES ('36', '93', '1984-04-16 01:56:03');
INSERT INTO `likes` (`user_id`, `media_id`, `created_at`) VALUES ('77', '88', '2008-04-20 12:41:59');
INSERT INTO `likes` (`user_id`, `media_id`, `created_at`) VALUES ('29', '68', '2017-11-12 06:08:37');
INSERT INTO `likes` (`user_id`, `media_id`, `created_at`) VALUES ('59', '51', '2018-07-05 01:34:06');
INSERT INTO `likes` (`user_id`, `media_id`, `created_at`) VALUES ('45', '12', '1977-05-24 22:06:16');
INSERT INTO `likes` (`user_id`, `media_id`, `created_at`) VALUES ('49', '14', '1977-11-18 21:02:51');
INSERT INTO `likes` (`user_id`, `media_id`, `created_at`) VALUES ('34', '9', '2000-11-20 13:04:06');
INSERT INTO `likes` (`user_id`, `media_id`, `created_at`) VALUES ('93', '49', '2000-04-01 07:56:55');
INSERT INTO `likes` (`user_id`, `media_id`, `created_at`) VALUES ('40', '79', '2006-06-30 03:05:32');
INSERT INTO `likes` (`user_id`, `media_id`, `created_at`) VALUES ('39', '72', '1987-03-20 23:28:10');
INSERT INTO `likes` (`user_id`, `media_id`, `created_at`) VALUES ('24', '25', '2004-07-30 04:00:04');
INSERT INTO `likes` (`user_id`, `media_id`, `created_at`) VALUES ('93', '63', '1972-08-24 23:56:29');
INSERT INTO `likes` (`user_id`, `media_id`, `created_at`) VALUES ('7', '68', '1977-09-30 21:23:09');
INSERT INTO `likes` (`user_id`, `media_id`, `created_at`) VALUES ('34', '2', '1989-01-01 05:25:42');
INSERT INTO `likes` (`user_id`, `media_id`, `created_at`) VALUES ('76', '85', '1997-06-19 14:05:01');
INSERT INTO `likes` (`user_id`, `media_id`, `created_at`) VALUES ('19', '11', '1988-08-28 11:43:51');
INSERT INTO `likes` (`user_id`, `media_id`, `created_at`) VALUES ('77', '95', '2015-04-09 11:06:22');
INSERT INTO `likes` (`user_id`, `media_id`, `created_at`) VALUES ('98', '5', '2003-07-27 04:04:09');
INSERT INTO `likes` (`user_id`, `media_id`, `created_at`) VALUES ('62', '57', '1971-06-26 16:13:46');
INSERT INTO `likes` (`user_id`, `media_id`, `created_at`) VALUES ('55', '6', '2020-01-05 13:47:37');
INSERT INTO `likes` (`user_id`, `media_id`, `created_at`) VALUES ('69', '4', '1995-08-14 00:54:44');
INSERT INTO `likes` (`user_id`, `media_id`, `created_at`) VALUES ('20', '2', '1976-11-07 17:07:18');
INSERT INTO `likes` (`user_id`, `media_id`, `created_at`) VALUES ('13', '13', '1973-09-01 04:26:10');
INSERT INTO `likes` (`user_id`, `media_id`, `created_at`) VALUES ('50', '52', '2018-05-18 17:53:29');
INSERT INTO `likes` (`user_id`, `media_id`, `created_at`) VALUES ('91', '89', '2001-07-25 14:10:48');
INSERT INTO `likes` (`user_id`, `media_id`, `created_at`) VALUES ('24', '15', '1974-06-19 06:02:14');
INSERT INTO `likes` (`user_id`, `media_id`, `created_at`) VALUES ('13', '16', '1975-08-19 02:45:04');
INSERT INTO `likes` (`user_id`, `media_id`, `created_at`) VALUES ('78', '19', '2005-04-14 06:43:22');
INSERT INTO `likes` (`user_id`, `media_id`, `created_at`) VALUES ('84', '11', '1970-09-06 20:25:07');
INSERT INTO `likes` (`user_id`, `media_id`, `created_at`) VALUES ('21', '59', '2018-07-16 00:41:50');
INSERT INTO `likes` (`user_id`, `media_id`, `created_at`) VALUES ('95', '39', '1984-07-18 04:14:03');
INSERT INTO `likes` (`user_id`, `media_id`, `created_at`) VALUES ('70', '72', '1999-03-02 03:36:56');
INSERT INTO `likes` (`user_id`, `media_id`, `created_at`) VALUES ('33', '68', '2019-06-10 16:34:17');
INSERT INTO `likes` (`user_id`, `media_id`, `created_at`) VALUES ('77', '95', '1982-02-07 12:07:45');
INSERT INTO `likes` (`user_id`, `media_id`, `created_at`) VALUES ('24', '32', '1984-04-11 12:16:51');
INSERT INTO `likes` (`user_id`, `media_id`, `created_at`) VALUES ('100', '92', '1998-02-19 06:53:50');
INSERT INTO `likes` (`user_id`, `media_id`, `created_at`) VALUES ('35', '20', '1996-06-24 12:59:17');
INSERT INTO `likes` (`user_id`, `media_id`, `created_at`) VALUES ('94', '48', '2005-07-09 21:00:36');
INSERT INTO `likes` (`user_id`, `media_id`, `created_at`) VALUES ('32', '43', '1972-09-26 09:44:42');
INSERT INTO `likes` (`user_id`, `media_id`, `created_at`) VALUES ('100', '23', '1978-03-11 17:20:18');
INSERT INTO `likes` (`user_id`, `media_id`, `created_at`) VALUES ('31', '24', '1970-08-28 06:32:51');
INSERT INTO `likes` (`user_id`, `media_id`, `created_at`) VALUES ('37', '44', '1994-02-25 08:51:17');
INSERT INTO `likes` (`user_id`, `media_id`, `created_at`) VALUES ('40', '14', '2008-10-24 00:42:22');
INSERT INTO `likes` (`user_id`, `media_id`, `created_at`) VALUES ('63', '23', '1989-06-15 03:21:55');
INSERT INTO `likes` (`user_id`, `media_id`, `created_at`) VALUES ('25', '83', '2002-06-28 18:25:11');
INSERT INTO `likes` (`user_id`, `media_id`, `created_at`) VALUES ('81', '19', '1999-07-09 16:15:13');
INSERT INTO `likes` (`user_id`, `media_id`, `created_at`) VALUES ('21', '51', '1997-02-25 04:22:50');
INSERT INTO `likes` (`user_id`, `media_id`, `created_at`) VALUES ('91', '54', '1977-04-07 18:05:06');
INSERT INTO `likes` (`user_id`, `media_id`, `created_at`) VALUES ('18', '67', '1997-03-31 19:43:35');
INSERT INTO `likes` (`user_id`, `media_id`, `created_at`) VALUES ('48', '41', '1998-01-19 08:53:42');






#
# TABLE STRUCTURE FOR: messages
#

DROP TABLE IF EXISTS `messages`;

CREATE TABLE `messages` (
  `id` bigint(20) unsigned NOT NULL AUTO_INCREMENT,
  `from_user_id` bigint(20) unsigned NOT NULL,
  `to_user_id` bigint(20) unsigned NOT NULL,
  `body` text COLLATE utf8_unicode_ci DEFAULT NULL,
  `created_at` datetime DEFAULT current_timestamp(),
  PRIMARY KEY (`id`),
  KEY `messages_from_user_id` (`from_user_id`),
  KEY `messages_to_user_id` (`to_user_id`),
  CONSTRAINT `messages_ibfk_1` FOREIGN KEY (`from_user_id`) REFERENCES `users` (`id`),
  CONSTRAINT `messages_ibfk_2` FOREIGN KEY (`to_user_id`) REFERENCES `users` (`id`)
) ENGINE=InnoDB AUTO_INCREMENT=101 DEFAULT CHARSET=utf8 COLLATE=utf8_unicode_ci;

INSERT INTO `messages` (`id`, `from_user_id`, `to_user_id`, `body`, `created_at`) VALUES ('1', '78', '29', 'Cumque quia cumque sed sit ratione et consectetur rem. Ipsa animi voluptas quisquam sequi. Magni qui tempora ad quibusdam id corporis cupiditate. Dignissimos id accusamus eius voluptatem aut.', '2001-03-01 01:11:28');
INSERT INTO `messages` (`id`, `from_user_id`, `to_user_id`, `body`, `created_at`) VALUES ('2', '19', '51', 'Aliquid sed nostrum eos quas aut voluptas. Molestias ut dicta aut ut ut harum. Ratione dolor ea dolorem fuga excepturi.', '2009-10-19 07:03:49');
INSERT INTO `messages` (`id`, `from_user_id`, `to_user_id`, `body`, `created_at`) VALUES ('3', '31', '76', 'Aperiam pariatur officiis quis facilis blanditiis. Ratione nihil dolorem sit enim quas ut unde. Perspiciatis culpa accusantium quia nam inventore quos.', '2005-08-24 08:38:26');
INSERT INTO `messages` (`id`, `from_user_id`, `to_user_id`, `body`, `created_at`) VALUES ('4', '34', '83', 'Sed accusamus corporis facere quibusdam sint optio voluptatum ducimus. Fugiat maxime quia iure rerum qui quos aut adipisci. Temporibus cupiditate repellendus est quae ratione nisi.', '1970-09-08 13:38:41');
INSERT INTO `messages` (`id`, `from_user_id`, `to_user_id`, `body`, `created_at`) VALUES ('5', '77', '44', 'Et iusto ut quasi consequatur consequatur porro. Quisquam praesentium tempore similique distinctio amet. Ut sed ipsa excepturi similique in. Cupiditate neque qui quia saepe beatae.', '1981-06-18 05:22:59');
INSERT INTO `messages` (`id`, `from_user_id`, `to_user_id`, `body`, `created_at`) VALUES ('6', '24', '6', 'Maxime est occaecati voluptatem quia provident similique. Debitis omnis sequi libero et accusantium nesciunt.', '1994-10-23 19:36:30');
INSERT INTO `messages` (`id`, `from_user_id`, `to_user_id`, `body`, `created_at`) VALUES ('7', '65', '99', 'Dignissimos animi et dolorem tenetur et repellendus. Id sit id reiciendis nostrum voluptas. Modi sit in eligendi doloribus.', '1997-10-06 03:26:44');
INSERT INTO `messages` (`id`, `from_user_id`, `to_user_id`, `body`, `created_at`) VALUES ('8', '51', '44', 'Officia quae autem sit consequatur quis expedita pariatur. Iste deserunt blanditiis ducimus fugit voluptatem ex non. Possimus eligendi quo a excepturi.', '2009-11-28 17:42:44');
INSERT INTO `messages` (`id`, `from_user_id`, `to_user_id`, `body`, `created_at`) VALUES ('9', '97', '83', 'Repudiandae qui quia ipsam est est. Maxime natus impedit nisi dolor. Repellat voluptas occaecati repudiandae sit quasi debitis. Excepturi inventore aperiam ullam veniam aut qui culpa qui. Neque ipsam eos libero.', '1986-11-22 18:43:52');
INSERT INTO `messages` (`id`, `from_user_id`, `to_user_id`, `body`, `created_at`) VALUES ('10', '81', '4', 'Et sapiente aut omnis ex esse perferendis placeat. Perferendis amet est deleniti quia cumque aut. Maiores ut doloremque esse aperiam.', '1985-05-08 21:03:42');
INSERT INTO `messages` (`id`, `from_user_id`, `to_user_id`, `body`, `created_at`) VALUES ('11', '50', '92', 'Quas quod doloribus et consequatur. Aut explicabo aut voluptates dolore deleniti sequi quae. Aliquid minus iure rerum et quia eum. Maxime natus voluptates esse quis tempora commodi. Beatae minus ipsam doloribus adipisci mollitia.', '2015-10-27 10:41:31');
INSERT INTO `messages` (`id`, `from_user_id`, `to_user_id`, `body`, `created_at`) VALUES ('12', '84', '36', 'A reprehenderit earum in recusandae. Aspernatur sed quo libero et minima labore quae. Quis magnam doloremque hic in debitis voluptatum. Similique reiciendis facilis qui harum suscipit ratione blanditiis et. Commodi culpa quo voluptate quasi ab error.', '2015-03-28 17:54:21');
INSERT INTO `messages` (`id`, `from_user_id`, `to_user_id`, `body`, `created_at`) VALUES ('13', '44', '75', 'Et velit qui nisi soluta omnis earum quaerat. Fuga quas eum et et quisquam eveniet. Odio iste ullam asperiores dolores qui ipsa quia soluta. Est quis incidunt est ut. Qui repellat aut molestiae distinctio non inventore corrupti.', '1999-07-19 00:29:07');
INSERT INTO `messages` (`id`, `from_user_id`, `to_user_id`, `body`, `created_at`) VALUES ('14', '34', '59', 'Quia quidem illum velit. Est molestias laboriosam fugit dolores. Similique omnis adipisci animi beatae.', '1970-09-09 00:45:29');
INSERT INTO `messages` (`id`, `from_user_id`, `to_user_id`, `body`, `created_at`) VALUES ('15', '56', '50', 'Eum eius quis incidunt incidunt. Ducimus nobis asperiores distinctio assumenda molestiae. Animi qui cupiditate fugit quia aliquam.', '1990-11-03 19:56:56');
INSERT INTO `messages` (`id`, `from_user_id`, `to_user_id`, `body`, `created_at`) VALUES ('16', '44', '33', 'Provident aspernatur aut ad et. Deserunt aut ea ad sunt molestiae. Odit quae voluptas maxime aut et.', '1975-04-03 15:25:32');
INSERT INTO `messages` (`id`, `from_user_id`, `to_user_id`, `body`, `created_at`) VALUES ('17', '79', '63', 'Ut quas atque illum nostrum distinctio doloremque. Aut veritatis animi veniam est et dolorem qui. Velit at quia illo labore hic velit qui adipisci. Est aliquid et eius dolor eum. Consequatur nesciunt soluta occaecati aut.', '2003-12-03 04:11:11');
INSERT INTO `messages` (`id`, `from_user_id`, `to_user_id`, `body`, `created_at`) VALUES ('18', '84', '9', 'Mollitia repellat mollitia hic. Facere quia cupiditate quidem sit voluptatem quod est exercitationem. Beatae ex qui veritatis ut impedit repudiandae pariatur.', '1995-02-18 17:38:31');
INSERT INTO `messages` (`id`, `from_user_id`, `to_user_id`, `body`, `created_at`) VALUES ('19', '39', '18', 'Sit qui exercitationem nam similique nisi. Debitis at aliquid alias error dolor. Culpa voluptatum voluptate quae autem.', '2004-06-21 07:48:07');
INSERT INTO `messages` (`id`, `from_user_id`, `to_user_id`, `body`, `created_at`) VALUES ('20', '92', '15', 'Officiis odio quo commodi quia voluptatem ab. Nesciunt deleniti sint perferendis in est minima saepe. Id sit eum est iusto ratione rerum maxime. Id id recusandae ad maxime.', '1974-07-01 04:13:33');
INSERT INTO `messages` (`id`, `from_user_id`, `to_user_id`, `body`, `created_at`) VALUES ('21', '61', '15', 'Quia quo numquam dolor doloremque et. Ut deserunt eligendi reprehenderit accusamus qui autem. Sit ut nam et numquam illo dolores consectetur.', '1976-05-26 17:46:49');
INSERT INTO `messages` (`id`, `from_user_id`, `to_user_id`, `body`, `created_at`) VALUES ('22', '21', '26', 'Cupiditate id quisquam et sint impedit soluta. In ea exercitationem dolores tenetur aut deserunt eius et. Reprehenderit itaque quo voluptas quia. Sit maiores repudiandae impedit accusantium sunt sequi.', '1996-11-04 16:25:52');
INSERT INTO `messages` (`id`, `from_user_id`, `to_user_id`, `body`, `created_at`) VALUES ('23', '14', '71', 'Ad nisi architecto voluptas odit et. Ipsum natus eos a eius aut. Eum ut natus eos.', '2012-04-08 04:30:41');
INSERT INTO `messages` (`id`, `from_user_id`, `to_user_id`, `body`, `created_at`) VALUES ('24', '70', '11', 'Odit placeat molestiae quis maxime quia sed et. Consequuntur voluptate placeat dignissimos maxime cumque quasi suscipit.', '1982-10-24 14:18:17');
INSERT INTO `messages` (`id`, `from_user_id`, `to_user_id`, `body`, `created_at`) VALUES ('25', '54', '50', 'Molestias ratione cumque voluptas iure aut sit deserunt sequi. Libero sed voluptas totam aut. Aut sint iure accusamus similique veniam ducimus et. Repellendus eligendi error maxime eos totam. Iste voluptatibus cupiditate et dolore aut vel aut.', '2005-12-17 09:25:21');
INSERT INTO `messages` (`id`, `from_user_id`, `to_user_id`, `body`, `created_at`) VALUES ('26', '14', '3', 'Doloribus aliquid quo nisi quaerat. Totam natus neque quis expedita. Earum et sint quo qui.', '2000-03-27 09:04:25');
INSERT INTO `messages` (`id`, `from_user_id`, `to_user_id`, `body`, `created_at`) VALUES ('27', '42', '97', 'Odit est qui aut sed. Et excepturi quia ex deserunt. Id et non quia eveniet veritatis numquam. Beatae ut enim eligendi. Sapiente est distinctio nihil aut ut repudiandae quos velit.', '1995-09-01 19:23:13');
INSERT INTO `messages` (`id`, `from_user_id`, `to_user_id`, `body`, `created_at`) VALUES ('28', '39', '85', 'Officiis commodi vel labore voluptatem aperiam. Voluptate velit doloribus rerum odit. Quis odio possimus temporibus officiis voluptas provident labore. Ea aut vel quo ipsam error ex adipisci. Magni aliquid minus tenetur tempore commodi est nihil.', '2001-05-07 16:47:29');
INSERT INTO `messages` (`id`, `from_user_id`, `to_user_id`, `body`, `created_at`) VALUES ('29', '72', '73', 'Voluptatibus consequuntur blanditiis distinctio mollitia officia dolorem minima ipsa. Id fugiat praesentium alias sint modi. In ut in aut quos.', '2015-05-16 01:16:18');
INSERT INTO `messages` (`id`, `from_user_id`, `to_user_id`, `body`, `created_at`) VALUES ('30', '44', '27', 'Blanditiis est adipisci voluptatum alias recusandae et. Autem inventore consequuntur ratione hic at ipsa.', '1978-06-26 13:43:37');
INSERT INTO `messages` (`id`, `from_user_id`, `to_user_id`, `body`, `created_at`) VALUES ('31', '22', '88', 'Praesentium expedita facilis dolores accusamus eos. Rerum voluptatem molestias ipsam et velit eum amet enim. Est id sed nemo porro.', '2012-07-27 18:45:56');
INSERT INTO `messages` (`id`, `from_user_id`, `to_user_id`, `body`, `created_at`) VALUES ('32', '60', '100', 'Sed mollitia blanditiis fuga dolor. Rerum qui rerum dolor velit quos quidem. Est et ullam non eveniet dolorem impedit. Blanditiis animi odio earum quasi.', '1989-10-07 17:56:04');
INSERT INTO `messages` (`id`, `from_user_id`, `to_user_id`, `body`, `created_at`) VALUES ('33', '50', '44', 'Minima aut incidunt laboriosam qui rem ullam. Et neque inventore eum quibusdam. Nostrum inventore placeat sapiente aut.', '1995-01-09 12:35:52');
INSERT INTO `messages` (`id`, `from_user_id`, `to_user_id`, `body`, `created_at`) VALUES ('34', '9', '88', 'Quaerat temporibus mollitia id consequatur quae accusamus sint. Tempora ipsam maxime aspernatur voluptatem. Autem beatae fuga expedita illo harum aliquid. Quia est incidunt et modi aliquid id enim.', '1983-01-17 12:46:16');
INSERT INTO `messages` (`id`, `from_user_id`, `to_user_id`, `body`, `created_at`) VALUES ('35', '61', '100', 'Et omnis consequatur ut qui. Quos nihil et fugit et et eos. Numquam voluptatem vitae aut similique omnis magni dolor.', '1985-11-10 10:59:22');
INSERT INTO `messages` (`id`, `from_user_id`, `to_user_id`, `body`, `created_at`) VALUES ('36', '3', '22', 'Quisquam consectetur id aut minus eligendi accusamus. Blanditiis earum aut ut qui minima. Cum dolorem similique alias iure saepe. Alias et molestiae at deleniti.', '2015-10-25 05:59:12');
INSERT INTO `messages` (`id`, `from_user_id`, `to_user_id`, `body`, `created_at`) VALUES ('37', '15', '24', 'Ut molestias est et sed qui. Fugiat saepe sed debitis consectetur et. Rem non est doloremque distinctio corrupti quod ut. Corporis laudantium sunt molestiae et.', '1971-05-18 02:58:10');
INSERT INTO `messages` (`id`, `from_user_id`, `to_user_id`, `body`, `created_at`) VALUES ('38', '48', '29', 'Perspiciatis asperiores dolorem consequatur doloremque eos accusantium aperiam. Officia qui illum eveniet id. Rerum quas necessitatibus vitae sint. Reiciendis non placeat eum maxime aliquam accusantium veritatis.', '1999-09-18 10:14:22');
INSERT INTO `messages` (`id`, `from_user_id`, `to_user_id`, `body`, `created_at`) VALUES ('39', '94', '17', 'Quaerat odit iusto harum tenetur tempore. Qui et minima labore est iste. Eaque enim ut et aliquam.', '1988-07-21 11:09:35');
INSERT INTO `messages` (`id`, `from_user_id`, `to_user_id`, `body`, `created_at`) VALUES ('40', '39', '48', 'Quos est a tempore. Qui atque libero eaque qui culpa. Quisquam natus dignissimos ea sequi sit aliquam.', '2003-04-02 16:06:09');
INSERT INTO `messages` (`id`, `from_user_id`, `to_user_id`, `body`, `created_at`) VALUES ('41', '67', '52', 'Doloribus sapiente et vel eaque expedita. Rerum non earum ipsa placeat a distinctio nesciunt ipsa. Voluptas quo expedita velit necessitatibus atque enim. Sit animi ut esse et pariatur.', '2019-03-01 19:03:54');
INSERT INTO `messages` (`id`, `from_user_id`, `to_user_id`, `body`, `created_at`) VALUES ('42', '50', '8', 'Et qui adipisci et molestias possimus. Sed est hic unde quaerat aperiam perferendis optio ab. Nostrum praesentium voluptas eveniet maxime est repudiandae fuga. Ipsa soluta beatae ea earum totam nihil amet.', '1994-04-28 18:09:36');
INSERT INTO `messages` (`id`, `from_user_id`, `to_user_id`, `body`, `created_at`) VALUES ('43', '49', '89', 'Quia occaecati molestiae pariatur ea. Quia dolores sit quibusdam id. Sequi deleniti deleniti quisquam et sint.', '2019-05-16 14:06:17');
INSERT INTO `messages` (`id`, `from_user_id`, `to_user_id`, `body`, `created_at`) VALUES ('44', '93', '20', 'Fuga quas quia dignissimos consequuntur. Tenetur repellendus cumque qui dolores distinctio deserunt enim. Expedita iste est molestias veniam. Et est et nihil sit nostrum.', '2004-05-09 07:08:10');
INSERT INTO `messages` (`id`, `from_user_id`, `to_user_id`, `body`, `created_at`) VALUES ('45', '61', '37', 'Ut ipsa omnis consectetur ipsam. Quia omnis veritatis veniam id dignissimos expedita vero placeat. Ad nihil repellendus cumque accusamus et cum. Voluptatem dolores ut rem doloribus eos deserunt.', '1983-07-12 17:58:56');
INSERT INTO `messages` (`id`, `from_user_id`, `to_user_id`, `body`, `created_at`) VALUES ('46', '47', '83', 'Eligendi quam animi nulla doloribus iusto. Non dolorem eius hic quaerat eveniet. Alias enim debitis delectus nihil consequatur libero ut. Blanditiis praesentium voluptatem quas minima.', '2008-02-05 18:30:07');
INSERT INTO `messages` (`id`, `from_user_id`, `to_user_id`, `body`, `created_at`) VALUES ('47', '24', '7', 'Nam illo quas natus dolorum odit voluptas. Cupiditate laborum reprehenderit ipsam. Quibusdam dicta explicabo ut molestiae ut nostrum id. Et ad eum modi neque alias quam error quo.', '2008-02-21 01:53:22');
INSERT INTO `messages` (`id`, `from_user_id`, `to_user_id`, `body`, `created_at`) VALUES ('48', '83', '73', 'Nam qui quia temporibus hic. Totam eveniet rerum quae. Aliquid enim ea laborum id doloribus.', '2017-08-20 02:41:28');
INSERT INTO `messages` (`id`, `from_user_id`, `to_user_id`, `body`, `created_at`) VALUES ('49', '50', '91', 'Harum fugit unde perferendis rerum ex adipisci facere. Qui assumenda velit ullam totam enim optio et. Cupiditate quo itaque quos voluptas. Reprehenderit non aut ratione sint.', '1971-05-12 16:37:58');
INSERT INTO `messages` (`id`, `from_user_id`, `to_user_id`, `body`, `created_at`) VALUES ('50', '61', '11', 'Distinctio sed quis quod fugiat aperiam nihil voluptatem. Modi eveniet quae veritatis eos fuga.', '1984-05-07 14:32:28');
INSERT INTO `messages` (`id`, `from_user_id`, `to_user_id`, `body`, `created_at`) VALUES ('51', '91', '63', 'Voluptatum facere voluptas qui ea sapiente eum sed. Totam iure quidem soluta. Ipsum expedita magni similique dolor sit at laboriosam. Quis aspernatur libero ea et natus.', '2014-07-25 19:54:43');
INSERT INTO `messages` (`id`, `from_user_id`, `to_user_id`, `body`, `created_at`) VALUES ('52', '32', '5', 'Ex et labore aut voluptas doloremque qui sint sit. Ducimus quisquam et nihil. Dolorem voluptatem qui voluptatem autem. Ut rem aut quod sapiente voluptas ea voluptas ut.', '1985-08-12 07:07:00');
INSERT INTO `messages` (`id`, `from_user_id`, `to_user_id`, `body`, `created_at`) VALUES ('53', '87', '80', 'Eaque nobis nesciunt est adipisci. Voluptatum rem quis corporis facilis placeat. Et autem illo dolorem dolorem praesentium.', '1998-10-15 12:01:44');
INSERT INTO `messages` (`id`, `from_user_id`, `to_user_id`, `body`, `created_at`) VALUES ('54', '33', '81', 'Aspernatur porro odit aspernatur suscipit libero esse. Corrupti aut qui qui tempora. Non exercitationem iure explicabo voluptatum.', '2011-09-03 04:46:25');
INSERT INTO `messages` (`id`, `from_user_id`, `to_user_id`, `body`, `created_at`) VALUES ('55', '97', '71', 'Doloremque numquam vel quae perferendis atque. Ut consectetur id officia odio quae vero assumenda provident.', '2003-03-17 01:40:48');
INSERT INTO `messages` (`id`, `from_user_id`, `to_user_id`, `body`, `created_at`) VALUES ('56', '28', '63', 'Numquam provident optio eligendi laboriosam aspernatur qui. Quo repellendus impedit minus ut neque recusandae. Molestiae doloribus sint ex aut quidem nihil. Officia perspiciatis cum qui et id est incidunt.', '1977-06-27 22:26:51');
INSERT INTO `messages` (`id`, `from_user_id`, `to_user_id`, `body`, `created_at`) VALUES ('57', '23', '78', 'Quia amet ipsam sint sequi. Amet cupiditate accusamus iusto veniam odit magnam commodi. Deleniti in dolorem delectus ex sint excepturi quibusdam. Ducimus voluptatum sint vel cumque labore quod.', '2011-04-26 08:32:43');
INSERT INTO `messages` (`id`, `from_user_id`, `to_user_id`, `body`, `created_at`) VALUES ('58', '71', '71', 'Nihil dolores ipsa magnam ea unde. Architecto aliquam rerum saepe doloremque amet ea. Aut vitae unde laudantium. Animi maiores sit soluta neque.', '2004-10-12 16:24:38');
INSERT INTO `messages` (`id`, `from_user_id`, `to_user_id`, `body`, `created_at`) VALUES ('59', '66', '64', 'Qui vero quia cum assumenda temporibus ullam numquam vel. Quae tenetur quo rem distinctio voluptatem nisi. Voluptatem est a possimus et ut dolor.', '1991-11-23 11:52:11');
INSERT INTO `messages` (`id`, `from_user_id`, `to_user_id`, `body`, `created_at`) VALUES ('60', '91', '27', 'Cum est dolorem aut velit dolores. Veritatis quisquam voluptatibus aut ut sunt et. Modi suscipit perspiciatis vitae debitis non nihil. Voluptas et quis ducimus asperiores culpa nulla ut.', '2011-07-16 11:42:47');
INSERT INTO `messages` (`id`, `from_user_id`, `to_user_id`, `body`, `created_at`) VALUES ('61', '100', '37', 'Asperiores dignissimos adipisci sit. Ratione et velit nostrum ipsum vel. Voluptatem ab voluptas consequuntur porro et. Minima perferendis consequatur earum qui deleniti deserunt mollitia ipsum.', '1981-04-24 05:25:22');
INSERT INTO `messages` (`id`, `from_user_id`, `to_user_id`, `body`, `created_at`) VALUES ('62', '9', '23', 'Distinctio tenetur eaque id natus autem accusantium. Laborum dicta eum aut modi beatae eos.', '1993-01-11 03:10:17');
INSERT INTO `messages` (`id`, `from_user_id`, `to_user_id`, `body`, `created_at`) VALUES ('63', '43', '91', 'Libero maiores magni eaque quae qui sapiente velit. Doloremque officiis ea mollitia doloribus nobis rerum rerum. Dignissimos aut molestias dolor. Qui unde velit ducimus id at voluptate quis praesentium.', '1978-05-19 03:49:33');
INSERT INTO `messages` (`id`, `from_user_id`, `to_user_id`, `body`, `created_at`) VALUES ('64', '96', '93', 'Expedita quia laboriosam officia inventore. Enim aut numquam aut. Est explicabo facilis sed sint qui. Amet laborum et et et nulla aut deleniti.', '2008-04-09 13:35:38');
INSERT INTO `messages` (`id`, `from_user_id`, `to_user_id`, `body`, `created_at`) VALUES ('65', '81', '56', 'Perspiciatis sit maxime doloribus culpa. Iure alias qui minima culpa. Perferendis quis consequuntur debitis et possimus et eos.', '1997-04-10 20:21:34');
INSERT INTO `messages` (`id`, `from_user_id`, `to_user_id`, `body`, `created_at`) VALUES ('66', '3', '71', 'Sint et mollitia quidem quidem recusandae temporibus quas maxime. In illo earum amet sit asperiores. Nihil sit perferendis sapiente accusamus. Quis ab odio et totam nesciunt eos nam aut.', '1998-08-29 22:12:41');
INSERT INTO `messages` (`id`, `from_user_id`, `to_user_id`, `body`, `created_at`) VALUES ('67', '19', '35', 'Eveniet eveniet voluptatem molestiae harum molestiae voluptas. Expedita commodi consequuntur rem est sint quia est. Aut nisi qui libero accusamus sunt et consequatur sed. Ut deserunt sit cupiditate laudantium.', '1977-04-28 07:40:36');
INSERT INTO `messages` (`id`, `from_user_id`, `to_user_id`, `body`, `created_at`) VALUES ('68', '76', '5', 'Libero non voluptate sed ab dolore aut. Voluptas quia pariatur ad alias exercitationem corrupti. Asperiores eum quos assumenda odio omnis vero non. Dolores nemo cumque quidem iure voluptas fuga.', '2011-06-18 06:26:12');
INSERT INTO `messages` (`id`, `from_user_id`, `to_user_id`, `body`, `created_at`) VALUES ('69', '14', '9', 'Ut in officiis et quis corrupti dolores ut. Et placeat ut nam similique natus expedita. Omnis aperiam ipsam dolorum culpa qui molestiae ea et. Neque odit nostrum veritatis.', '1998-10-15 03:35:10');
INSERT INTO `messages` (`id`, `from_user_id`, `to_user_id`, `body`, `created_at`) VALUES ('70', '85', '10', 'Sed omnis et ratione distinctio aut dolorem. Nemo odit aut saepe eaque molestiae eum ut. Molestias qui error natus natus dolore.', '2017-08-10 18:57:17');
INSERT INTO `messages` (`id`, `from_user_id`, `to_user_id`, `body`, `created_at`) VALUES ('71', '80', '12', 'Qui eum excepturi voluptas eveniet libero. Sit nostrum sit cum tempore qui hic culpa. Amet quia eum debitis nesciunt provident est ut. Officia dolores nostrum sint ut.', '2016-12-07 23:12:12');
INSERT INTO `messages` (`id`, `from_user_id`, `to_user_id`, `body`, `created_at`) VALUES ('72', '73', '2', 'Voluptas iste sunt aut. Voluptas suscipit quia repellat optio explicabo asperiores. Voluptas ullam ut laboriosam deleniti non eius reiciendis dolore.', '1998-07-24 21:53:08');
INSERT INTO `messages` (`id`, `from_user_id`, `to_user_id`, `body`, `created_at`) VALUES ('73', '89', '44', 'Est eos est quisquam omnis impedit laboriosam. Rerum vero voluptatem quos aut in dicta. Neque dignissimos aut dolore natus reiciendis ut qui fugiat.', '1992-09-03 07:31:07');
INSERT INTO `messages` (`id`, `from_user_id`, `to_user_id`, `body`, `created_at`) VALUES ('74', '73', '55', 'Iure id temporibus dolore hic est exercitationem. Velit nam consequuntur eos voluptatem voluptatum. Aspernatur saepe sed eum fuga quia quod aut.', '2017-03-14 03:37:05');
INSERT INTO `messages` (`id`, `from_user_id`, `to_user_id`, `body`, `created_at`) VALUES ('75', '7', '63', 'Ad veritatis animi minima accusantium tempora aspernatur deleniti. Veniam animi voluptatem velit aspernatur qui. A ut recusandae culpa totam velit eum. Sit amet quas laborum earum et eos unde.', '1996-08-22 19:49:12');
INSERT INTO `messages` (`id`, `from_user_id`, `to_user_id`, `body`, `created_at`) VALUES ('76', '81', '7', 'Voluptas expedita similique explicabo quidem tenetur ut earum. Enim blanditiis est ab dicta voluptatem veritatis veritatis.', '2013-08-13 05:21:41');
INSERT INTO `messages` (`id`, `from_user_id`, `to_user_id`, `body`, `created_at`) VALUES ('77', '100', '90', 'Architecto animi molestiae doloribus iste reprehenderit. Reprehenderit perferendis repudiandae amet numquam voluptatem. Recusandae aut omnis quidem cupiditate dolores nesciunt ex. Consequatur voluptatem vel blanditiis est. Sint tenetur sed eligendi pariatur consequuntur.', '2005-07-02 21:24:40');
INSERT INTO `messages` (`id`, `from_user_id`, `to_user_id`, `body`, `created_at`) VALUES ('78', '29', '43', 'Eum libero omnis commodi recusandae recusandae aut. Animi dolorem voluptatum tenetur et fuga qui. Laudantium aut labore voluptas corporis adipisci.', '1986-08-16 04:28:43');
INSERT INTO `messages` (`id`, `from_user_id`, `to_user_id`, `body`, `created_at`) VALUES ('79', '80', '24', 'Nostrum adipisci illum rem perspiciatis. Temporibus vel molestiae sunt suscipit rerum. Enim assumenda beatae animi quam occaecati ratione consequatur. Omnis minima in sint dignissimos maxime molestias.', '1997-05-04 05:43:20');
INSERT INTO `messages` (`id`, `from_user_id`, `to_user_id`, `body`, `created_at`) VALUES ('80', '35', '61', 'In nam totam alias dolorem quisquam sint quia. Officia ipsum quod quis ab in velit quo. Maiores voluptatum et totam officia temporibus id velit.', '2000-10-28 12:39:19');
INSERT INTO `messages` (`id`, `from_user_id`, `to_user_id`, `body`, `created_at`) VALUES ('81', '80', '38', 'Illum repellat ea autem. Reiciendis nobis id quas dolor quaerat perspiciatis beatae.', '2005-02-16 22:15:14');
INSERT INTO `messages` (`id`, `from_user_id`, `to_user_id`, `body`, `created_at`) VALUES ('82', '32', '98', 'Voluptas qui qui nulla quas asperiores consequuntur. Labore sed molestiae unde sint et vitae. Rerum id asperiores omnis eveniet.', '1980-04-20 03:34:55');
INSERT INTO `messages` (`id`, `from_user_id`, `to_user_id`, `body`, `created_at`) VALUES ('83', '72', '7', 'Velit sunt molestiae sit et. Mollitia reprehenderit consequatur odio aliquid consequuntur voluptatem accusantium. Assumenda aut excepturi iste ut temporibus quis magni.', '1984-01-09 03:16:30');
INSERT INTO `messages` (`id`, `from_user_id`, `to_user_id`, `body`, `created_at`) VALUES ('84', '3', '86', 'Hic asperiores reiciendis ea cum. Aut molestiae deleniti aut delectus. Autem harum rerum ut a. Sint qui sed exercitationem totam.', '1991-09-16 16:24:45');
INSERT INTO `messages` (`id`, `from_user_id`, `to_user_id`, `body`, `created_at`) VALUES ('85', '16', '87', 'Est veniam id dignissimos ea nostrum neque. Alias ex cupiditate incidunt hic eos ex in. Nam dicta dolor saepe ut rem et enim.', '1978-06-08 02:32:41');
INSERT INTO `messages` (`id`, `from_user_id`, `to_user_id`, `body`, `created_at`) VALUES ('86', '96', '95', 'Facilis fuga est voluptatem vel voluptatem libero. Amet quia omnis asperiores architecto nihil.', '1994-04-09 01:04:50');
INSERT INTO `messages` (`id`, `from_user_id`, `to_user_id`, `body`, `created_at`) VALUES ('87', '99', '68', 'Eius totam voluptatum eius ut qui ex. Et reprehenderit corrupti quia. Doloremque saepe dolore magni libero sed magnam minima. Reprehenderit vitae fugit iusto necessitatibus voluptatem fuga est.', '1995-12-11 18:11:28');
INSERT INTO `messages` (`id`, `from_user_id`, `to_user_id`, `body`, `created_at`) VALUES ('88', '97', '88', 'Nisi distinctio aut sed praesentium laborum aut non. Rerum modi suscipit aperiam molestiae. Qui accusamus dolore fugiat repudiandae consequatur.', '1985-01-08 16:02:51');
INSERT INTO `messages` (`id`, `from_user_id`, `to_user_id`, `body`, `created_at`) VALUES ('89', '12', '69', 'Alias quibusdam et ut quae. Assumenda sunt fuga numquam iusto. Sapiente eligendi dolorum provident sit.', '1994-03-27 21:38:21');
INSERT INTO `messages` (`id`, `from_user_id`, `to_user_id`, `body`, `created_at`) VALUES ('90', '43', '18', 'Amet eveniet corrupti voluptatem iusto. Repellat nulla sed minima. Deserunt consequuntur quasi veritatis voluptatem ratione earum fuga. Et quos quis eum sed est unde ratione.', '1980-05-03 14:52:48');
INSERT INTO `messages` (`id`, `from_user_id`, `to_user_id`, `body`, `created_at`) VALUES ('91', '32', '23', 'Exercitationem id omnis et non ut cumque adipisci. Repellat quia quaerat qui occaecati aliquid reiciendis et. Rem ea magnam quae quod enim. Et non cumque omnis quo. Dolor odio vitae sit perferendis.', '2004-05-24 14:32:21');
INSERT INTO `messages` (`id`, `from_user_id`, `to_user_id`, `body`, `created_at`) VALUES ('92', '24', '32', 'Aut est maxime quasi mollitia distinctio ut repudiandae. Tempora eligendi culpa eos. Qui non minima ipsa perferendis possimus atque at. Omnis sed iste doloremque soluta suscipit corrupti.', '1987-08-01 18:26:02');
INSERT INTO `messages` (`id`, `from_user_id`, `to_user_id`, `body`, `created_at`) VALUES ('93', '12', '53', 'Eos iste iusto dolores est et. Corporis animi at voluptatem cum veritatis illo. Eum est alias error ea quasi rerum.', '2000-05-07 18:26:50');
INSERT INTO `messages` (`id`, `from_user_id`, `to_user_id`, `body`, `created_at`) VALUES ('94', '75', '92', 'Facilis odio animi numquam qui est omnis consequatur. Quam labore voluptas expedita velit et.', '2008-02-07 23:02:37');
INSERT INTO `messages` (`id`, `from_user_id`, `to_user_id`, `body`, `created_at`) VALUES ('95', '77', '10', 'Harum id quaerat porro. Beatae deserunt consequatur sit voluptatem sit. Reprehenderit quidem recusandae ab eum dignissimos sed aut. Possimus voluptatem porro at maiores repellendus ipsum.', '1990-07-09 16:16:35');
INSERT INTO `messages` (`id`, `from_user_id`, `to_user_id`, `body`, `created_at`) VALUES ('96', '52', '56', 'Quo at quisquam aperiam molestiae. Aperiam ullam incidunt et voluptatem corrupti pariatur temporibus. Soluta eaque non vero nihil.', '1998-06-07 10:37:33');
INSERT INTO `messages` (`id`, `from_user_id`, `to_user_id`, `body`, `created_at`) VALUES ('97', '47', '83', 'Voluptates ipsam corrupti dolor. Odio optio magnam maxime a dolorem. Vel est magni soluta voluptatem ab voluptatem voluptas enim. Aut rem possimus occaecati repudiandae deserunt.', '2014-09-26 20:47:19');
INSERT INTO `messages` (`id`, `from_user_id`, `to_user_id`, `body`, `created_at`) VALUES ('98', '53', '19', 'Sint sit error enim similique. Consequuntur similique facere rerum distinctio.', '1995-08-26 04:01:26');
INSERT INTO `messages` (`id`, `from_user_id`, `to_user_id`, `body`, `created_at`) VALUES ('99', '90', '56', 'Aut neque nostrum aut fugit nobis esse. Pariatur consequatur modi delectus est aut. Asperiores quidem labore magnam impedit.', '1978-03-20 08:33:19');
INSERT INTO `messages` (`id`, `from_user_id`, `to_user_id`, `body`, `created_at`) VALUES ('100', '4', '5', 'Incidunt sunt possimus ut et. Voluptatem et alias earum iure adipisci suscipit et autem. Voluptatibus officia nihil culpa aut omnis.', '1981-08-15 17:44:54');


#
# TABLE STRUCTURE FOR: photo_albums
#

DROP TABLE IF EXISTS `photo_albums`;

CREATE TABLE `photo_albums` (
  `id` bigint(20) unsigned NOT NULL AUTO_INCREMENT,
  `name` varchar(255) COLLATE utf8_unicode_ci DEFAULT NULL,
  `user_id` bigint(20) unsigned NOT NULL,
  PRIMARY KEY (`id`),
  UNIQUE KEY `id` (`id`),
  KEY `user_id` (`user_id`),
  CONSTRAINT `photo_albums_ibfk_1` FOREIGN KEY (`user_id`) REFERENCES `users` (`id`)
) ENGINE=InnoDB AUTO_INCREMENT=101 DEFAULT CHARSET=utf8 COLLATE=utf8_unicode_ci;

INSERT INTO `photo_albums` (`id`, `name`, `user_id`) VALUES ('1', 'Aut optio illum ut quaerat et enim.', '1');
INSERT INTO `photo_albums` (`id`, `name`, `user_id`) VALUES ('2', 'A distinctio beatae ut sit sapiente voluptate explicabo dicta.', '2');
INSERT INTO `photo_albums` (`id`, `name`, `user_id`) VALUES ('3', 'Consequatur qui quis enim dolorum mollitia et dolorem sed.', '3');
INSERT INTO `photo_albums` (`id`, `name`, `user_id`) VALUES ('4', 'Mollitia at consequuntur molestias consequatur harum impedit at.', '4');
INSERT INTO `photo_albums` (`id`, `name`, `user_id`) VALUES ('5', 'In ratione rerum id velit ipsa et ullam.', '5');
INSERT INTO `photo_albums` (`id`, `name`, `user_id`) VALUES ('6', 'Pariatur provident itaque quam nisi ipsam culpa.', '6');
INSERT INTO `photo_albums` (`id`, `name`, `user_id`) VALUES ('7', 'Ex sit ipsam beatae impedit quibusdam.', '7');
INSERT INTO `photo_albums` (`id`, `name`, `user_id`) VALUES ('8', 'Id tenetur quia nihil aut non.', '8');
INSERT INTO `photo_albums` (`id`, `name`, `user_id`) VALUES ('9', 'Facilis dolores sequi recusandae possimus blanditiis laudantium consectetur eius.', '9');
INSERT INTO `photo_albums` (`id`, `name`, `user_id`) VALUES ('10', 'In ducimus ipsam ut nisi labore nihil nisi quia.', '10');
INSERT INTO `photo_albums` (`id`, `name`, `user_id`) VALUES ('11', 'Quasi qui cum qui tempora velit.', '11');
INSERT INTO `photo_albums` (`id`, `name`, `user_id`) VALUES ('12', 'Et alias quos nihil dolor.', '12');
INSERT INTO `photo_albums` (`id`, `name`, `user_id`) VALUES ('13', 'Enim aut in qui ipsum architecto earum.', '13');
INSERT INTO `photo_albums` (`id`, `name`, `user_id`) VALUES ('14', 'Omnis voluptatibus eveniet inventore voluptatem.', '14');
INSERT INTO `photo_albums` (`id`, `name`, `user_id`) VALUES ('15', 'Reiciendis doloremque consequatur asperiores quia sint.', '15');
INSERT INTO `photo_albums` (`id`, `name`, `user_id`) VALUES ('16', 'Autem est harum nesciunt sapiente consectetur ad non.', '16');
INSERT INTO `photo_albums` (`id`, `name`, `user_id`) VALUES ('17', 'Consequatur incidunt harum et molestiae.', '17');
INSERT INTO `photo_albums` (`id`, `name`, `user_id`) VALUES ('18', 'Molestiae aut ad sapiente tempore et corporis aspernatur nisi.', '18');
INSERT INTO `photo_albums` (`id`, `name`, `user_id`) VALUES ('19', 'Sed sed eum aut aperiam.', '19');
INSERT INTO `photo_albums` (`id`, `name`, `user_id`) VALUES ('20', 'Eaque omnis dolorem consequatur saepe saepe.', '20');
INSERT INTO `photo_albums` (`id`, `name`, `user_id`) VALUES ('21', 'Debitis ut aliquam inventore tenetur fugit qui minima odit.', '21');
INSERT INTO `photo_albums` (`id`, `name`, `user_id`) VALUES ('22', 'Vero sed qui quia ut et recusandae eius pariatur.', '22');
INSERT INTO `photo_albums` (`id`, `name`, `user_id`) VALUES ('23', 'Iure amet et ut quas doloremque.', '23');
INSERT INTO `photo_albums` (`id`, `name`, `user_id`) VALUES ('24', 'Nihil earum quaerat omnis vel nam vero.', '24');
INSERT INTO `photo_albums` (`id`, `name`, `user_id`) VALUES ('25', 'Amet ratione ut ea.', '25');
INSERT INTO `photo_albums` (`id`, `name`, `user_id`) VALUES ('26', 'Illo nam totam qui qui libero magnam non quis.', '26');
INSERT INTO `photo_albums` (`id`, `name`, `user_id`) VALUES ('27', 'Omnis perferendis molestiae reprehenderit commodi praesentium voluptate accusantium.', '27');
INSERT INTO `photo_albums` (`id`, `name`, `user_id`) VALUES ('28', 'Iusto aperiam unde impedit et et reprehenderit rerum.', '28');
INSERT INTO `photo_albums` (`id`, `name`, `user_id`) VALUES ('29', 'Magni consequatur nostrum iste consequuntur autem.', '29');
INSERT INTO `photo_albums` (`id`, `name`, `user_id`) VALUES ('30', 'Impedit nemo quam nulla quam reiciendis voluptas.', '30');
INSERT INTO `photo_albums` (`id`, `name`, `user_id`) VALUES ('31', 'Odit aut at consequatur porro ea vel.', '31');
INSERT INTO `photo_albums` (`id`, `name`, `user_id`) VALUES ('32', 'Excepturi quae ex harum voluptas aspernatur.', '32');
INSERT INTO `photo_albums` (`id`, `name`, `user_id`) VALUES ('33', 'Architecto voluptatem deserunt debitis corporis possimus culpa.', '33');
INSERT INTO `photo_albums` (`id`, `name`, `user_id`) VALUES ('34', 'Rerum aut aliquam ab veritatis quia iste ut.', '34');
INSERT INTO `photo_albums` (`id`, `name`, `user_id`) VALUES ('35', 'Voluptatem suscipit tempore tempore est placeat.', '35');
INSERT INTO `photo_albums` (`id`, `name`, `user_id`) VALUES ('36', 'Non tempora explicabo alias facilis.', '36');
INSERT INTO `photo_albums` (`id`, `name`, `user_id`) VALUES ('37', 'Qui ipsa doloribus est sit ut.', '37');
INSERT INTO `photo_albums` (`id`, `name`, `user_id`) VALUES ('38', 'Rerum tempora velit excepturi quis eum.', '38');
INSERT INTO `photo_albums` (`id`, `name`, `user_id`) VALUES ('39', 'Est quisquam dolor vero aut.', '39');
INSERT INTO `photo_albums` (`id`, `name`, `user_id`) VALUES ('40', 'Sit accusantium sit repellendus laudantium deserunt et.', '40');
INSERT INTO `photo_albums` (`id`, `name`, `user_id`) VALUES ('41', 'Soluta non quaerat quaerat ut.', '41');
INSERT INTO `photo_albums` (`id`, `name`, `user_id`) VALUES ('42', 'Et natus aliquid fugiat et at.', '42');
INSERT INTO `photo_albums` (`id`, `name`, `user_id`) VALUES ('43', 'Nulla illum tenetur distinctio qui perspiciatis.', '43');
INSERT INTO `photo_albums` (`id`, `name`, `user_id`) VALUES ('44', 'Ut pariatur voluptatem sed suscipit ea ipsam quia.', '44');
INSERT INTO `photo_albums` (`id`, `name`, `user_id`) VALUES ('45', 'Unde non nam et.', '45');
INSERT INTO `photo_albums` (`id`, `name`, `user_id`) VALUES ('46', 'Quisquam exercitationem vel consectetur earum.', '46');
INSERT INTO `photo_albums` (`id`, `name`, `user_id`) VALUES ('47', 'Beatae assumenda nihil dolorem totam.', '47');
INSERT INTO `photo_albums` (`id`, `name`, `user_id`) VALUES ('48', 'Voluptatum sed quam incidunt pariatur.', '48');
INSERT INTO `photo_albums` (`id`, `name`, `user_id`) VALUES ('49', 'Dolor tempore corrupti voluptate recusandae sint non eius impedit.', '49');
INSERT INTO `photo_albums` (`id`, `name`, `user_id`) VALUES ('50', 'Rem officiis error accusamus non quaerat consequatur ullam et.', '50');
INSERT INTO `photo_albums` (`id`, `name`, `user_id`) VALUES ('51', 'Accusamus eius animi delectus excepturi.', '51');
INSERT INTO `photo_albums` (`id`, `name`, `user_id`) VALUES ('52', 'Ipsam et unde molestiae autem explicabo.', '52');
INSERT INTO `photo_albums` (`id`, `name`, `user_id`) VALUES ('53', 'Ea dolorem neque et vel velit aliquid.', '53');
INSERT INTO `photo_albums` (`id`, `name`, `user_id`) VALUES ('54', 'Consequatur labore est id eaque omnis accusantium illo aperiam.', '54');
INSERT INTO `photo_albums` (`id`, `name`, `user_id`) VALUES ('55', 'Totam sint voluptatem magnam dolor molestiae at velit architecto.', '55');
INSERT INTO `photo_albums` (`id`, `name`, `user_id`) VALUES ('56', 'Possimus assumenda dolorum voluptatem distinctio consequatur aut.', '56');
INSERT INTO `photo_albums` (`id`, `name`, `user_id`) VALUES ('57', 'Quia sint nostrum quia.', '57');
INSERT INTO `photo_albums` (`id`, `name`, `user_id`) VALUES ('58', 'Quis et corporis fugiat minima.', '58');
INSERT INTO `photo_albums` (`id`, `name`, `user_id`) VALUES ('59', 'Laborum cum consequuntur consequatur soluta.', '59');
INSERT INTO `photo_albums` (`id`, `name`, `user_id`) VALUES ('60', 'Est dolorem alias veritatis ut est.', '60');
INSERT INTO `photo_albums` (`id`, `name`, `user_id`) VALUES ('61', 'Et alias aut et recusandae quia.', '61');
INSERT INTO `photo_albums` (`id`, `name`, `user_id`) VALUES ('62', 'Sequi delectus aut voluptate libero eos.', '62');
INSERT INTO `photo_albums` (`id`, `name`, `user_id`) VALUES ('63', 'Iure dignissimos ipsa placeat consequatur et.', '63');
INSERT INTO `photo_albums` (`id`, `name`, `user_id`) VALUES ('64', 'Sit ut doloremque voluptates consequatur et quisquam.', '64');
INSERT INTO `photo_albums` (`id`, `name`, `user_id`) VALUES ('65', 'Qui quidem vel facilis quod.', '65');
INSERT INTO `photo_albums` (`id`, `name`, `user_id`) VALUES ('66', 'Eum voluptatem eos omnis quo voluptas.', '66');
INSERT INTO `photo_albums` (`id`, `name`, `user_id`) VALUES ('67', 'Hic deleniti fuga cum et.', '67');
INSERT INTO `photo_albums` (`id`, `name`, `user_id`) VALUES ('68', 'Delectus dolorem assumenda voluptatibus eveniet possimus itaque sit.', '68');
INSERT INTO `photo_albums` (`id`, `name`, `user_id`) VALUES ('69', 'Animi repudiandae voluptatem molestias corrupti itaque.', '69');
INSERT INTO `photo_albums` (`id`, `name`, `user_id`) VALUES ('70', 'Repellendus explicabo ea maiores accusamus molestiae fuga omnis.', '70');
INSERT INTO `photo_albums` (`id`, `name`, `user_id`) VALUES ('71', 'Tempore est sit similique quidem voluptate error.', '71');
INSERT INTO `photo_albums` (`id`, `name`, `user_id`) VALUES ('72', 'Quia voluptate est veniam officiis vero.', '72');
INSERT INTO `photo_albums` (`id`, `name`, `user_id`) VALUES ('73', 'Nostrum aut impedit cum deserunt similique autem sed.', '73');
INSERT INTO `photo_albums` (`id`, `name`, `user_id`) VALUES ('74', 'Ab similique placeat corrupti cupiditate sed est.', '74');
INSERT INTO `photo_albums` (`id`, `name`, `user_id`) VALUES ('75', 'Quis necessitatibus et pariatur et consequatur eius aut.', '75');
INSERT INTO `photo_albums` (`id`, `name`, `user_id`) VALUES ('76', 'Eaque vel voluptas aut itaque enim modi.', '76');
INSERT INTO `photo_albums` (`id`, `name`, `user_id`) VALUES ('77', 'Aut sunt sequi ducimus expedita ea expedita.', '77');
INSERT INTO `photo_albums` (`id`, `name`, `user_id`) VALUES ('78', 'Facilis molestias aliquid itaque est ut.', '78');
INSERT INTO `photo_albums` (`id`, `name`, `user_id`) VALUES ('79', 'Ea totam ea sunt eum praesentium fugiat maxime laudantium.', '79');
INSERT INTO `photo_albums` (`id`, `name`, `user_id`) VALUES ('80', 'Explicabo mollitia enim illo ab.', '80');
INSERT INTO `photo_albums` (`id`, `name`, `user_id`) VALUES ('81', 'Impedit nihil officiis possimus et et.', '81');
INSERT INTO `photo_albums` (`id`, `name`, `user_id`) VALUES ('82', 'Ullam recusandae repudiandae aliquam quod.', '82');
INSERT INTO `photo_albums` (`id`, `name`, `user_id`) VALUES ('83', 'Recusandae quia occaecati quia quia est mollitia.', '83');
INSERT INTO `photo_albums` (`id`, `name`, `user_id`) VALUES ('84', 'Magnam iste labore aliquid sit sint.', '84');
INSERT INTO `photo_albums` (`id`, `name`, `user_id`) VALUES ('85', 'Placeat officiis aliquam excepturi ratione magnam consequatur quia.', '85');
INSERT INTO `photo_albums` (`id`, `name`, `user_id`) VALUES ('86', 'Delectus et quam possimus eum porro magnam.', '86');
INSERT INTO `photo_albums` (`id`, `name`, `user_id`) VALUES ('87', 'Sed voluptatem ratione eius sed facere est libero laborum.', '87');
INSERT INTO `photo_albums` (`id`, `name`, `user_id`) VALUES ('88', 'Aspernatur voluptatibus error odio rerum consequuntur quasi corrupti.', '88');
INSERT INTO `photo_albums` (`id`, `name`, `user_id`) VALUES ('89', 'Explicabo non sed hic qui consectetur.', '89');
INSERT INTO `photo_albums` (`id`, `name`, `user_id`) VALUES ('90', 'Voluptas numquam voluptas odio quo ad asperiores ut.', '90');
INSERT INTO `photo_albums` (`id`, `name`, `user_id`) VALUES ('91', 'Officia est rerum quidem expedita.', '91');
INSERT INTO `photo_albums` (`id`, `name`, `user_id`) VALUES ('92', 'Qui vel ipsam ipsam voluptas.', '92');
INSERT INTO `photo_albums` (`id`, `name`, `user_id`) VALUES ('93', 'Veniam itaque doloremque laborum quia cupiditate earum.', '93');
INSERT INTO `photo_albums` (`id`, `name`, `user_id`) VALUES ('94', 'Voluptatum dolores necessitatibus possimus doloremque quidem.', '94');
INSERT INTO `photo_albums` (`id`, `name`, `user_id`) VALUES ('95', 'Accusantium est saepe voluptas autem velit ipsam saepe vero.', '95');
INSERT INTO `photo_albums` (`id`, `name`, `user_id`) VALUES ('96', 'Fuga delectus tempore quod.', '96');
INSERT INTO `photo_albums` (`id`, `name`, `user_id`) VALUES ('97', 'Consequatur dolores laboriosam nemo cumque nesciunt.', '97');
INSERT INTO `photo_albums` (`id`, `name`, `user_id`) VALUES ('98', 'Quaerat qui consequatur omnis et id dolor sunt.', '98');
INSERT INTO `photo_albums` (`id`, `name`, `user_id`) VALUES ('99', 'Dolores qui ea architecto debitis voluptatem.', '99');
INSERT INTO `photo_albums` (`id`, `name`, `user_id`) VALUES ('100', 'Autem aut et consequuntur temporibus qui inventore eius.', '100');


#
# TABLE STRUCTURE FOR: photos
#

DROP TABLE IF EXISTS `photos`;

CREATE TABLE `photos` (
  `id` bigint(20) unsigned NOT NULL AUTO_INCREMENT,
  `album_id` bigint(20) unsigned NOT NULL,
  `media_id` bigint(20) unsigned NOT NULL,
  PRIMARY KEY (`id`),
  KEY `album_id` (`album_id`),
  KEY `media_id` (`media_id`),
  CONSTRAINT `photos_ibfk_1` FOREIGN KEY (`album_id`) REFERENCES `photo_albums` (`id`),
  CONSTRAINT `photos_ibfk_2` FOREIGN KEY (`media_id`) REFERENCES `media` (`id`)
) ENGINE=InnoDB AUTO_INCREMENT=101 DEFAULT CHARSET=utf8 COLLATE=utf8_unicode_ci;

INSERT INTO `photos` (`id`, `album_id`, `media_id`) VALUES ('1', '27', '1');
INSERT INTO `photos` (`id`, `album_id`, `media_id`) VALUES ('2', '95', '2');
INSERT INTO `photos` (`id`, `album_id`, `media_id`) VALUES ('3', '83', '3');
INSERT INTO `photos` (`id`, `album_id`, `media_id`) VALUES ('4', '85', '4');
INSERT INTO `photos` (`id`, `album_id`, `media_id`) VALUES ('5', '45', '5');
INSERT INTO `photos` (`id`, `album_id`, `media_id`) VALUES ('6', '47', '6');
INSERT INTO `photos` (`id`, `album_id`, `media_id`) VALUES ('7', '26', '7');
INSERT INTO `photos` (`id`, `album_id`, `media_id`) VALUES ('8', '4', '8');
INSERT INTO `photos` (`id`, `album_id`, `media_id`) VALUES ('9', '84', '9');
INSERT INTO `photos` (`id`, `album_id`, `media_id`) VALUES ('10', '87', '10');
INSERT INTO `photos` (`id`, `album_id`, `media_id`) VALUES ('11', '82', '11');
INSERT INTO `photos` (`id`, `album_id`, `media_id`) VALUES ('12', '23', '12');
INSERT INTO `photos` (`id`, `album_id`, `media_id`) VALUES ('13', '32', '13');
INSERT INTO `photos` (`id`, `album_id`, `media_id`) VALUES ('14', '71', '14');
INSERT INTO `photos` (`id`, `album_id`, `media_id`) VALUES ('15', '43', '15');
INSERT INTO `photos` (`id`, `album_id`, `media_id`) VALUES ('16', '92', '16');
INSERT INTO `photos` (`id`, `album_id`, `media_id`) VALUES ('17', '90', '17');
INSERT INTO `photos` (`id`, `album_id`, `media_id`) VALUES ('18', '45', '18');
INSERT INTO `photos` (`id`, `album_id`, `media_id`) VALUES ('19', '56', '19');
INSERT INTO `photos` (`id`, `album_id`, `media_id`) VALUES ('20', '30', '20');
INSERT INTO `photos` (`id`, `album_id`, `media_id`) VALUES ('21', '95', '21');
INSERT INTO `photos` (`id`, `album_id`, `media_id`) VALUES ('22', '100', '22');
INSERT INTO `photos` (`id`, `album_id`, `media_id`) VALUES ('23', '5', '23');
INSERT INTO `photos` (`id`, `album_id`, `media_id`) VALUES ('24', '63', '24');
INSERT INTO `photos` (`id`, `album_id`, `media_id`) VALUES ('25', '90', '25');
INSERT INTO `photos` (`id`, `album_id`, `media_id`) VALUES ('26', '63', '26');
INSERT INTO `photos` (`id`, `album_id`, `media_id`) VALUES ('27', '95', '27');
INSERT INTO `photos` (`id`, `album_id`, `media_id`) VALUES ('28', '96', '28');
INSERT INTO `photos` (`id`, `album_id`, `media_id`) VALUES ('29', '9', '29');
INSERT INTO `photos` (`id`, `album_id`, `media_id`) VALUES ('30', '95', '30');
INSERT INTO `photos` (`id`, `album_id`, `media_id`) VALUES ('31', '28', '31');
INSERT INTO `photos` (`id`, `album_id`, `media_id`) VALUES ('32', '36', '32');
INSERT INTO `photos` (`id`, `album_id`, `media_id`) VALUES ('33', '89', '33');
INSERT INTO `photos` (`id`, `album_id`, `media_id`) VALUES ('34', '11', '34');
INSERT INTO `photos` (`id`, `album_id`, `media_id`) VALUES ('35', '21', '35');
INSERT INTO `photos` (`id`, `album_id`, `media_id`) VALUES ('36', '33', '36');
INSERT INTO `photos` (`id`, `album_id`, `media_id`) VALUES ('37', '57', '37');
INSERT INTO `photos` (`id`, `album_id`, `media_id`) VALUES ('38', '46', '38');
INSERT INTO `photos` (`id`, `album_id`, `media_id`) VALUES ('39', '37', '39');
INSERT INTO `photos` (`id`, `album_id`, `media_id`) VALUES ('40', '40', '40');
INSERT INTO `photos` (`id`, `album_id`, `media_id`) VALUES ('41', '33', '41');
INSERT INTO `photos` (`id`, `album_id`, `media_id`) VALUES ('42', '19', '42');
INSERT INTO `photos` (`id`, `album_id`, `media_id`) VALUES ('43', '62', '43');
INSERT INTO `photos` (`id`, `album_id`, `media_id`) VALUES ('44', '65', '44');
INSERT INTO `photos` (`id`, `album_id`, `media_id`) VALUES ('45', '90', '45');
INSERT INTO `photos` (`id`, `album_id`, `media_id`) VALUES ('46', '5', '46');
INSERT INTO `photos` (`id`, `album_id`, `media_id`) VALUES ('47', '56', '47');
INSERT INTO `photos` (`id`, `album_id`, `media_id`) VALUES ('48', '80', '48');
INSERT INTO `photos` (`id`, `album_id`, `media_id`) VALUES ('49', '49', '49');
INSERT INTO `photos` (`id`, `album_id`, `media_id`) VALUES ('50', '12', '50');
INSERT INTO `photos` (`id`, `album_id`, `media_id`) VALUES ('51', '9', '51');
INSERT INTO `photos` (`id`, `album_id`, `media_id`) VALUES ('52', '44', '52');
INSERT INTO `photos` (`id`, `album_id`, `media_id`) VALUES ('53', '12', '53');
INSERT INTO `photos` (`id`, `album_id`, `media_id`) VALUES ('54', '14', '54');
INSERT INTO `photos` (`id`, `album_id`, `media_id`) VALUES ('55', '7', '55');
INSERT INTO `photos` (`id`, `album_id`, `media_id`) VALUES ('56', '1', '56');
INSERT INTO `photos` (`id`, `album_id`, `media_id`) VALUES ('57', '76', '57');
INSERT INTO `photos` (`id`, `album_id`, `media_id`) VALUES ('58', '2', '58');
INSERT INTO `photos` (`id`, `album_id`, `media_id`) VALUES ('59', '97', '59');
INSERT INTO `photos` (`id`, `album_id`, `media_id`) VALUES ('60', '85', '60');
INSERT INTO `photos` (`id`, `album_id`, `media_id`) VALUES ('61', '96', '61');
INSERT INTO `photos` (`id`, `album_id`, `media_id`) VALUES ('62', '24', '62');
INSERT INTO `photos` (`id`, `album_id`, `media_id`) VALUES ('63', '21', '63');
INSERT INTO `photos` (`id`, `album_id`, `media_id`) VALUES ('64', '85', '64');
INSERT INTO `photos` (`id`, `album_id`, `media_id`) VALUES ('65', '35', '65');
INSERT INTO `photos` (`id`, `album_id`, `media_id`) VALUES ('66', '41', '66');
INSERT INTO `photos` (`id`, `album_id`, `media_id`) VALUES ('67', '17', '67');
INSERT INTO `photos` (`id`, `album_id`, `media_id`) VALUES ('68', '91', '68');
INSERT INTO `photos` (`id`, `album_id`, `media_id`) VALUES ('69', '87', '69');
INSERT INTO `photos` (`id`, `album_id`, `media_id`) VALUES ('70', '54', '70');
INSERT INTO `photos` (`id`, `album_id`, `media_id`) VALUES ('71', '31', '71');
INSERT INTO `photos` (`id`, `album_id`, `media_id`) VALUES ('72', '19', '72');
INSERT INTO `photos` (`id`, `album_id`, `media_id`) VALUES ('73', '73', '73');
INSERT INTO `photos` (`id`, `album_id`, `media_id`) VALUES ('74', '93', '74');
INSERT INTO `photos` (`id`, `album_id`, `media_id`) VALUES ('75', '83', '75');
INSERT INTO `photos` (`id`, `album_id`, `media_id`) VALUES ('76', '62', '76');
INSERT INTO `photos` (`id`, `album_id`, `media_id`) VALUES ('77', '97', '77');
INSERT INTO `photos` (`id`, `album_id`, `media_id`) VALUES ('78', '39', '78');
INSERT INTO `photos` (`id`, `album_id`, `media_id`) VALUES ('79', '41', '79');
INSERT INTO `photos` (`id`, `album_id`, `media_id`) VALUES ('80', '46', '80');
INSERT INTO `photos` (`id`, `album_id`, `media_id`) VALUES ('81', '51', '81');
INSERT INTO `photos` (`id`, `album_id`, `media_id`) VALUES ('82', '50', '82');
INSERT INTO `photos` (`id`, `album_id`, `media_id`) VALUES ('83', '90', '83');
INSERT INTO `photos` (`id`, `album_id`, `media_id`) VALUES ('84', '62', '84');
INSERT INTO `photos` (`id`, `album_id`, `media_id`) VALUES ('85', '64', '85');
INSERT INTO `photos` (`id`, `album_id`, `media_id`) VALUES ('86', '97', '86');
INSERT INTO `photos` (`id`, `album_id`, `media_id`) VALUES ('87', '63', '87');
INSERT INTO `photos` (`id`, `album_id`, `media_id`) VALUES ('88', '40', '88');
INSERT INTO `photos` (`id`, `album_id`, `media_id`) VALUES ('89', '98', '89');
INSERT INTO `photos` (`id`, `album_id`, `media_id`) VALUES ('90', '59', '90');
INSERT INTO `photos` (`id`, `album_id`, `media_id`) VALUES ('91', '24', '91');
INSERT INTO `photos` (`id`, `album_id`, `media_id`) VALUES ('92', '93', '92');
INSERT INTO `photos` (`id`, `album_id`, `media_id`) VALUES ('93', '83', '93');
INSERT INTO `photos` (`id`, `album_id`, `media_id`) VALUES ('94', '45', '94');
INSERT INTO `photos` (`id`, `album_id`, `media_id`) VALUES ('95', '77', '95');
INSERT INTO `photos` (`id`, `album_id`, `media_id`) VALUES ('96', '18', '96');
INSERT INTO `photos` (`id`, `album_id`, `media_id`) VALUES ('97', '85', '97');
INSERT INTO `photos` (`id`, `album_id`, `media_id`) VALUES ('98', '94', '98');
INSERT INTO `photos` (`id`, `album_id`, `media_id`) VALUES ('99', '8', '99');
INSERT INTO `photos` (`id`, `album_id`, `media_id`) VALUES ('100', '71', '100');


#
# TABLE STRUCTURE FOR: posts
#

DROP TABLE IF EXISTS `posts`;

CREATE TABLE `posts` (
  `id` bigint(20) unsigned NOT NULL AUTO_INCREMENT,
  `title` varchar(150) COLLATE utf8_unicode_ci DEFAULT NULL COMMENT '  ',
  `body` text COLLATE utf8_unicode_ci DEFAULT NULL COMMENT '  ',
  `user_id` bigint(20) unsigned NOT NULL,
  `media_id` bigint(20) unsigned NOT NULL COMMENT '  ',
  `metadata` longtext CHARACTER SET utf8mb4 COLLATE utf8mb4_bin DEFAULT NULL CHECK (json_valid(`metadata`)),
  `created_at` datetime DEFAULT current_timestamp(),
  `updated_at` datetime DEFAULT current_timestamp() ON UPDATE current_timestamp(),
  PRIMARY KEY (`id`),
  KEY `media_id` (`media_id`),
  KEY `user_idx` (`user_id`),
  KEY `title_idx` (`title`),
  CONSTRAINT `posts_ibfk_1` FOREIGN KEY (`user_id`) REFERENCES `users` (`id`),
  CONSTRAINT `posts_ibfk_2` FOREIGN KEY (`media_id`) REFERENCES `media` (`id`)
) ENGINE=InnoDB AUTO_INCREMENT=101 DEFAULT CHARSET=utf8 COLLATE=utf8_unicode_ci;

INSERT INTO `posts` (`id`, `title`, `body`, `user_id`, `media_id`, `metadata`, `created_at`, `updated_at`) VALUES ('1', 'Veniam impedit nihil sunt sunt et ad odit.', 'Commodi unde quidem voluptatem qui itaque et ipsam. Pariatur labore quaerat accusantium. Et labore explicabo maxime qui sed dicta. Ut optio officia omnis eos necessitatibus officia. Officia ut amet nostrum mollitia illo et qui.', '1', '1', NULL, '1977-08-18 14:32:02', '1992-06-23 06:54:00');
INSERT INTO `posts` (`id`, `title`, `body`, `user_id`, `media_id`, `metadata`, `created_at`, `updated_at`) VALUES ('2', 'Sunt recusandae maxime quidem sed veritatis voluptatem qui.', 'Nemo omnis ducimus aut. Et sapiente qui tenetur inventore sit est totam vel. Harum officiis ut in ipsam quidem. Vel ad perspiciatis odio eius natus est.', '2', '2', NULL, '1987-09-01 15:40:16', '2005-08-30 06:13:40');
INSERT INTO `posts` (`id`, `title`, `body`, `user_id`, `media_id`, `metadata`, `created_at`, `updated_at`) VALUES ('3', 'Doloremque et velit et amet ut fugit fuga.', 'Sed nulla voluptatem voluptatibus et occaecati hic eaque reprehenderit. Voluptate autem quas nam vero consequuntur ducimus. Et temporibus aspernatur exercitationem consequuntur.', '3', '3', NULL, '1991-06-06 11:02:46', '1992-12-14 17:00:40');
INSERT INTO `posts` (`id`, `title`, `body`, `user_id`, `media_id`, `metadata`, `created_at`, `updated_at`) VALUES ('4', 'Hic eum pariatur aut praesentium aliquid qui ut doloremque.', 'Porro corporis illum sit non delectus officia. Ex quibusdam vel nulla et cumque. Quae facere nobis quas quam. Et voluptatum fuga et autem placeat quis.', '4', '4', NULL, '2012-05-15 19:41:05', '2001-10-14 18:22:42');
INSERT INTO `posts` (`id`, `title`, `body`, `user_id`, `media_id`, `metadata`, `created_at`, `updated_at`) VALUES ('5', 'Molestiae aliquid rerum voluptatem hic blanditiis beatae.', 'Fugit voluptatem odio aut distinctio nisi praesentium. Error qui voluptatem quia accusamus. Tenetur aut esse commodi culpa consequatur porro. Vel autem quia soluta laudantium suscipit suscipit mollitia in.', '5', '5', NULL, '2009-11-28 17:17:10', '2010-10-21 00:53:26');
INSERT INTO `posts` (`id`, `title`, `body`, `user_id`, `media_id`, `metadata`, `created_at`, `updated_at`) VALUES ('6', 'Explicabo doloremque doloremque aut suscipit recusandae.', 'Aut et nesciunt ea ipsa placeat. Molestias rem repellat ut quo et. Consequatur in sunt qui et consectetur modi.', '6', '6', NULL, '1990-07-09 00:36:12', '2004-02-25 06:54:57');
INSERT INTO `posts` (`id`, `title`, `body`, `user_id`, `media_id`, `metadata`, `created_at`, `updated_at`) VALUES ('7', 'Sed corporis neque tenetur esse.', 'Laudantium veritatis sint velit expedita doloremque. Est recusandae deserunt nesciunt iusto harum. Nam et ut debitis mollitia cum. Rem consequuntur amet quibusdam numquam quis.', '7', '7', NULL, '2014-02-18 16:15:50', '1976-05-01 07:13:03');
INSERT INTO `posts` (`id`, `title`, `body`, `user_id`, `media_id`, `metadata`, `created_at`, `updated_at`) VALUES ('8', 'Id voluptas molestiae eveniet libero qui qui.', 'Molestiae fugiat est repudiandae temporibus cumque. Non fugit dolorem voluptas libero reprehenderit aperiam. Molestiae totam est repudiandae sit ex. Nostrum perferendis et nulla nihil. Est maxime fuga aspernatur et veniam.', '8', '8', NULL, '1984-09-19 04:05:16', '1977-02-28 08:40:17');
INSERT INTO `posts` (`id`, `title`, `body`, `user_id`, `media_id`, `metadata`, `created_at`, `updated_at`) VALUES ('9', 'Voluptas dicta necessitatibus voluptates harum molestiae.', 'Sapiente enim minus est reprehenderit. Ea adipisci quia a optio assumenda ratione est. Vel ut omnis quidem distinctio facere. Exercitationem impedit enim quasi eligendi perferendis corrupti.', '9', '9', NULL, '1990-07-18 05:09:40', '2017-08-07 22:18:39');
INSERT INTO `posts` (`id`, `title`, `body`, `user_id`, `media_id`, `metadata`, `created_at`, `updated_at`) VALUES ('10', 'Incidunt sequi sed ab autem.', 'Molestiae non assumenda est expedita. Consequatur eius fugiat harum magnam porro velit cumque. Recusandae quo labore voluptas impedit sed alias voluptates. Voluptatem doloremque voluptatem distinctio similique enim aliquam.', '10', '10', NULL, '2005-09-16 04:17:20', '2006-03-14 09:07:49');
INSERT INTO `posts` (`id`, `title`, `body`, `user_id`, `media_id`, `metadata`, `created_at`, `updated_at`) VALUES ('11', 'Harum at non laboriosam eligendi magni quod.', 'Sunt qui enim distinctio. Qui accusamus eaque quidem quo. Sunt eveniet delectus quas veniam et impedit.', '11', '11', NULL, '2008-04-14 05:59:39', '1976-09-18 16:44:04');
INSERT INTO `posts` (`id`, `title`, `body`, `user_id`, `media_id`, `metadata`, `created_at`, `updated_at`) VALUES ('12', 'Est iste id qui voluptas veniam in est.', 'Nemo quia facere harum ipsum numquam et. Molestiae et voluptates praesentium aliquid. Omnis incidunt dolorem et odit sunt. Odit error illum nostrum ut cupiditate dolore. Alias eius ab eum.', '12', '12', NULL, '1988-02-09 19:55:54', '1974-07-11 05:10:46');
INSERT INTO `posts` (`id`, `title`, `body`, `user_id`, `media_id`, `metadata`, `created_at`, `updated_at`) VALUES ('13', 'Beatae nemo exercitationem deserunt.', 'Iure tempore deserunt corrupti sed aliquam. Cumque quia sit nesciunt fugit soluta adipisci. Quod rerum odio autem qui qui.', '13', '13', NULL, '1989-09-03 22:04:25', '2007-06-19 20:42:27');
INSERT INTO `posts` (`id`, `title`, `body`, `user_id`, `media_id`, `metadata`, `created_at`, `updated_at`) VALUES ('14', 'Ab pariatur accusamus commodi id consectetur eveniet omnis expedita.', 'Et natus excepturi in mollitia dolore voluptas aut. Sed a recusandae et. Maxime quia aut odio repellendus perspiciatis. Accusantium rerum incidunt possimus deserunt ratione cupiditate vel omnis.', '14', '14', NULL, '1993-08-05 03:31:30', '1981-12-28 02:12:24');
INSERT INTO `posts` (`id`, `title`, `body`, `user_id`, `media_id`, `metadata`, `created_at`, `updated_at`) VALUES ('15', 'Exercitationem dolor corporis itaque et tempora.', 'Sit doloribus et et consequatur eos est perferendis. Consequatur nulla qui nisi voluptatibus et dolore recusandae.', '15', '15', NULL, '2007-04-08 17:38:51', '2001-03-23 11:44:52');
INSERT INTO `posts` (`id`, `title`, `body`, `user_id`, `media_id`, `metadata`, `created_at`, `updated_at`) VALUES ('16', 'Unde qui itaque architecto officia voluptatem quia ut.', 'Mollitia molestiae sed cupiditate qui mollitia voluptatem occaecati dicta. Magni enim est omnis commodi dolorem amet. Ut corrupti ut autem corrupti numquam accusantium. Quis perferendis perspiciatis delectus officiis quis porro consequatur.', '16', '16', NULL, '1990-03-10 21:54:17', '1981-04-05 21:40:51');
INSERT INTO `posts` (`id`, `title`, `body`, `user_id`, `media_id`, `metadata`, `created_at`, `updated_at`) VALUES ('17', 'Natus totam soluta maxime minima.', 'Voluptate rerum veritatis maiores dicta natus et ullam. Voluptatem quia alias sit aut.', '17', '17', NULL, '1990-12-30 15:55:16', '1979-05-14 03:15:41');
INSERT INTO `posts` (`id`, `title`, `body`, `user_id`, `media_id`, `metadata`, `created_at`, `updated_at`) VALUES ('18', 'Ea magnam voluptas doloribus placeat non reprehenderit.', 'Sit occaecati voluptas atque corporis ut quia id. Doloribus numquam dolor tempore molestias deserunt laborum sit. Aliquid quod laboriosam atque distinctio magni tenetur rerum. Quae dolor accusantium provident soluta minus. Id modi magni dolorum consequatur ex.', '18', '18', NULL, '2005-06-23 21:33:44', '1990-10-06 07:54:10');
INSERT INTO `posts` (`id`, `title`, `body`, `user_id`, `media_id`, `metadata`, `created_at`, `updated_at`) VALUES ('19', 'Eaque deserunt quam earum.', 'Culpa asperiores soluta odit perferendis porro rerum esse. Molestias odio et sed officia.', '19', '19', NULL, '1975-12-05 18:50:03', '1972-05-21 20:27:10');
INSERT INTO `posts` (`id`, `title`, `body`, `user_id`, `media_id`, `metadata`, `created_at`, `updated_at`) VALUES ('20', 'Consequatur placeat iusto ad ipsa quas.', 'Voluptatum ullam laboriosam inventore expedita. Doloribus praesentium aut et enim qui. Nobis inventore qui impedit facilis eveniet qui sequi ut.', '20', '20', NULL, '2010-07-02 14:00:02', '1977-12-05 14:36:04');
INSERT INTO `posts` (`id`, `title`, `body`, `user_id`, `media_id`, `metadata`, `created_at`, `updated_at`) VALUES ('21', 'Soluta minus tempore delectus recusandae maiores provident repellat dolorum.', 'Praesentium facilis non iure voluptates. Nesciunt doloremque est temporibus libero sit. Et excepturi autem qui qui. Officiis fuga unde eveniet quo id debitis.', '21', '21', NULL, '2015-10-12 21:12:36', '1989-06-10 11:05:06');
INSERT INTO `posts` (`id`, `title`, `body`, `user_id`, `media_id`, `metadata`, `created_at`, `updated_at`) VALUES ('22', 'Voluptatum veritatis voluptatibus aut enim inventore incidunt ut ex.', 'Tempore praesentium placeat aliquam excepturi et autem. In praesentium corrupti dolorum doloremque aspernatur ullam rerum. Minus magni dolores illo quia ipsa. Et totam explicabo perferendis totam corrupti omnis. Ad saepe aspernatur animi iste nam sed nostrum.', '22', '22', NULL, '1991-06-14 12:16:31', '2016-01-14 11:22:14');
INSERT INTO `posts` (`id`, `title`, `body`, `user_id`, `media_id`, `metadata`, `created_at`, `updated_at`) VALUES ('23', 'Ea accusamus neque excepturi maxime rerum facere.', 'Autem non quia distinctio repudiandae sapiente vitae maxime. Facere quo dolorum modi cupiditate sint enim. Recusandae sapiente aut dolor est. Sit omnis quisquam odio pariatur. Laudantium voluptates aut deserunt totam voluptatem.', '23', '23', NULL, '2002-01-22 19:14:42', '1979-12-20 21:16:10');
INSERT INTO `posts` (`id`, `title`, `body`, `user_id`, `media_id`, `metadata`, `created_at`, `updated_at`) VALUES ('24', 'In similique exercitationem qui quis ea quaerat.', 'Illo magnam eveniet qui est aperiam. Et itaque deserunt omnis excepturi deserunt voluptatem. Quae at nulla iste labore.', '24', '24', NULL, '1975-05-26 04:17:45', '1978-03-13 08:29:08');
INSERT INTO `posts` (`id`, `title`, `body`, `user_id`, `media_id`, `metadata`, `created_at`, `updated_at`) VALUES ('25', 'Porro est quod dolorum molestias voluptatem nemo aut.', 'Suscipit mollitia sed libero ea. Autem rerum praesentium dignissimos molestias beatae. Velit dolores inventore dolore magnam sed. Neque quia nisi omnis et.', '25', '25', NULL, '1983-01-08 15:11:36', '1975-08-25 11:25:05');
INSERT INTO `posts` (`id`, `title`, `body`, `user_id`, `media_id`, `metadata`, `created_at`, `updated_at`) VALUES ('26', 'Suscipit voluptatum accusantium laborum consequatur minima porro a.', 'Necessitatibus quisquam sit dolores nemo. Officiis voluptas enim sequi cum dolorem. Recusandae ipsam error ut dolor deleniti repudiandae eum. Molestiae expedita adipisci quasi non architecto debitis. Incidunt aut odit modi.', '26', '26', NULL, '1994-11-01 19:59:52', '2016-07-16 10:59:21');
INSERT INTO `posts` (`id`, `title`, `body`, `user_id`, `media_id`, `metadata`, `created_at`, `updated_at`) VALUES ('27', 'Nesciunt aut beatae officiis eum adipisci corporis.', 'Aspernatur aliquid quia saepe aut enim beatae saepe alias. Tenetur eligendi quam quam ad nemo aut. Provident dolorum est ad consequuntur dolorum.', '27', '27', NULL, '1981-09-01 20:39:38', '2010-09-29 03:48:59');
INSERT INTO `posts` (`id`, `title`, `body`, `user_id`, `media_id`, `metadata`, `created_at`, `updated_at`) VALUES ('28', 'Dolores est magnam veniam sit veritatis.', 'Non eaque eum vel ut rerum sit. Quae illo id nihil. Rerum dolores deserunt accusamus commodi. Eveniet quidem esse dolorum exercitationem laboriosam. Voluptatem et atque impedit voluptates libero.', '28', '28', NULL, '1977-08-05 17:01:44', '2017-02-05 01:40:58');
INSERT INTO `posts` (`id`, `title`, `body`, `user_id`, `media_id`, `metadata`, `created_at`, `updated_at`) VALUES ('29', 'Sed numquam reprehenderit natus dignissimos nisi eligendi.', 'Expedita consequuntur quia debitis magni beatae. Dolorem libero tempora magnam qui cupiditate. Sunt sit dolorem eos.', '29', '29', NULL, '1984-04-08 19:22:24', '1996-10-11 16:22:59');
INSERT INTO `posts` (`id`, `title`, `body`, `user_id`, `media_id`, `metadata`, `created_at`, `updated_at`) VALUES ('30', 'Corrupti ut ut qui voluptas consequuntur earum sunt nemo.', 'Et accusamus voluptatem quas rerum. Aliquid magni aut in voluptatem consequatur nihil. Quos voluptatibus praesentium consequatur non at sit consectetur.', '30', '30', NULL, '1971-05-10 16:44:35', '1999-05-15 09:54:32');
INSERT INTO `posts` (`id`, `title`, `body`, `user_id`, `media_id`, `metadata`, `created_at`, `updated_at`) VALUES ('31', 'Hic alias repellat sint veritatis fugiat expedita.', 'Aliquam quasi rerum sint optio exercitationem rerum exercitationem. Odio qui ut aut rerum similique. Et omnis laboriosam quia asperiores nulla. Ut unde iusto neque totam.', '31', '31', NULL, '2000-12-06 02:26:18', '2019-03-15 07:40:43');
INSERT INTO `posts` (`id`, `title`, `body`, `user_id`, `media_id`, `metadata`, `created_at`, `updated_at`) VALUES ('32', 'Quis sit repellendus temporibus omnis magnam.', 'Nisi quaerat totam sapiente quae quisquam dolores. Laborum doloribus dignissimos dolorem nihil delectus. Voluptas est voluptates animi omnis id vero.', '32', '32', NULL, '2000-09-21 17:10:12', '1974-08-27 12:21:00');
INSERT INTO `posts` (`id`, `title`, `body`, `user_id`, `media_id`, `metadata`, `created_at`, `updated_at`) VALUES ('33', 'Aut a quia unde repellat velit rem.', 'Dolorem omnis similique qui sed harum. Voluptas natus ut quidem ut neque.', '33', '33', NULL, '2001-05-25 08:31:56', '1992-03-23 16:56:55');
INSERT INTO `posts` (`id`, `title`, `body`, `user_id`, `media_id`, `metadata`, `created_at`, `updated_at`) VALUES ('34', 'Voluptatem rem possimus perspiciatis sunt repudiandae voluptas.', 'Expedita voluptas voluptate aliquid blanditiis. Voluptatibus adipisci est ea et quia. Et facilis sed sed rerum ad fugit perspiciatis. Dolor et sed et autem nisi ipsam.', '34', '34', NULL, '2001-09-07 21:23:25', '1987-08-02 09:37:49');
INSERT INTO `posts` (`id`, `title`, `body`, `user_id`, `media_id`, `metadata`, `created_at`, `updated_at`) VALUES ('35', 'In ut omnis debitis a magni voluptatem.', 'Velit et accusamus sed officiis sequi. Quae culpa magni dolor qui. Omnis et perspiciatis ut incidunt et vitae ab.', '35', '35', NULL, '1981-06-27 16:46:05', '2004-02-15 00:20:55');
INSERT INTO `posts` (`id`, `title`, `body`, `user_id`, `media_id`, `metadata`, `created_at`, `updated_at`) VALUES ('36', 'Sit suscipit quam voluptas tempora.', 'Totam repellat enim cum eius qui ea sed cupiditate. Minima sequi voluptatem explicabo deleniti repudiandae. Est incidunt eos ea quo qui cum. Rerum dignissimos dolorum unde neque exercitationem placeat non.', '36', '36', NULL, '1998-01-11 05:29:36', '1999-01-02 05:54:35');
INSERT INTO `posts` (`id`, `title`, `body`, `user_id`, `media_id`, `metadata`, `created_at`, `updated_at`) VALUES ('37', 'Similique dolorem perspiciatis asperiores adipisci est repellendus veniam dicta.', 'Ad fugit in quia dolorem voluptatum. Temporibus nihil repellendus dicta repellat modi quia. Quia quam enim explicabo quos possimus ullam. Dolore odio necessitatibus velit veritatis quia at nisi.', '37', '37', NULL, '1975-09-29 02:14:50', '1983-01-17 09:40:43');
INSERT INTO `posts` (`id`, `title`, `body`, `user_id`, `media_id`, `metadata`, `created_at`, `updated_at`) VALUES ('38', 'Voluptatibus facere necessitatibus veniam facilis saepe iusto deleniti asperiores.', 'Dolores temporibus sapiente quae debitis excepturi beatae doloremque. Enim sequi modi provident quia consectetur quasi. Et vitae delectus hic hic.', '38', '38', NULL, '1977-07-19 10:14:51', '1973-06-10 14:09:06');
INSERT INTO `posts` (`id`, `title`, `body`, `user_id`, `media_id`, `metadata`, `created_at`, `updated_at`) VALUES ('39', 'Quod delectus voluptate suscipit deleniti qui ducimus.', 'Sequi corrupti facere aut. Velit saepe tempore consequatur sit assumenda perferendis. Vero amet autem deserunt distinctio adipisci exercitationem quam. Omnis voluptatem dicta laboriosam dolor porro ea incidunt.', '39', '39', NULL, '1991-10-06 19:50:08', '2015-01-22 17:37:18');
INSERT INTO `posts` (`id`, `title`, `body`, `user_id`, `media_id`, `metadata`, `created_at`, `updated_at`) VALUES ('40', 'Accusamus voluptatum laborum at maiores.', 'Tenetur dolores placeat molestiae et rerum amet odit minima. Quod sit sit asperiores dolorum quia enim autem quisquam. Porro sit qui cumque consectetur voluptates reprehenderit veritatis.', '40', '40', NULL, '1997-11-22 20:48:39', '1970-07-19 07:03:29');
INSERT INTO `posts` (`id`, `title`, `body`, `user_id`, `media_id`, `metadata`, `created_at`, `updated_at`) VALUES ('41', 'Minima eius numquam atque ratione non et quis.', 'At et voluptatibus ipsum ullam odio voluptatibus voluptas. Maiores minus eos rerum occaecati quidem exercitationem modi. Quis iste neque aut ratione quidem. Accusantium et repellat fuga sit. Dicta porro magni quam blanditiis.', '41', '41', NULL, '1983-06-20 12:04:33', '1977-07-10 17:07:20');
INSERT INTO `posts` (`id`, `title`, `body`, `user_id`, `media_id`, `metadata`, `created_at`, `updated_at`) VALUES ('42', 'Facere maxime nam laboriosam quis rem.', 'Quasi ab non quis tenetur odit. Aut velit quos numquam et similique. Minima voluptas error qui et ut rerum.', '42', '42', NULL, '1980-06-30 19:37:20', '2015-08-05 15:59:47');
INSERT INTO `posts` (`id`, `title`, `body`, `user_id`, `media_id`, `metadata`, `created_at`, `updated_at`) VALUES ('43', 'Enim nisi eos perferendis quam autem ut eveniet.', 'Et quo maxime voluptas quas non vero praesentium voluptas. Ut animi sunt assumenda earum et. Eaque cupiditate sunt sit placeat.', '43', '43', NULL, '2009-12-10 23:02:44', '2009-03-18 23:10:33');
INSERT INTO `posts` (`id`, `title`, `body`, `user_id`, `media_id`, `metadata`, `created_at`, `updated_at`) VALUES ('44', 'Illum dolor saepe placeat accusantium quis ut dolores.', 'Et libero nihil eos id. Dolor et culpa harum quia delectus aspernatur culpa et. Dolores recusandae temporibus eum ipsam est facilis molestias. Sequi voluptas natus sit.', '44', '44', NULL, '1981-07-16 21:55:05', '2018-12-01 16:09:09');
INSERT INTO `posts` (`id`, `title`, `body`, `user_id`, `media_id`, `metadata`, `created_at`, `updated_at`) VALUES ('45', 'Dolore dolore voluptas consectetur tenetur quis numquam.', 'Aut nihil quo animi architecto quibusdam inventore ut sit. Quam minus et asperiores id. Necessitatibus eos quasi est sint animi enim. Eius in dicta ut corporis reiciendis dolor.', '45', '45', NULL, '2000-05-25 09:48:24', '1971-09-20 01:33:00');
INSERT INTO `posts` (`id`, `title`, `body`, `user_id`, `media_id`, `metadata`, `created_at`, `updated_at`) VALUES ('46', 'Omnis voluptas alias labore beatae impedit corrupti.', 'Ducimus libero officia consectetur. Dolores cupiditate sequi sit. Dolorem et quas adipisci enim.', '46', '46', NULL, '1988-10-21 17:04:05', '2018-11-24 21:26:50');
INSERT INTO `posts` (`id`, `title`, `body`, `user_id`, `media_id`, `metadata`, `created_at`, `updated_at`) VALUES ('47', 'Et rerum expedita voluptates non error.', 'Aut in quae quas. Tenetur pariatur ex aut reiciendis laboriosam. Blanditiis dolore ipsam commodi ipsam nisi atque. Veniam incidunt autem nobis et qui velit aliquid.', '47', '47', NULL, '1992-04-13 22:27:35', '1997-09-20 05:13:07');
INSERT INTO `posts` (`id`, `title`, `body`, `user_id`, `media_id`, `metadata`, `created_at`, `updated_at`) VALUES ('48', 'Cumque error mollitia velit saepe molestiae.', 'Minima in dolore inventore consectetur debitis. Voluptate et voluptatibus assumenda odit. Ex porro rerum accusantium est.', '48', '48', NULL, '1982-08-06 13:16:14', '2006-09-16 07:07:23');
INSERT INTO `posts` (`id`, `title`, `body`, `user_id`, `media_id`, `metadata`, `created_at`, `updated_at`) VALUES ('49', 'Molestias aut aut dolor aperiam amet deleniti.', 'Eum quis earum et ea. Dolorem possimus sequi animi totam possimus labore nihil. Sed ad dolor voluptate soluta at eos. Qui ipsa ipsam a.', '49', '49', NULL, '2013-10-02 23:23:31', '1975-01-03 20:13:14');
INSERT INTO `posts` (`id`, `title`, `body`, `user_id`, `media_id`, `metadata`, `created_at`, `updated_at`) VALUES ('50', 'Vero facilis aperiam autem rem dolores autem odit.', 'Fuga aspernatur sunt reiciendis numquam. Non quibusdam dolores cum voluptates id. Quibusdam repellendus libero non enim necessitatibus. Est neque maiores voluptatum excepturi molestias numquam cum perspiciatis.', '50', '50', NULL, '2001-09-15 09:52:49', '1996-07-23 01:23:41');
INSERT INTO `posts` (`id`, `title`, `body`, `user_id`, `media_id`, `metadata`, `created_at`, `updated_at`) VALUES ('51', 'Consequatur reprehenderit porro aut ut.', 'Sed eveniet aliquam aliquid laboriosam laborum sequi. Blanditiis sequi eos ea laboriosam. Eaque quo pariatur animi ad et totam qui odit. Ipsam et ipsa et.', '51', '51', NULL, '1992-08-29 11:26:32', '2015-10-24 12:44:42');
INSERT INTO `posts` (`id`, `title`, `body`, `user_id`, `media_id`, `metadata`, `created_at`, `updated_at`) VALUES ('52', 'Repellendus veritatis quis nihil eaque velit.', 'Sit ut deserunt eveniet fugit nihil. Soluta et aut illum nihil. Ut nihil asperiores omnis sint. Blanditiis iusto qui dolor nobis.', '52', '52', NULL, '1985-04-12 18:26:29', '1995-12-19 03:41:07');
INSERT INTO `posts` (`id`, `title`, `body`, `user_id`, `media_id`, `metadata`, `created_at`, `updated_at`) VALUES ('53', 'Corporis reiciendis deleniti est nam et praesentium quae voluptas.', 'Iusto possimus pariatur voluptatem tenetur est atque. Amet velit impedit impedit reiciendis qui iste sed. Nihil eligendi natus ullam occaecati laborum. Totam eos a doloremque eos tempore harum sed.', '53', '53', NULL, '1988-04-22 00:28:05', '2008-03-28 21:03:52');
INSERT INTO `posts` (`id`, `title`, `body`, `user_id`, `media_id`, `metadata`, `created_at`, `updated_at`) VALUES ('54', 'Dolore suscipit magnam animi maiores est fugiat in quia.', 'Earum vitae consequuntur sapiente asperiores. Aspernatur ipsum dolorem eum magnam. Aliquid saepe cumque assumenda doloremque.', '54', '54', NULL, '1972-10-31 15:21:45', '1984-01-19 03:52:05');
INSERT INTO `posts` (`id`, `title`, `body`, `user_id`, `media_id`, `metadata`, `created_at`, `updated_at`) VALUES ('55', 'Enim voluptatem voluptatibus aut aut.', 'Et debitis aut inventore ea amet. A quam aut earum amet soluta mollitia qui. Est ut porro eius illo.', '55', '55', NULL, '2017-06-03 17:20:01', '1994-10-20 18:58:00');
INSERT INTO `posts` (`id`, `title`, `body`, `user_id`, `media_id`, `metadata`, `created_at`, `updated_at`) VALUES ('56', 'Aut nemo alias tempore libero.', 'Sit iusto est itaque dolor voluptatum. Id quis officia dicta. Ratione corrupti voluptatem ea aut voluptatem sint. Illum dolorum consequuntur temporibus est autem.', '56', '56', NULL, '1995-04-17 09:48:55', '2006-01-23 11:24:30');
INSERT INTO `posts` (`id`, `title`, `body`, `user_id`, `media_id`, `metadata`, `created_at`, `updated_at`) VALUES ('57', 'Nam nostrum eveniet expedita excepturi sint non.', 'Autem perspiciatis ab quo quas dolorem dolor sequi. Voluptatem soluta nihil dignissimos repellat qui necessitatibus. Quisquam eligendi omnis voluptates saepe.', '57', '57', NULL, '1979-06-07 16:07:10', '1997-05-27 10:42:05');
INSERT INTO `posts` (`id`, `title`, `body`, `user_id`, `media_id`, `metadata`, `created_at`, `updated_at`) VALUES ('58', 'Aut consequuntur saepe quia non velit omnis.', 'Dicta aut voluptatem similique. Qui vero et id qui expedita aut. Repellendus sint sint et laboriosam animi. Et incidunt cum et aspernatur dignissimos numquam velit.', '58', '58', NULL, '2020-02-07 06:16:02', '1975-02-15 17:00:23');
INSERT INTO `posts` (`id`, `title`, `body`, `user_id`, `media_id`, `metadata`, `created_at`, `updated_at`) VALUES ('59', 'Quas laborum facilis veritatis.', 'Tenetur qui eos sit ducimus dolor in. Quia eos est voluptatem reprehenderit. Sed quis rerum enim omnis at libero sequi. Consequatur et fuga ducimus rerum aut voluptas.', '59', '59', NULL, '2019-09-11 16:48:11', '1974-04-01 06:20:00');
INSERT INTO `posts` (`id`, `title`, `body`, `user_id`, `media_id`, `metadata`, `created_at`, `updated_at`) VALUES ('60', 'Maxime consequatur deserunt eaque et.', 'Dignissimos sapiente velit provident laboriosam quia rerum sit. Aut ut et ea quia aspernatur sed cupiditate explicabo. Explicabo accusantium qui omnis quo aut tempora. Consequatur et facere optio ducimus.', '60', '60', NULL, '2017-02-20 12:59:17', '2009-11-18 10:06:42');
INSERT INTO `posts` (`id`, `title`, `body`, `user_id`, `media_id`, `metadata`, `created_at`, `updated_at`) VALUES ('61', 'Rerum aut velit officiis nobis non omnis consequatur.', 'Tempore tempora facilis totam optio ratione quam. Ex quidem veritatis quo maxime nobis. Mollitia sed neque molestias blanditiis quia cum.', '61', '61', NULL, '1996-06-14 02:25:31', '2007-06-10 18:43:14');
INSERT INTO `posts` (`id`, `title`, `body`, `user_id`, `media_id`, `metadata`, `created_at`, `updated_at`) VALUES ('62', 'Accusantium quo doloribus aliquid quia non illo officia atque.', 'Nihil ut error qui aut veniam minima. Enim beatae et molestias temporibus impedit id. Voluptatum quae quam nam labore necessitatibus blanditiis. Minima necessitatibus velit et dolorem qui est sed.', '62', '62', NULL, '2017-08-31 07:36:21', '1990-04-29 22:31:36');
INSERT INTO `posts` (`id`, `title`, `body`, `user_id`, `media_id`, `metadata`, `created_at`, `updated_at`) VALUES ('63', 'Earum labore culpa voluptates natus doloribus quo est illo.', 'Rerum illum sapiente velit dolore maiores. Dolorem aut vel deserunt magnam.', '63', '63', NULL, '2014-07-23 08:11:14', '2011-07-22 03:58:07');
INSERT INTO `posts` (`id`, `title`, `body`, `user_id`, `media_id`, `metadata`, `created_at`, `updated_at`) VALUES ('64', 'Aut qui saepe sunt qui quod.', 'Inventore hic error suscipit quia. Sit laboriosam assumenda repellat quia. Debitis vel sapiente aspernatur suscipit officia quod laudantium. Non facere cum aliquid qui.', '64', '64', NULL, '2014-10-15 11:15:19', '2019-01-28 13:07:48');
INSERT INTO `posts` (`id`, `title`, `body`, `user_id`, `media_id`, `metadata`, `created_at`, `updated_at`) VALUES ('65', 'Fugit molestiae quo omnis ipsa eaque veniam sit quibusdam.', 'Sequi et ipsum totam occaecati in magnam. Molestiae et illo et iusto autem. Quae velit et placeat pariatur sit id ea ea. Qui adipisci optio molestias ut autem reprehenderit ea omnis. Quam rerum architecto consequatur.', '65', '65', NULL, '2016-02-24 21:22:41', '1970-06-15 14:34:11');
INSERT INTO `posts` (`id`, `title`, `body`, `user_id`, `media_id`, `metadata`, `created_at`, `updated_at`) VALUES ('66', 'Non totam eum aperiam dolor minima.', 'Laborum assumenda id tempora aliquid excepturi. Sunt fuga molestias laudantium voluptatem. Officia sunt veniam eveniet totam voluptas quia quae.', '66', '66', NULL, '1978-05-10 20:55:03', '1987-12-31 09:26:09');
INSERT INTO `posts` (`id`, `title`, `body`, `user_id`, `media_id`, `metadata`, `created_at`, `updated_at`) VALUES ('67', 'Sit labore accusantium delectus non non temporibus.', 'Cumque similique quibusdam nam eveniet provident sapiente placeat. Eligendi est assumenda beatae. Aperiam temporibus laborum aut cumque omnis nemo. In ut vero accusamus exercitationem qui et temporibus.', '67', '67', NULL, '2019-07-25 04:44:56', '1993-05-16 07:42:53');
INSERT INTO `posts` (`id`, `title`, `body`, `user_id`, `media_id`, `metadata`, `created_at`, `updated_at`) VALUES ('68', 'Tempora sit est dolor odit molestiae voluptatum in.', 'Dolorum eius debitis minima doloribus ut maiores rerum natus. Quis ratione numquam distinctio quis atque veritatis suscipit. Accusantium molestiae commodi et voluptatem repudiandae. Rerum dolor aspernatur qui. Doloremque vitae similique molestiae.', '68', '68', NULL, '2005-04-01 18:26:03', '2019-06-28 09:34:04');
INSERT INTO `posts` (`id`, `title`, `body`, `user_id`, `media_id`, `metadata`, `created_at`, `updated_at`) VALUES ('69', 'Sequi voluptatum veritatis ex doloremque.', 'Adipisci qui consequatur enim perferendis. Quod non officiis facilis illum quasi corporis facere. Voluptatibus suscipit in voluptas quis impedit maiores possimus. In odio in ut et quo et modi quia.', '69', '69', NULL, '1999-09-29 18:27:54', '1970-12-17 16:32:32');
INSERT INTO `posts` (`id`, `title`, `body`, `user_id`, `media_id`, `metadata`, `created_at`, `updated_at`) VALUES ('70', 'Dignissimos id eaque aut at beatae.', 'Qui quae et voluptatibus quos. Eligendi distinctio et architecto eligendi sed cupiditate voluptatem aut.', '70', '70', NULL, '2003-03-15 17:38:32', '1979-07-19 08:09:49');
INSERT INTO `posts` (`id`, `title`, `body`, `user_id`, `media_id`, `metadata`, `created_at`, `updated_at`) VALUES ('71', 'Voluptatem dicta officia ex fugiat hic ut.', 'Occaecati asperiores non molestias accusamus quia dolorem iste. Esse placeat consequatur nisi amet. Aut et porro error ipsum.', '71', '71', NULL, '1985-06-20 21:05:15', '1971-07-20 02:08:24');
INSERT INTO `posts` (`id`, `title`, `body`, `user_id`, `media_id`, `metadata`, `created_at`, `updated_at`) VALUES ('72', 'Consequatur iure eum consectetur minus.', 'Dolores ea enim aut voluptatibus molestias et id. Qui asperiores expedita vero minus quisquam nihil et. Deleniti nemo in autem consectetur dolores. Et ut quidem veniam nihil suscipit.', '72', '72', NULL, '1996-01-18 14:25:53', '1984-09-08 16:40:11');
INSERT INTO `posts` (`id`, `title`, `body`, `user_id`, `media_id`, `metadata`, `created_at`, `updated_at`) VALUES ('73', 'Omnis sit omnis laborum ipsam deserunt.', 'Quaerat sunt facere reprehenderit est est nihil autem. Vel aliquid ab quia repellendus. Necessitatibus nemo aspernatur eos eum.', '73', '73', NULL, '1974-02-24 17:18:41', '2003-06-29 08:22:21');
INSERT INTO `posts` (`id`, `title`, `body`, `user_id`, `media_id`, `metadata`, `created_at`, `updated_at`) VALUES ('74', 'Voluptatum assumenda quo fugit esse officia.', 'Est est perspiciatis omnis unde sunt fugit laborum. Voluptatem aut omnis quia consectetur ut veniam ipsam voluptatem. Alias tempore cupiditate rem sed. Quia iste odio aliquam dolorem.', '74', '74', NULL, '2011-12-17 16:38:53', '1970-01-30 16:40:36');
INSERT INTO `posts` (`id`, `title`, `body`, `user_id`, `media_id`, `metadata`, `created_at`, `updated_at`) VALUES ('75', 'Aliquid soluta voluptas rerum dolorem qui tempore.', 'Eaque corrupti alias temporibus quam ut. Blanditiis voluptatem est officiis rem et. Ipsum sunt voluptatibus sequi aperiam adipisci qui odit.', '75', '75', NULL, '1981-04-09 19:53:00', '2010-06-16 13:24:09');
INSERT INTO `posts` (`id`, `title`, `body`, `user_id`, `media_id`, `metadata`, `created_at`, `updated_at`) VALUES ('76', 'Voluptatem saepe ipsum qui voluptatibus.', 'Dolor maiores id a ipsam voluptate. Praesentium unde qui quia eaque ducimus illo. Temporibus quas totam non temporibus.', '76', '76', NULL, '1994-06-16 23:53:59', '1993-05-12 01:11:19');
INSERT INTO `posts` (`id`, `title`, `body`, `user_id`, `media_id`, `metadata`, `created_at`, `updated_at`) VALUES ('77', 'Laudantium at dolores quae.', 'Excepturi sunt nam dignissimos. Blanditiis unde necessitatibus quasi harum. Aliquam ea quia corporis vero qui numquam quam. Dolorem placeat beatae neque rerum consequatur officiis dolorum odio. Praesentium dolorem autem cupiditate sapiente rerum et corrupti tempore.', '77', '77', NULL, '2004-07-18 14:58:21', '2006-02-02 23:49:24');
INSERT INTO `posts` (`id`, `title`, `body`, `user_id`, `media_id`, `metadata`, `created_at`, `updated_at`) VALUES ('78', 'Et incidunt blanditiis id quasi.', 'Exercitationem commodi quia dolores. Voluptas eos aliquam beatae eos exercitationem quia consequatur. Qui corporis nesciunt itaque facere ullam.', '78', '78', NULL, '1990-09-04 10:50:28', '1981-09-09 21:49:25');
INSERT INTO `posts` (`id`, `title`, `body`, `user_id`, `media_id`, `metadata`, `created_at`, `updated_at`) VALUES ('79', 'Qui dolores ut dolorem quia voluptatem esse ut.', 'Dolores error nisi molestiae sint enim dolore modi. Et quasi facere et unde. Occaecati nostrum eos voluptas illum quo. Temporibus ipsum quisquam earum. Ipsum provident laborum dolores qui et neque.', '79', '79', NULL, '1976-03-23 05:16:52', '1998-05-27 00:31:53');
INSERT INTO `posts` (`id`, `title`, `body`, `user_id`, `media_id`, `metadata`, `created_at`, `updated_at`) VALUES ('80', 'Nihil asperiores sint iure voluptatum totam reiciendis.', 'Ad sunt sequi perferendis sed vitae exercitationem temporibus voluptatem. Sed expedita aliquid commodi optio libero. Molestias et recusandae ipsam quia magnam maiores.', '80', '80', NULL, '2011-04-30 04:50:45', '2015-04-19 19:02:50');
INSERT INTO `posts` (`id`, `title`, `body`, `user_id`, `media_id`, `metadata`, `created_at`, `updated_at`) VALUES ('81', 'Magnam voluptatem consequatur placeat dicta.', 'Sit laborum eum dolor ut nobis. A voluptas omnis fugit deleniti corporis. Perferendis officia odio est in qui.', '81', '81', NULL, '1998-07-24 16:19:46', '1998-12-08 06:10:24');
INSERT INTO `posts` (`id`, `title`, `body`, `user_id`, `media_id`, `metadata`, `created_at`, `updated_at`) VALUES ('82', 'Possimus illo dolor voluptatem fuga explicabo sit doloremque.', 'Consequatur hic non dolorem fugiat enim doloribus id odio. Deleniti rerum velit harum eligendi quis. Ea esse iste natus et quas nemo. Cum voluptates harum nemo veritatis veniam.', '82', '82', NULL, '2015-08-25 17:10:51', '1989-03-14 18:50:30');
INSERT INTO `posts` (`id`, `title`, `body`, `user_id`, `media_id`, `metadata`, `created_at`, `updated_at`) VALUES ('83', 'Quia beatae voluptatem delectus rem alias inventore delectus.', 'Distinctio est et maxime iste quam sit rerum. Hic aut cum enim beatae. Vitae qui quae nostrum a omnis. Necessitatibus at expedita atque quia laudantium quo. Cumque molestiae sunt deserunt ducimus.', '83', '83', NULL, '1996-08-05 15:06:35', '2015-09-29 19:16:27');
INSERT INTO `posts` (`id`, `title`, `body`, `user_id`, `media_id`, `metadata`, `created_at`, `updated_at`) VALUES ('84', 'Saepe unde mollitia quaerat repellat voluptatem est occaecati.', 'Aliquam laborum ipsa voluptatibus doloribus ut quis. Voluptatem eveniet tempora non ut nemo molestias. Et soluta aperiam reprehenderit sint quaerat. At dolore rem est architecto.', '84', '84', NULL, '1996-01-16 15:49:46', '1970-10-10 05:03:11');
INSERT INTO `posts` (`id`, `title`, `body`, `user_id`, `media_id`, `metadata`, `created_at`, `updated_at`) VALUES ('85', 'Dolores accusamus distinctio corporis qui aut.', 'Deleniti repellat dolorem accusantium harum est. Blanditiis soluta dolorem iure. Ipsa voluptatem ut quod est quod asperiores. Rerum reprehenderit voluptas quia officiis dolorem.', '85', '85', NULL, '1996-05-10 23:13:13', '2005-10-11 02:52:31');
INSERT INTO `posts` (`id`, `title`, `body`, `user_id`, `media_id`, `metadata`, `created_at`, `updated_at`) VALUES ('86', 'Autem aut voluptates accusantium atque maiores voluptatem veritatis.', 'Tenetur saepe deserunt at voluptas. Quo possimus magnam officiis autem officia qui enim. Ad ex laboriosam veniam quia ducimus similique. Eum quam molestiae voluptate aspernatur aut quod.', '86', '86', NULL, '2015-07-26 06:49:26', '1972-12-22 01:17:10');
INSERT INTO `posts` (`id`, `title`, `body`, `user_id`, `media_id`, `metadata`, `created_at`, `updated_at`) VALUES ('87', 'Minima omnis accusantium nobis eveniet asperiores temporibus consectetur.', 'Eum ratione rem quod nostrum eligendi nihil ipsa. Illum ea minus rem praesentium et quaerat magnam. Provident quae nihil expedita magni.', '87', '87', NULL, '1988-02-15 18:44:52', '1986-08-15 22:01:39');
INSERT INTO `posts` (`id`, `title`, `body`, `user_id`, `media_id`, `metadata`, `created_at`, `updated_at`) VALUES ('88', 'Nam exercitationem aut est aut odit voluptatem corrupti.', 'Dicta inventore sit velit consequatur. Odit sequi maxime qui fugiat. Ut aliquid omnis vitae molestiae excepturi.', '88', '88', NULL, '2012-12-29 20:37:53', '2001-12-17 09:07:22');
INSERT INTO `posts` (`id`, `title`, `body`, `user_id`, `media_id`, `metadata`, `created_at`, `updated_at`) VALUES ('89', 'Rerum repellat fugit fugiat asperiores quibusdam et.', 'Architecto ut molestiae earum et commodi quae. Ut labore enim sed suscipit repellat sequi.', '89', '89', NULL, '2015-02-27 18:07:20', '2012-02-11 21:57:56');
INSERT INTO `posts` (`id`, `title`, `body`, `user_id`, `media_id`, `metadata`, `created_at`, `updated_at`) VALUES ('90', 'Quibusdam animi nam nihil nesciunt quasi et esse quia.', 'Quidem ipsam unde alias quos voluptatibus. Voluptate maxime blanditiis saepe porro ut reiciendis voluptatibus earum. Quos odit ut error voluptatem.', '90', '90', NULL, '2008-04-01 21:31:41', '1993-09-18 18:32:32');
INSERT INTO `posts` (`id`, `title`, `body`, `user_id`, `media_id`, `metadata`, `created_at`, `updated_at`) VALUES ('91', 'Consequatur animi odit et illo exercitationem in odit.', 'Omnis sed facere qui aut voluptatem. Enim repudiandae qui delectus ullam officia. Tenetur aut nostrum dolorem quos. Nisi quia pariatur est rerum sint architecto ad.', '91', '91', NULL, '1990-11-06 21:17:58', '2012-04-08 00:44:06');
INSERT INTO `posts` (`id`, `title`, `body`, `user_id`, `media_id`, `metadata`, `created_at`, `updated_at`) VALUES ('92', 'Neque possimus impedit voluptatibus distinctio omnis aut reprehenderit voluptates.', 'Odit qui nulla asperiores cupiditate. Dolorum quia quis beatae iste. Aspernatur enim optio laborum voluptate molestiae.', '92', '92', NULL, '1995-07-06 22:28:59', '2009-10-08 06:43:37');
INSERT INTO `posts` (`id`, `title`, `body`, `user_id`, `media_id`, `metadata`, `created_at`, `updated_at`) VALUES ('93', 'Sunt perspiciatis consequatur assumenda accusamus laborum sit repellat in.', 'Et est dolorem voluptatem reprehenderit. Cupiditate voluptatem ex officia error. Dignissimos porro repellendus nulla tempore id ut minima.', '93', '93', NULL, '1980-11-24 10:57:59', '1997-06-16 08:59:28');
INSERT INTO `posts` (`id`, `title`, `body`, `user_id`, `media_id`, `metadata`, `created_at`, `updated_at`) VALUES ('94', 'Omnis officia sunt tenetur laborum natus earum.', 'Omnis accusamus numquam velit temporibus ea. Non sint et consequuntur facere amet sit. Quia eos corporis enim nam maiores. Corporis in voluptatem sed tempora modi.', '94', '94', NULL, '1993-01-15 16:54:24', '2020-04-20 03:20:25');
INSERT INTO `posts` (`id`, `title`, `body`, `user_id`, `media_id`, `metadata`, `created_at`, `updated_at`) VALUES ('95', 'Libero assumenda molestias ab est omnis necessitatibus.', 'Velit dolore labore voluptatem possimus ex. Enim dolore porro modi magni dignissimos fuga illo. A sunt maxime adipisci ut ex.', '95', '95', NULL, '1997-12-02 16:56:53', '1997-03-08 08:28:30');
INSERT INTO `posts` (`id`, `title`, `body`, `user_id`, `media_id`, `metadata`, `created_at`, `updated_at`) VALUES ('96', 'Et voluptates quisquam esse odio officia tempore animi.', 'Pariatur ut autem animi quis dignissimos. Rerum vel tenetur itaque dicta voluptates explicabo totam. Blanditiis ipsam consequatur est dignissimos quam mollitia quaerat. Sunt necessitatibus autem corrupti iste. Nihil est sit laboriosam aut tempore consequatur sed.', '96', '96', NULL, '1975-12-13 20:29:33', '1976-01-18 22:41:20');
INSERT INTO `posts` (`id`, `title`, `body`, `user_id`, `media_id`, `metadata`, `created_at`, `updated_at`) VALUES ('97', 'Iste adipisci in ipsa voluptatibus eaque.', 'Fuga qui accusantium nesciunt ipsam. Consectetur optio eaque minus sint. Quos dolor voluptas omnis. Consequatur tempore dolor nihil rerum excepturi voluptatum est ratione.', '97', '97', NULL, '2006-11-02 04:24:28', '1985-04-25 21:10:25');
INSERT INTO `posts` (`id`, `title`, `body`, `user_id`, `media_id`, `metadata`, `created_at`, `updated_at`) VALUES ('98', 'Ipsum voluptas in iste modi aliquid.', 'Maiores qui rem nostrum eveniet nemo et. Deleniti beatae eligendi sunt sint. Recusandae exercitationem quasi vel. Consequatur aut consectetur ipsam illum nihil odio dolorem.', '98', '98', NULL, '1985-05-08 11:09:37', '2017-02-28 05:09:20');
INSERT INTO `posts` (`id`, `title`, `body`, `user_id`, `media_id`, `metadata`, `created_at`, `updated_at`) VALUES ('99', 'Odit veritatis pariatur nihil.', 'Illum debitis ipsa fuga dignissimos excepturi ut est. Alias ut molestias architecto et delectus vitae optio. Sit illum cupiditate nemo natus et autem qui.', '99', '99', NULL, '2017-02-03 16:47:03', '1985-11-27 08:58:43');
INSERT INTO `posts` (`id`, `title`, `body`, `user_id`, `media_id`, `metadata`, `created_at`, `updated_at`) VALUES ('100', 'Asperiores quas porro accusamus repellat est.', 'Autem iure non excepturi non. Odit laborum accusantium quia repudiandae non molestias. Omnis illum facilis nobis tempora provident accusamus officiis.', '100', '100', NULL, '1992-07-08 01:49:33', '1983-08-03 23:01:48');


#
# TABLE STRUCTURE FOR: profiles
#

DROP TABLE IF EXISTS `profiles`;

CREATE TABLE `profiles` (
  `user_id` bigint(20) unsigned NOT NULL AUTO_INCREMENT,
  `gender` char(1) COLLATE utf8_unicode_ci DEFAULT NULL,
  `birthday` datetime DEFAULT NULL,
  `photo_id` bigint(20) unsigned DEFAULT NULL,
  `created_at` datetime DEFAULT current_timestamp(),
  `hometown` varchar(100) COLLATE utf8_unicode_ci DEFAULT NULL,
  PRIMARY KEY (`user_id`),
  CONSTRAINT `profiles_ibfk_1` FOREIGN KEY (`user_id`) REFERENCES `users` (`id`)
) ENGINE=InnoDB AUTO_INCREMENT=101 DEFAULT CHARSET=utf8 COLLATE=utf8_unicode_ci;

INSERT INTO `profiles` (`user_id`, `gender`, `birthday`, `photo_id`, `created_at`, `hometown`) VALUES ('1', 'm', '2013-02-21 00:50:20', '1', '2004-03-17 14:49:08', ' London');
INSERT INTO `profiles` (`user_id`, `gender`, `birthday`, `photo_id`, `created_at`, `hometown`) VALUES ('2', 'm', '1972-09-11 15:00:47', '2', '2003-11-27 01:42:55', ' Berlin');
INSERT INTO `profiles` (`user_id`, `gender`, `birthday`, `photo_id`, `created_at`, `hometown`) VALUES ('3', 'm', '1991-11-15 12:10:28', '3', '2014-03-10 09:46:07', ' Berlin');
INSERT INTO `profiles` (`user_id`, `gender`, `birthday`, `photo_id`, `created_at`, `hometown`) VALUES ('4', 'f', '2003-07-09 09:41:08', '4', '2017-09-30 14:29:41', ' Berlin');
INSERT INTO `profiles` (`user_id`, `gender`, `birthday`, `photo_id`, `created_at`, `hometown`) VALUES ('5', 'm', '1988-06-15 11:15:58', '5', '2010-03-05 14:40:24', ' London');
INSERT INTO `profiles` (`user_id`, `gender`, `birthday`, `photo_id`, `created_at`, `hometown`) VALUES ('6', 'm', '2005-02-19 23:26:39', '6', '1973-10-13 21:53:16', 'Moscow');
INSERT INTO `profiles` (`user_id`, `gender`, `birthday`, `photo_id`, `created_at`, `hometown`) VALUES ('7', 'f', '1977-04-17 01:32:45', '7', '2003-09-12 04:42:55', 'Moscow');
INSERT INTO `profiles` (`user_id`, `gender`, `birthday`, `photo_id`, `created_at`, `hometown`) VALUES ('8', 'm', '1991-05-05 00:23:17', '8', '1974-07-21 23:57:30', 'Moscow');
INSERT INTO `profiles` (`user_id`, `gender`, `birthday`, `photo_id`, `created_at`, `hometown`) VALUES ('9', 'f', '1993-09-23 07:03:08', '9', '1970-08-04 14:50:29', ' Berlin');
INSERT INTO `profiles` (`user_id`, `gender`, `birthday`, `photo_id`, `created_at`, `hometown`) VALUES ('10', 'm', '1993-09-30 03:51:29', '10', '2003-11-14 20:18:48', ' Berlin');
INSERT INTO `profiles` (`user_id`, `gender`, `birthday`, `photo_id`, `created_at`, `hometown`) VALUES ('11', 'f', '2012-09-09 11:32:23', '11', '2003-08-13 15:08:40', ' Berlin');
INSERT INTO `profiles` (`user_id`, `gender`, `birthday`, `photo_id`, `created_at`, `hometown`) VALUES ('12', 'f', '1975-08-19 05:26:33', '12', '2008-03-26 10:49:09', ' Berlin');
INSERT INTO `profiles` (`user_id`, `gender`, `birthday`, `photo_id`, `created_at`, `hometown`) VALUES ('13', 'f', '2002-07-13 02:46:54', '13', '2014-05-23 14:56:51', 'Moscow');
INSERT INTO `profiles` (`user_id`, `gender`, `birthday`, `photo_id`, `created_at`, `hometown`) VALUES ('14', 'f', '1983-06-25 23:12:31', '14', '1988-08-26 23:36:36', 'Moscow');
INSERT INTO `profiles` (`user_id`, `gender`, `birthday`, `photo_id`, `created_at`, `hometown`) VALUES ('15', 'f', '1976-09-07 17:38:04', '15', '1993-06-28 12:03:19', 'Moscow');
INSERT INTO `profiles` (`user_id`, `gender`, `birthday`, `photo_id`, `created_at`, `hometown`) VALUES ('16', 'f', '1975-11-26 14:47:37', '16', '1973-08-20 18:39:05', ' Berlin');
INSERT INTO `profiles` (`user_id`, `gender`, `birthday`, `photo_id`, `created_at`, `hometown`) VALUES ('17', 'f', '1988-07-28 04:42:28', '17', '2005-07-08 21:12:34', ' Berlin');
INSERT INTO `profiles` (`user_id`, `gender`, `birthday`, `photo_id`, `created_at`, `hometown`) VALUES ('18', 'm', '2016-12-02 12:03:46', '18', '1991-11-13 08:55:19', ' London');
INSERT INTO `profiles` (`user_id`, `gender`, `birthday`, `photo_id`, `created_at`, `hometown`) VALUES ('19', 'f', '1985-01-15 17:13:43', '19', '1981-01-10 03:49:33', ' London');
INSERT INTO `profiles` (`user_id`, `gender`, `birthday`, `photo_id`, `created_at`, `hometown`) VALUES ('20', 'm', '2000-01-03 19:27:42', '20', '2019-01-13 18:11:05', ' London');
INSERT INTO `profiles` (`user_id`, `gender`, `birthday`, `photo_id`, `created_at`, `hometown`) VALUES ('21', 'm', '2019-08-11 00:11:15', '21', '1983-08-03 19:48:36', ' London');
INSERT INTO `profiles` (`user_id`, `gender`, `birthday`, `photo_id`, `created_at`, `hometown`) VALUES ('22', 'f', '2019-04-17 00:50:18', '22', '1977-06-28 05:49:10', ' Berlin');
INSERT INTO `profiles` (`user_id`, `gender`, `birthday`, `photo_id`, `created_at`, `hometown`) VALUES ('23', 'm', '1992-08-27 11:44:56', '23', '2008-01-19 10:58:33', ' London');
INSERT INTO `profiles` (`user_id`, `gender`, `birthday`, `photo_id`, `created_at`, `hometown`) VALUES ('24', 'f', '1983-04-15 17:19:23', '24', '2017-07-17 18:08:09', 'Moscow');
INSERT INTO `profiles` (`user_id`, `gender`, `birthday`, `photo_id`, `created_at`, `hometown`) VALUES ('25', 'f', '2002-02-13 11:16:19', '25', '1980-12-12 23:36:06', ' Berlin');
INSERT INTO `profiles` (`user_id`, `gender`, `birthday`, `photo_id`, `created_at`, `hometown`) VALUES ('26', 'm', '1972-10-08 06:18:31', '26', '1995-09-05 14:19:21', ' Berlin');
INSERT INTO `profiles` (`user_id`, `gender`, `birthday`, `photo_id`, `created_at`, `hometown`) VALUES ('27', 'm', '1993-05-01 15:50:21', '27', '2000-05-16 23:26:28', ' London');
INSERT INTO `profiles` (`user_id`, `gender`, `birthday`, `photo_id`, `created_at`, `hometown`) VALUES ('28', 'f', '2003-02-20 18:38:36', '28', '1997-09-19 05:56:47', ' Berlin');
INSERT INTO `profiles` (`user_id`, `gender`, `birthday`, `photo_id`, `created_at`, `hometown`) VALUES ('29', 'm', '1987-05-28 10:23:15', '29', '2016-08-07 11:17:17', ' London');
INSERT INTO `profiles` (`user_id`, `gender`, `birthday`, `photo_id`, `created_at`, `hometown`) VALUES ('30', 'f', '1997-12-11 00:16:37', '30', '2001-03-19 11:24:15', 'Moscow');
INSERT INTO `profiles` (`user_id`, `gender`, `birthday`, `photo_id`, `created_at`, `hometown`) VALUES ('31', 'f', '2019-09-24 16:10:27', '31', '1988-07-31 03:44:10', 'Moscow');
INSERT INTO `profiles` (`user_id`, `gender`, `birthday`, `photo_id`, `created_at`, `hometown`) VALUES ('32', 'm', '2004-05-11 06:06:11', '32', '1999-09-17 11:04:31', ' Berlin');
INSERT INTO `profiles` (`user_id`, `gender`, `birthday`, `photo_id`, `created_at`, `hometown`) VALUES ('33', 'm', '2011-08-28 03:21:52', '33', '2002-07-31 10:30:23', ' London');
INSERT INTO `profiles` (`user_id`, `gender`, `birthday`, `photo_id`, `created_at`, `hometown`) VALUES ('34', 'f', '2003-07-15 00:03:30', '34', '1998-03-23 18:46:32', ' London');
INSERT INTO `profiles` (`user_id`, `gender`, `birthday`, `photo_id`, `created_at`, `hometown`) VALUES ('35', 'm', '1987-04-16 22:59:44', '35', '2004-05-26 18:17:47', ' London');
INSERT INTO `profiles` (`user_id`, `gender`, `birthday`, `photo_id`, `created_at`, `hometown`) VALUES ('36', 'f', '2014-07-18 16:00:54', '36', '1975-04-20 00:48:43', 'Moscow');
INSERT INTO `profiles` (`user_id`, `gender`, `birthday`, `photo_id`, `created_at`, `hometown`) VALUES ('37', 'f', '1990-06-16 08:45:45', '37', '1996-04-09 01:22:42', 'Moscow');
INSERT INTO `profiles` (`user_id`, `gender`, `birthday`, `photo_id`, `created_at`, `hometown`) VALUES ('38', 'm', '1979-11-30 15:32:51', '38', '2000-12-07 12:19:43', ' Berlin');
INSERT INTO `profiles` (`user_id`, `gender`, `birthday`, `photo_id`, `created_at`, `hometown`) VALUES ('39', 'm', '2017-03-04 06:44:05', '39', '2009-06-17 03:56:26', ' London');
INSERT INTO `profiles` (`user_id`, `gender`, `birthday`, `photo_id`, `created_at`, `hometown`) VALUES ('40', 'm', '2019-02-10 10:27:40', '40', '2003-11-29 06:25:59', 'Moscow');
INSERT INTO `profiles` (`user_id`, `gender`, `birthday`, `photo_id`, `created_at`, `hometown`) VALUES ('41', 'm', '2019-03-07 09:53:17', '41', '1996-05-25 04:32:05', ' Berlin');
INSERT INTO `profiles` (`user_id`, `gender`, `birthday`, `photo_id`, `created_at`, `hometown`) VALUES ('42', 'm', '1995-12-05 05:43:34', '42', '1994-02-13 20:48:20', ' London');
INSERT INTO `profiles` (`user_id`, `gender`, `birthday`, `photo_id`, `created_at`, `hometown`) VALUES ('43', 'm', '1996-02-19 12:55:45', '43', '2013-01-01 15:54:21', 'Moscow');
INSERT INTO `profiles` (`user_id`, `gender`, `birthday`, `photo_id`, `created_at`, `hometown`) VALUES ('44', 'm', '2014-10-06 13:25:44', '44', '1970-10-21 18:22:38', ' Berlin');
INSERT INTO `profiles` (`user_id`, `gender`, `birthday`, `photo_id`, `created_at`, `hometown`) VALUES ('45', 'f', '1996-06-06 22:28:07', '45', '2004-08-14 09:44:18', ' Berlin');
INSERT INTO `profiles` (`user_id`, `gender`, `birthday`, `photo_id`, `created_at`, `hometown`) VALUES ('46', 'm', '1974-06-03 21:48:04', '46', '1987-06-24 11:55:29', ' London');
INSERT INTO `profiles` (`user_id`, `gender`, `birthday`, `photo_id`, `created_at`, `hometown`) VALUES ('47', 'f', '2011-03-26 21:02:33', '47', '2008-08-14 11:51:09', ' London');
INSERT INTO `profiles` (`user_id`, `gender`, `birthday`, `photo_id`, `created_at`, `hometown`) VALUES ('48', 'f', '1997-04-07 05:41:29', '48', '2008-01-17 17:58:58', ' London');
INSERT INTO `profiles` (`user_id`, `gender`, `birthday`, `photo_id`, `created_at`, `hometown`) VALUES ('49', 'f', '2017-09-19 21:27:08', '49', '1986-07-08 06:55:12', ' London');
INSERT INTO `profiles` (`user_id`, `gender`, `birthday`, `photo_id`, `created_at`, `hometown`) VALUES ('50', 'm', '2009-12-28 18:30:47', '50', '2000-10-05 21:47:38', ' Berlin');
INSERT INTO `profiles` (`user_id`, `gender`, `birthday`, `photo_id`, `created_at`, `hometown`) VALUES ('51', 'm', '1996-04-14 10:57:32', '51', '1999-11-14 22:40:49', ' London');
INSERT INTO `profiles` (`user_id`, `gender`, `birthday`, `photo_id`, `created_at`, `hometown`) VALUES ('52', 'm', '2005-12-07 11:42:23', '52', '2019-08-03 03:27:36', ' Berlin');
INSERT INTO `profiles` (`user_id`, `gender`, `birthday`, `photo_id`, `created_at`, `hometown`) VALUES ('53', 'm', '1974-09-15 09:47:51', '53', '2008-10-26 22:07:11', 'Moscow');
INSERT INTO `profiles` (`user_id`, `gender`, `birthday`, `photo_id`, `created_at`, `hometown`) VALUES ('54', 'f', '2005-07-03 05:07:03', '54', '2019-01-08 03:47:39', 'Moscow');
INSERT INTO `profiles` (`user_id`, `gender`, `birthday`, `photo_id`, `created_at`, `hometown`) VALUES ('55', 'f', '2019-12-21 06:08:14', '55', '1980-01-26 14:14:42', ' Berlin');
INSERT INTO `profiles` (`user_id`, `gender`, `birthday`, `photo_id`, `created_at`, `hometown`) VALUES ('56', 'm', '1979-03-03 03:52:03', '56', '1988-01-14 00:42:18', 'Moscow');
INSERT INTO `profiles` (`user_id`, `gender`, `birthday`, `photo_id`, `created_at`, `hometown`) VALUES ('57', 'f', '1978-03-12 04:50:44', '57', '1983-01-23 08:18:15', 'Moscow');
INSERT INTO `profiles` (`user_id`, `gender`, `birthday`, `photo_id`, `created_at`, `hometown`) VALUES ('58', 'm', '2016-09-18 14:47:37', '58', '2006-04-23 22:15:29', 'Moscow');
INSERT INTO `profiles` (`user_id`, `gender`, `birthday`, `photo_id`, `created_at`, `hometown`) VALUES ('59', 'f', '1994-07-12 13:37:25', '59', '2008-03-31 18:33:51', ' London');
INSERT INTO `profiles` (`user_id`, `gender`, `birthday`, `photo_id`, `created_at`, `hometown`) VALUES ('60', 'm', '2007-10-25 11:22:14', '60', '1978-10-20 16:07:37', 'Moscow');
INSERT INTO `profiles` (`user_id`, `gender`, `birthday`, `photo_id`, `created_at`, `hometown`) VALUES ('61', 'm', '2000-07-29 12:53:22', '61', '1970-07-22 06:23:10', ' London');
INSERT INTO `profiles` (`user_id`, `gender`, `birthday`, `photo_id`, `created_at`, `hometown`) VALUES ('62', 'f', '1978-06-18 17:50:30', '62', '1972-05-06 08:03:41', ' London');
INSERT INTO `profiles` (`user_id`, `gender`, `birthday`, `photo_id`, `created_at`, `hometown`) VALUES ('63', 'm', '2014-12-27 08:02:58', '63', '1992-02-12 18:13:49', ' Berlin');
INSERT INTO `profiles` (`user_id`, `gender`, `birthday`, `photo_id`, `created_at`, `hometown`) VALUES ('64', 'm', '1983-07-26 15:49:40', '64', '2012-04-04 18:25:24', ' Berlin');
INSERT INTO `profiles` (`user_id`, `gender`, `birthday`, `photo_id`, `created_at`, `hometown`) VALUES ('65', 'f', '2000-07-14 15:15:13', '65', '1979-02-13 02:31:11', 'Moscow');
INSERT INTO `profiles` (`user_id`, `gender`, `birthday`, `photo_id`, `created_at`, `hometown`) VALUES ('66', 'm', '1999-09-11 12:56:41', '66', '1975-08-07 10:23:39', ' Berlin');
INSERT INTO `profiles` (`user_id`, `gender`, `birthday`, `photo_id`, `created_at`, `hometown`) VALUES ('67', 'm', '1992-12-20 16:48:59', '67', '1994-06-21 11:54:43', 'Moscow');
INSERT INTO `profiles` (`user_id`, `gender`, `birthday`, `photo_id`, `created_at`, `hometown`) VALUES ('68', 'f', '2009-10-29 23:33:36', '68', '2015-07-03 01:33:28', 'Moscow');
INSERT INTO `profiles` (`user_id`, `gender`, `birthday`, `photo_id`, `created_at`, `hometown`) VALUES ('69', 'm', '1995-06-03 09:51:52', '69', '1970-03-31 13:13:49', 'Moscow');
INSERT INTO `profiles` (`user_id`, `gender`, `birthday`, `photo_id`, `created_at`, `hometown`) VALUES ('70', 'm', '1996-12-14 22:15:30', '70', '2014-05-17 13:38:49', 'Moscow');
INSERT INTO `profiles` (`user_id`, `gender`, `birthday`, `photo_id`, `created_at`, `hometown`) VALUES ('71', 'm', '1979-10-25 10:18:33', '71', '2010-12-07 07:21:36', ' London');
INSERT INTO `profiles` (`user_id`, `gender`, `birthday`, `photo_id`, `created_at`, `hometown`) VALUES ('72', 'f', '2015-10-11 07:07:04', '72', '1994-09-08 14:12:01', 'Moscow');
INSERT INTO `profiles` (`user_id`, `gender`, `birthday`, `photo_id`, `created_at`, `hometown`) VALUES ('73', 'm', '1992-11-27 02:48:39', '73', '1992-03-21 20:44:50', ' Berlin');
INSERT INTO `profiles` (`user_id`, `gender`, `birthday`, `photo_id`, `created_at`, `hometown`) VALUES ('74', 'f', '2016-04-11 13:18:09', '74', '2004-05-27 10:08:06', ' Berlin');
INSERT INTO `profiles` (`user_id`, `gender`, `birthday`, `photo_id`, `created_at`, `hometown`) VALUES ('75', 'f', '1981-11-09 00:45:30', '75', '2020-02-24 04:30:15', ' London');
INSERT INTO `profiles` (`user_id`, `gender`, `birthday`, `photo_id`, `created_at`, `hometown`) VALUES ('76', 'f', '1982-10-31 00:54:38', '76', '2016-08-19 17:36:24', ' Berlin');
INSERT INTO `profiles` (`user_id`, `gender`, `birthday`, `photo_id`, `created_at`, `hometown`) VALUES ('77', 'm', '2006-10-12 21:41:16', '77', '2005-06-27 01:25:46', ' London');
INSERT INTO `profiles` (`user_id`, `gender`, `birthday`, `photo_id`, `created_at`, `hometown`) VALUES ('78', 'm', '1971-04-06 16:08:50', '78', '2019-01-06 03:34:36', 'Moscow');
INSERT INTO `profiles` (`user_id`, `gender`, `birthday`, `photo_id`, `created_at`, `hometown`) VALUES ('79', 'm', '1985-09-23 17:38:58', '79', '2002-02-03 02:24:46', 'Moscow');
INSERT INTO `profiles` (`user_id`, `gender`, `birthday`, `photo_id`, `created_at`, `hometown`) VALUES ('80', 'm', '2004-12-05 22:11:45', '80', '2002-05-07 06:52:30', ' London');
INSERT INTO `profiles` (`user_id`, `gender`, `birthday`, `photo_id`, `created_at`, `hometown`) VALUES ('81', 'f', '2015-05-06 05:42:33', '81', '1995-09-14 05:05:37', 'Moscow');
INSERT INTO `profiles` (`user_id`, `gender`, `birthday`, `photo_id`, `created_at`, `hometown`) VALUES ('82', 'f', '2011-02-24 17:34:06', '82', '1985-01-25 23:42:04', 'Moscow');
INSERT INTO `profiles` (`user_id`, `gender`, `birthday`, `photo_id`, `created_at`, `hometown`) VALUES ('83', 'm', '1999-12-25 08:30:20', '83', '2017-02-09 16:04:03', 'Moscow');
INSERT INTO `profiles` (`user_id`, `gender`, `birthday`, `photo_id`, `created_at`, `hometown`) VALUES ('84', 'm', '1971-04-18 20:15:07', '84', '1998-03-18 04:40:19', 'Moscow');
INSERT INTO `profiles` (`user_id`, `gender`, `birthday`, `photo_id`, `created_at`, `hometown`) VALUES ('85', 'f', '1984-07-08 20:30:40', '85', '2011-05-16 01:45:48', ' Berlin');
INSERT INTO `profiles` (`user_id`, `gender`, `birthday`, `photo_id`, `created_at`, `hometown`) VALUES ('86', 'f', '2013-05-07 20:08:58', '86', '2000-04-17 06:42:39', ' Berlin');
INSERT INTO `profiles` (`user_id`, `gender`, `birthday`, `photo_id`, `created_at`, `hometown`) VALUES ('87', 'f', '2003-12-17 22:37:00', '87', '2010-08-30 22:50:01', ' London');
INSERT INTO `profiles` (`user_id`, `gender`, `birthday`, `photo_id`, `created_at`, `hometown`) VALUES ('88', 'm', '2018-03-05 20:02:57', '88', '2006-08-10 12:04:09', ' London');
INSERT INTO `profiles` (`user_id`, `gender`, `birthday`, `photo_id`, `created_at`, `hometown`) VALUES ('89', 'm', '1973-08-27 05:56:41', '89', '2008-09-05 14:56:27', ' Berlin');
INSERT INTO `profiles` (`user_id`, `gender`, `birthday`, `photo_id`, `created_at`, `hometown`) VALUES ('90', 'm', '1981-03-15 04:14:10', '90', '1980-08-22 10:43:45', ' London');
INSERT INTO `profiles` (`user_id`, `gender`, `birthday`, `photo_id`, `created_at`, `hometown`) VALUES ('91', 'm', '1975-01-22 01:35:17', '91', '2019-10-12 19:16:48', 'Moscow');
INSERT INTO `profiles` (`user_id`, `gender`, `birthday`, `photo_id`, `created_at`, `hometown`) VALUES ('92', 'm', '2012-06-21 02:42:48', '92', '1989-10-07 20:31:50', ' London');
INSERT INTO `profiles` (`user_id`, `gender`, `birthday`, `photo_id`, `created_at`, `hometown`) VALUES ('93', 'm', '1978-05-06 14:44:35', '93', '1974-08-21 22:17:55', 'Moscow');
INSERT INTO `profiles` (`user_id`, `gender`, `birthday`, `photo_id`, `created_at`, `hometown`) VALUES ('94', 'm', '1990-03-04 01:53:56', '94', '2015-01-13 23:56:31', 'Moscow');
INSERT INTO `profiles` (`user_id`, `gender`, `birthday`, `photo_id`, `created_at`, `hometown`) VALUES ('95', 'f', '1975-07-05 14:30:53', '95', '1995-06-03 02:59:02', ' Berlin');
INSERT INTO `profiles` (`user_id`, `gender`, `birthday`, `photo_id`, `created_at`, `hometown`) VALUES ('96', 'm', '1970-06-04 23:30:13', '96', '1981-02-23 00:35:23', 'Moscow');
INSERT INTO `profiles` (`user_id`, `gender`, `birthday`, `photo_id`, `created_at`, `hometown`) VALUES ('97', 'f', '2012-10-12 17:40:27', '97', '2005-07-25 22:50:52', ' London');
INSERT INTO `profiles` (`user_id`, `gender`, `birthday`, `photo_id`, `created_at`, `hometown`) VALUES ('98', 'f', '1997-11-02 01:15:34', '98', '1982-06-26 14:55:34', ' London');
INSERT INTO `profiles` (`user_id`, `gender`, `birthday`, `photo_id`, `created_at`, `hometown`) VALUES ('99', 'm', '1990-07-01 13:04:08', '99', '1993-06-17 23:36:08', ' London');
INSERT INTO `profiles` (`user_id`, `gender`, `birthday`, `photo_id`, `created_at`, `hometown`) VALUES ('100', 'f', '1981-06-04 19:17:29', '100', '1980-12-09 23:06:57', ' London');



#
# TABLE STRUCTURE FOR: users_communities
#

DROP TABLE IF EXISTS `users_communities`;

CREATE TABLE `users_communities` (
  `user_id` bigint(20) unsigned NOT NULL,
  `community_id` bigint(20) unsigned NOT NULL,
  PRIMARY KEY (`user_id`,`community_id`),
  KEY `community_id` (`community_id`),
  CONSTRAINT `users_communities_ibfk_1` FOREIGN KEY (`user_id`) REFERENCES `users` (`id`),
  CONSTRAINT `users_communities_ibfk_2` FOREIGN KEY (`community_id`) REFERENCES `communities` (`id`)
) ENGINE=InnoDB DEFAULT CHARSET=utf8 COLLATE=utf8_unicode_ci;

INSERT INTO `users_communities` (`user_id`, `community_id`) VALUES ('2', '55');
INSERT INTO `users_communities` (`user_id`, `community_id`) VALUES ('3', '100');
INSERT INTO `users_communities` (`user_id`, `community_id`) VALUES ('4', '63');
INSERT INTO `users_communities` (`user_id`, `community_id`) VALUES ('7', '90');
INSERT INTO `users_communities` (`user_id`, `community_id`) VALUES ('8', '86');
INSERT INTO `users_communities` (`user_id`, `community_id`) VALUES ('9', '58');
INSERT INTO `users_communities` (`user_id`, `community_id`) VALUES ('9', '64');
INSERT INTO `users_communities` (`user_id`, `community_id`) VALUES ('11', '67');
INSERT INTO `users_communities` (`user_id`, `community_id`) VALUES ('13', '36');
INSERT INTO `users_communities` (`user_id`, `community_id`) VALUES ('14', '40');
INSERT INTO `users_communities` (`user_id`, `community_id`) VALUES ('14', '56');
INSERT INTO `users_communities` (`user_id`, `community_id`) VALUES ('14', '65');
INSERT INTO `users_communities` (`user_id`, `community_id`) VALUES ('14', '86');
INSERT INTO `users_communities` (`user_id`, `community_id`) VALUES ('14', '96');
INSERT INTO `users_communities` (`user_id`, `community_id`) VALUES ('16', '41');
INSERT INTO `users_communities` (`user_id`, `community_id`) VALUES ('16', '89');
INSERT INTO `users_communities` (`user_id`, `community_id`) VALUES ('17', '10');
INSERT INTO `users_communities` (`user_id`, `community_id`) VALUES ('17', '96');
INSERT INTO `users_communities` (`user_id`, `community_id`) VALUES ('18', '22');
INSERT INTO `users_communities` (`user_id`, `community_id`) VALUES ('18', '69');
INSERT INTO `users_communities` (`user_id`, `community_id`) VALUES ('19', '74');
INSERT INTO `users_communities` (`user_id`, `community_id`) VALUES ('20', '1');
INSERT INTO `users_communities` (`user_id`, `community_id`) VALUES ('22', '91');
INSERT INTO `users_communities` (`user_id`, `community_id`) VALUES ('25', '80');
INSERT INTO `users_communities` (`user_id`, `community_id`) VALUES ('26', '70');
INSERT INTO `users_communities` (`user_id`, `community_id`) VALUES ('27', '82');
INSERT INTO `users_communities` (`user_id`, `community_id`) VALUES ('28', '84');
INSERT INTO `users_communities` (`user_id`, `community_id`) VALUES ('30', '20');
INSERT INTO `users_communities` (`user_id`, `community_id`) VALUES ('31', '31');
INSERT INTO `users_communities` (`user_id`, `community_id`) VALUES ('32', '9');
INSERT INTO `users_communities` (`user_id`, `community_id`) VALUES ('32', '40');
INSERT INTO `users_communities` (`user_id`, `community_id`) VALUES ('32', '51');
INSERT INTO `users_communities` (`user_id`, `community_id`) VALUES ('33', '10');
INSERT INTO `users_communities` (`user_id`, `community_id`) VALUES ('34', '3');
INSERT INTO `users_communities` (`user_id`, `community_id`) VALUES ('34', '98');
INSERT INTO `users_communities` (`user_id`, `community_id`) VALUES ('35', '53');
INSERT INTO `users_communities` (`user_id`, `community_id`) VALUES ('37', '72');
INSERT INTO `users_communities` (`user_id`, `community_id`) VALUES ('38', '10');
INSERT INTO `users_communities` (`user_id`, `community_id`) VALUES ('39', '5');
INSERT INTO `users_communities` (`user_id`, `community_id`) VALUES ('39', '90');
INSERT INTO `users_communities` (`user_id`, `community_id`) VALUES ('40', '6');
INSERT INTO `users_communities` (`user_id`, `community_id`) VALUES ('40', '65');
INSERT INTO `users_communities` (`user_id`, `community_id`) VALUES ('41', '3');
INSERT INTO `users_communities` (`user_id`, `community_id`) VALUES ('48', '98');
INSERT INTO `users_communities` (`user_id`, `community_id`) VALUES ('49', '36');
INSERT INTO `users_communities` (`user_id`, `community_id`) VALUES ('49', '41');
INSERT INTO `users_communities` (`user_id`, `community_id`) VALUES ('50', '94');
INSERT INTO `users_communities` (`user_id`, `community_id`) VALUES ('51', '71');
INSERT INTO `users_communities` (`user_id`, `community_id`) VALUES ('53', '59');
INSERT INTO `users_communities` (`user_id`, `community_id`) VALUES ('54', '31');
INSERT INTO `users_communities` (`user_id`, `community_id`) VALUES ('54', '53');
INSERT INTO `users_communities` (`user_id`, `community_id`) VALUES ('54', '86');
INSERT INTO `users_communities` (`user_id`, `community_id`) VALUES ('55', '51');
INSERT INTO `users_communities` (`user_id`, `community_id`) VALUES ('56', '38');
INSERT INTO `users_communities` (`user_id`, `community_id`) VALUES ('58', '25');
INSERT INTO `users_communities` (`user_id`, `community_id`) VALUES ('59', '37');
INSERT INTO `users_communities` (`user_id`, `community_id`) VALUES ('59', '51');
INSERT INTO `users_communities` (`user_id`, `community_id`) VALUES ('59', '100');
INSERT INTO `users_communities` (`user_id`, `community_id`) VALUES ('60', '81');
INSERT INTO `users_communities` (`user_id`, `community_id`) VALUES ('61', '69');
INSERT INTO `users_communities` (`user_id`, `community_id`) VALUES ('62', '64');
INSERT INTO `users_communities` (`user_id`, `community_id`) VALUES ('63', '27');
INSERT INTO `users_communities` (`user_id`, `community_id`) VALUES ('63', '34');
INSERT INTO `users_communities` (`user_id`, `community_id`) VALUES ('63', '43');
INSERT INTO `users_communities` (`user_id`, `community_id`) VALUES ('63', '54');
INSERT INTO `users_communities` (`user_id`, `community_id`) VALUES ('64', '47');
INSERT INTO `users_communities` (`user_id`, `community_id`) VALUES ('64', '80');
INSERT INTO `users_communities` (`user_id`, `community_id`) VALUES ('66', '82');
INSERT INTO `users_communities` (`user_id`, `community_id`) VALUES ('66', '98');
INSERT INTO `users_communities` (`user_id`, `community_id`) VALUES ('68', '62');
INSERT INTO `users_communities` (`user_id`, `community_id`) VALUES ('68', '91');
INSERT INTO `users_communities` (`user_id`, `community_id`) VALUES ('70', '78');
INSERT INTO `users_communities` (`user_id`, `community_id`) VALUES ('72', '17');
INSERT INTO `users_communities` (`user_id`, `community_id`) VALUES ('73', '48');
INSERT INTO `users_communities` (`user_id`, `community_id`) VALUES ('74', '9');
INSERT INTO `users_communities` (`user_id`, `community_id`) VALUES ('76', '2');
INSERT INTO `users_communities` (`user_id`, `community_id`) VALUES ('76', '63');
INSERT INTO `users_communities` (`user_id`, `community_id`) VALUES ('76', '64');
INSERT INTO `users_communities` (`user_id`, `community_id`) VALUES ('78', '50');
INSERT INTO `users_communities` (`user_id`, `community_id`) VALUES ('78', '64');
INSERT INTO `users_communities` (`user_id`, `community_id`) VALUES ('78', '76');
INSERT INTO `users_communities` (`user_id`, `community_id`) VALUES ('80', '28');
INSERT INTO `users_communities` (`user_id`, `community_id`) VALUES ('80', '43');
INSERT INTO `users_communities` (`user_id`, `community_id`) VALUES ('85', '63');
INSERT INTO `users_communities` (`user_id`, `community_id`) VALUES ('85', '76');
INSERT INTO `users_communities` (`user_id`, `community_id`) VALUES ('86', '97');
INSERT INTO `users_communities` (`user_id`, `community_id`) VALUES ('87', '8');
INSERT INTO `users_communities` (`user_id`, `community_id`) VALUES ('87', '58');
INSERT INTO `users_communities` (`user_id`, `community_id`) VALUES ('89', '63');
INSERT INTO `users_communities` (`user_id`, `community_id`) VALUES ('89', '70');
INSERT INTO `users_communities` (`user_id`, `community_id`) VALUES ('91', '76');
INSERT INTO `users_communities` (`user_id`, `community_id`) VALUES ('92', '16');
INSERT INTO `users_communities` (`user_id`, `community_id`) VALUES ('92', '17');
INSERT INTO `users_communities` (`user_id`, `community_id`) VALUES ('93', '51');
INSERT INTO `users_communities` (`user_id`, `community_id`) VALUES ('95', '65');
INSERT INTO `users_communities` (`user_id`, `community_id`) VALUES ('96', '76');
INSERT INTO `users_communities` (`user_id`, `community_id`) VALUES ('96', '78');
INSERT INTO `users_communities` (`user_id`, `community_id`) VALUES ('100', '4');
INSERT INTO `users_communities` (`user_id`, `community_id`) VALUES ('100', '6');


